/****************************************************************************
** Resource object code
**
** Created by: The Resource Compiler for Qt version 6.10.2
**
** WARNING! All changes made in this file will be lost!
*****************************************************************************/

#ifdef _MSC_VER
// disable informational message "function ... selected for automatic inline expansion"
#pragma warning (disable: 4711)
#endif

static const unsigned char qt_resource_data[] = {
  // OpenSansSemibold.ttf
  0x0,0x0,0xa7,0xc8,
  0x0,
  0x1,0x0,0x0,0x0,0x12,0x1,0x0,0x0,0x4,0x0,0x20,0x46,0x46,0x54,0x4d,0x5f,
  0x72,0xd9,0xc5,0x0,0x0,0xa7,0xac,0x0,0x0,0x0,0x1c,0x47,0x44,0x45,0x46,0x1,
  0x73,0x0,0x3,0x0,0x0,0x9b,0x18,0x0,0x0,0x0,0x20,0x47,0x50,0x4f,0x53,0x23,
  0xa4,0x23,0xdb,0x0,0x0,0x9b,0xcc,0x0,0x0,0xb,0xde,0x47,0x53,0x55,0x42,0x96,
  0x95,0x8f,0x1d,0x0,0x0,0x9b,0x38,0x0,0x0,0x0,0x94,0x4f,0x53,0x2f,0x32,0xa2,
  0xd,0xb9,0xc1,0x0,0x0,0x1,0xa8,0x0,0x0,0x0,0x60,0x63,0x6d,0x61,0x70,0xea,
  0x94,0xe1,0xfd,0x0,0x0,0x7,0x20,0x0,0x0,0x2,0xde,0x63,0x76,0x74,0x20,0x10,
  0x91,0x1a,0x34,0x0,0x0,0x12,0xcc,0x0,0x0,0x0,0xa6,0x66,0x70,0x67,0x6d,0x7e,
  0x61,0xb6,0x11,0x0,0x0,0xa,0x0,0x0,0x0,0x7,0xb4,0x67,0x61,0x73,0x70,0x0,
  0x8,0x0,0x1b,0x0,0x0,0x9b,0xc,0x0,0x0,0x0,0xc,0x67,0x6c,0x79,0x66,0x98,
  0x9a,0x5d,0x37,0x0,0x0,0x16,0x4,0x0,0x0,0x7b,0x7c,0x68,0x65,0x61,0x64,0x6,
  0xda,0xe9,0xd8,0x0,0x0,0x1,0x2c,0x0,0x0,0x0,0x36,0x68,0x68,0x65,0x61,0xf,
  0x69,0x6,0x0,0x0,0x0,0x1,0x64,0x0,0x0,0x0,0x24,0x68,0x6d,0x74,0x78,0xfb,
  0x11,0x80,0x17,0x0,0x0,0x2,0x8,0x0,0x0,0x5,0x18,0x6c,0x6f,0x63,0x61,0x45,
  0xd9,0x28,0x70,0x0,0x0,0x13,0x74,0x0,0x0,0x2,0x8e,0x6d,0x61,0x78,0x70,0x2,
  0xc2,0x1,0x3f,0x0,0x0,0x1,0x88,0x0,0x0,0x0,0x20,0x6e,0x61,0x6d,0x65,0x52,
  0xb2,0xad,0xb6,0x0,0x0,0x91,0x80,0x0,0x0,0x2,0x8e,0x70,0x6f,0x73,0x74,0xd6,
  0x46,0xdc,0xb3,0x0,0x0,0x94,0x10,0x0,0x0,0x6,0xfb,0x70,0x72,0x65,0x70,0x78,
  0xac,0x9b,0x6e,0x0,0x0,0x11,0xb4,0x0,0x0,0x1,0x18,0x0,0x1,0x0,0x0,0x0,
  0x1,0x19,0x9a,0x51,0xc5,0x47,0x2f,0x5f,0xf,0x3c,0xf5,0x0,0x1f,0x8,0x0,0x0,
  0x0,0x0,0x0,0xd0,0x66,0xc2,0xdb,0x0,0x0,0x0,0x0,0xd0,0x66,0xc2,0xdb,0xfe,
  0x77,0xfe,0x14,0x8,0x62,0x7,0x77,0x0,0x1,0x0,0x8,0x0,0x2,0x0,0x0,0x0,
  0x0,0x0,0x0,0x0,0x1,0x0,0x0,0x8,0x8d,0xfd,0xa8,0x0,0x0,0x8,0x96,0xfe,
  0x77,0xfe,0x7b,0x8,0x62,0x0,0x1,0x0,0x0,0x0,0x0,0x0,0x0,0x0,0x0,0x0,
  0x0,0x0,0x0,0x0,0x0,0x1,0x46,0x0,0x1,0x0,0x0,0x1,0x46,0x0,0x44,0x0,
  0x5,0x0,0x3f,0x0,0x4,0x0,0x2,0x0,0x10,0x0,0x2f,0x0,0x5c,0x0,0x0,0x1,
  0x3,0x0,0x8a,0x0,0x3,0x0,0x1,0x0,0x3,0x4,0xb1,0x2,0x58,0x0,0x5,0x0,
  0x8,0x5,0x9a,0x5,0x33,0x0,0x0,0x1,0x1f,0x5,0x9a,0x5,0x33,0x0,0x0,0x3,
  0xd1,0x0,0x66,0x1,0xf6,0x0,0x0,0x2,0xb,0x7,0x6,0x3,0x8,0x4,0x2,0x2,
  0x4,0xe0,0x0,0x2,0xef,0x40,0x0,0x20,0x5b,0x0,0x0,0x0,0x28,0x0,0x0,0x0,
  0x0,0x31,0x41,0x53,0x43,0x0,0x20,0x0,0x20,0x22,0x12,0x6,0x1f,0xfe,0x14,0x0,
  0x84,0x8,0x8d,0x2,0x58,0x20,0x0,0x1,0x9f,0x0,0x0,0x0,0x0,0x4,0x52,0x5,
  0xb6,0x0,0x0,0x0,0x20,0x0,0x3,0x4,0xcd,0x0,0xc1,0x0,0x0,0x0,0x0,0x4,
  0x14,0x0,0x0,0x2,0x14,0x0,0x0,0x2,0x35,0x0,0x85,0x3,0x7d,0x0,0x85,0x5,
  0x2b,0x0,0x2f,0x4,0x91,0x0,0x6f,0x6,0xe5,0x0,0x54,0x5,0xec,0x0,0x60,0x1,
  0xf2,0x0,0x85,0x2,0x89,0x0,0x52,0x2,0x89,0x0,0x3d,0x4,0x62,0x0,0x4a,0x4,
  0x91,0x0,0x60,0x2,0x23,0x0,0x3f,0x2,0x93,0x0,0x48,0x2,0x33,0x0,0x85,0x3,
  0x1f,0x0,0x10,0x4,0x91,0x0,0x58,0x4,0x91,0x0,0x9a,0x4,0x91,0x0,0x5a,0x4,
  0x91,0x0,0x56,0x4,0x91,0x0,0x27,0x4,0x91,0x0,0x75,0x4,0x91,0x0,0x5e,0x4,
  0x91,0x0,0x4a,0x4,0x91,0x0,0x58,0x4,0x91,0x0,0x56,0x2,0x33,0x0,0x85,0x2,
  0x39,0x0,0x3f,0x4,0x91,0x0,0x60,0x4,0x91,0x0,0x66,0x4,0x91,0x0,0x60,0x3,
  0xa0,0x0,0x10,0x7,0x2f,0x0,0x6f,0x5,0x4a,0x0,0x0,0x5,0x48,0x0,0xc1,0x5,
  0x12,0x0,0x79,0x5,0xdf,0x0,0xc1,0x4,0x77,0x0,0xc1,0x4,0x42,0x0,0xc1,0x5,
  0xcf,0x0,0x79,0x6,0x2,0x0,0xc1,0x2,0x71,0x0,0xc1,0x2,0x64,0xff,0x64,0x5,
  0x1d,0x0,0xc1,0x4,0x56,0x0,0xc1,0x7,0x62,0x0,0xc1,0x6,0x44,0x0,0xc1,0x6,
  0x4c,0x0,0x79,0x4,0xec,0x0,0xc1,0x6,0x4c,0x0,0x79,0x5,0x1d,0x0,0xc1,0x4,
  0x66,0x0,0x64,0x4,0x87,0x0,0x1d,0x5,0xf0,0x0,0xb4,0x4,0xfa,0x0,0x0,0x7,
  0x91,0x0,0xc,0x4,0xfa,0x0,0x4,0x4,0xbc,0x0,0x0,0x4,0x9a,0x0,0x42,0x2,
  0xa4,0x0,0x9a,0x3,0x1f,0x0,0x10,0x2,0xa4,0x0,0x33,0x4,0x4c,0x0,0x1d,0x3,
  0x6f,0xff,0xfc,0x4,0xbc,0x1,0x6a,0x4,0xa4,0x0,0x5a,0x4,0xfc,0x0,0xa8,0x3,
  0xf6,0x0,0x66,0x4,0xfc,0x0,0x66,0x4,0x9c,0x0,0x66,0x2,0xe7,0x0,0x23,0x4,
  0x73,0x0,0x17,0x5,0x14,0x0,0xa8,0x2,0x3b,0x0,0x9a,0x2,0x3b,0xff,0x87,0x4,
  0x93,0x0,0xa8,0x2,0x3b,0x0,0xa8,0x7,0xa6,0x0,0xa8,0x5,0x14,0x0,0xa8,0x4,
  0xe3,0x0,0x66,0x4,0xfc,0x0,0xa8,0x4,0xfc,0x0,0x66,0x3,0x73,0x0,0xa8,0x3,
  0xe5,0x0,0x62,0x3,0x25,0x0,0x27,0x5,0x14,0x0,0x9e,0x4,0x48,0x0,0x0,0x6,
  0x89,0x0,0x14,0x4,0x68,0x0,0x19,0x4,0x4a,0x0,0x0,0x3,0xd3,0x0,0x44,0x3,
  0x17,0x0,0x2d,0x4,0x68,0x1,0xd9,0x2,0xf8,0x0,0x2d,0x4,0x91,0x0,0x60,0x2,
  0x14,0x0,0x0,0x2,0x35,0x0,0x85,0x4,0x91,0x0,0xa6,0x4,0x91,0x0,0x48,0x4,
  0x91,0x0,0x75,0x4,0x91,0x0,0x12,0x4,0x68,0x1,0xd9,0x4,0x2,0x0,0x73,0x4,
  0xbc,0x1,0x25,0x6,0xa8,0x0,0x64,0x2,0xf2,0x0,0x39,0x4,0x73,0x0,0x52,0x4,
  0x91,0x0,0x60,0x2,0x93,0x0,0x48,0x6,0xa8,0x0,0x64,0x4,0x0,0xff,0xfa,0x3,
  0x6d,0x0,0x6d,0x4,0x91,0x0,0x60,0x2,0xe7,0x0,0x33,0x2,0xe7,0x0,0x2d,0x4,
  0xbc,0x1,0x6a,0x5,0x1d,0x0,0xa8,0x5,0x3d,0x0,0x71,0x2,0x33,0x0,0x85,0x1,
  0xba,0x0,0x0,0x2,0xe7,0x0,0x54,0x3,0xc,0x0,0x3d,0x4,0x73,0x0,0x50,0x6,
  0xa4,0x0,0x3c,0x6,0xa4,0x0,0x2e,0x6,0xa4,0x0,0x37,0x3,0xa0,0x0,0x37,0x5,
  0x4a,0x0,0x0,0x5,0x4a,0x0,0x0,0x5,0x4a,0x0,0x0,0x5,0x4a,0x0,0x0,0x5,
  0x4a,0x0,0x0,0x5,0x4a,0x0,0x0,0x7,0x4c,0xff,0xfe,0x5,0x12,0x0,0x79,0x4,
  0x77,0x0,0xc1,0x4,0x77,0x0,0xc1,0x4,0x77,0x0,0xc1,0x4,0x77,0x0,0xc1,0x2,
  0x71,0xff,0xfa,0x2,0x71,0x0,0xb3,0x2,0x71,0xff,0xb5,0x2,0x71,0x0,0x1,0x5,
  0xd9,0x0,0x2f,0x6,0x44,0x0,0xc1,0x6,0x4c,0x0,0x79,0x6,0x4c,0x0,0x79,0x6,
  0x4c,0x0,0x79,0x6,0x4c,0x0,0x79,0x6,0x4c,0x0,0x79,0x4,0x91,0x0,0x83,0x6,
  0x4c,0x0,0x79,0x5,0xf0,0x0,0xb4,0x5,0xf0,0x0,0xb4,0x5,0xf0,0x0,0xb4,0x5,
  0xf0,0x0,0xb4,0x4,0xbc,0x0,0x0,0x4,0xf4,0x0,0xc1,0x5,0x54,0x0,0xa8,0x4,
  0xa4,0x0,0x5a,0x4,0xa4,0x0,0x5a,0x4,0xa4,0x0,0x5a,0x4,0xa4,0x0,0x5a,0x4,
  0xa4,0x0,0x5a,0x4,0xa4,0x0,0x5a,0x7,0x19,0x0,0x5a,0x3,0xf6,0x0,0x66,0x4,
  0x9c,0x0,0x66,0x4,0x9c,0x0,0x66,0x4,0x9c,0x0,0x66,0x4,0x9c,0x0,0x66,0x2,
  0x3b,0xff,0xbb,0x2,0x3b,0x0,0x9c,0x2,0x3b,0xff,0x9c,0x2,0x3b,0xff,0xe7,0x4,
  0xdb,0x0,0x66,0x5,0x14,0x0,0xa8,0x4,0xe3,0x0,0x66,0x4,0xe3,0x0,0x66,0x4,
  0xe3,0x0,0x66,0x4,0xe3,0x0,0x66,0x4,0xe3,0x0,0x66,0x4,0x91,0x0,0x60,0x4,
  0xe3,0x0,0x66,0x5,0x14,0x0,0x9e,0x5,0x14,0x0,0x9e,0x5,0x14,0x0,0x9e,0x5,
  0x14,0x0,0x9e,0x4,0x4a,0x0,0x0,0x4,0xfc,0x0,0xa8,0x4,0x4a,0x0,0x0,0x2,
  0x3b,0x0,0xa8,0x7,0x96,0x0,0x79,0x7,0xae,0x0,0x66,0x4,0xcb,0x0,0xe3,0x4,
  0x9e,0x1,0x60,0x4,0xcb,0x0,0xec,0x4,0x77,0x0,0xc1,0x4,0x77,0x0,0xc1,0x6,
  0x27,0x0,0x1d,0x4,0x52,0x0,0xc1,0x5,0x44,0x0,0x79,0x4,0x66,0x0,0x64,0x2,
  0x71,0x0,0xc1,0x2,0x71,0x0,0x1,0x2,0x64,0xff,0x64,0x7,0xb6,0x0,0x8,0x7,
  0xd1,0x0,0xc1,0x6,0x27,0x0,0x1d,0x5,0x23,0x0,0xc1,0x6,0x56,0x0,0xc1,0x5,
  0x19,0x0,0xc,0x5,0xe5,0x0,0xc1,0x5,0x4a,0x0,0x0,0x5,0x0,0x0,0xc1,0x5,
  0x48,0x0,0xc1,0x4,0x52,0x0,0xc1,0x5,0xc9,0x0,0xc,0x4,0x77,0x0,0xc1,0x7,
  0x25,0x0,0x0,0x4,0xe9,0x0,0x58,0x6,0x56,0x0,0xc1,0x6,0x56,0x0,0xc1,0x5,
  0x23,0x0,0xc1,0x5,0xcb,0x0,0x8,0x7,0x62,0x0,0xc1,0x6,0x2,0x0,0xc1,0x6,
  0x4c,0x0,0x79,0x5,0xe5,0x0,0xc1,0x4,0xec,0x0,0xc1,0x5,0x12,0x0,0x79,0x4,
  0x87,0x0,0x1d,0x5,0x19,0x0,0xc,0x6,0xa2,0x0,0x62,0x4,0xfa,0x0,0x4,0x6,
  0x12,0x0,0xc1,0x5,0xb0,0x0,0x8b,0x8,0x71,0x0,0xc1,0x8,0x96,0x0,0xc1,0x5,
  0xa8,0x0,0x8,0x7,0x8,0x0,0xc1,0x5,0x1f,0x0,0xc1,0x5,0x2b,0x0,0x42,0x8,
  0x7b,0x0,0xc1,0x5,0x33,0x0,0x14,0x4,0xa4,0x0,0x5a,0x4,0xdf,0x0,0x68,0x4,
  0xd5,0x0,0xa8,0x3,0xa0,0x0,0xa8,0x4,0xf2,0x0,0x23,0x4,0x9c,0x0,0x66,0x6,
  0x6f,0x0,0x2,0x4,0x27,0x0,0x48,0x5,0x6a,0x0,0xa8,0x5,0x6a,0x0,0xa8,0x4,
  0x8d,0x0,0xa8,0x4,0xdd,0x0,0x8,0x6,0x50,0x0,0xa8,0x5,0x2f,0x0,0xa8,0x4,
  0xe3,0x0,0x66,0x5,0x17,0x0,0xa8,0x4,0xfc,0x0,0xa8,0x3,0xf6,0x0,0x66,0x4,
  0x14,0x0,0x2b,0x4,0x4a,0x0,0x0,0x6,0x1d,0x0,0x66,0x4,0x68,0x0,0x19,0x5,
  0x42,0x0,0xa8,0x5,0xe,0x0,0x8b,0x7,0x6f,0x0,0xa8,0x7,0x87,0x0,0xa8,0x5,
  0x9e,0x0,0x14,0x6,0x7b,0x0,0xa8,0x4,0xd3,0x0,0xa8,0x4,0x4,0x0,0x42,0x6,
  0xd5,0x0,0xa8,0x4,0x98,0x0,0x12,0x4,0x9c,0x0,0x66,0x4,0x9c,0x0,0x66,0x5,
  0x14,0x0,0xc,0x3,0xa0,0x0,0xa8,0x4,0x10,0x0,0x66,0x3,0xe5,0x0,0x62,0x2,
  0x3b,0x0,0x9a,0x2,0x3b,0xff,0xe9,0x2,0x3b,0xff,0x87,0x6,0xe5,0x0,0x8,0x7,
  0x19,0x0,0xa8,0x5,0x14,0x0,0xc,0x4,0x8d,0x0,0xa8,0x5,0x6a,0x0,0xa8,0x4,
  0x4a,0x0,0x0,0x5,0x2b,0x0,0xa8,0x4,0x6f,0x0,0xc1,0x3,0xc3,0x0,0xa8,0x4,
  0xbc,0x0,0x0,0x4,0x4c,0x0,0x0,0x4,0x0,0x0,0x52,0x8,0x0,0x0,0x52,0x1,
  0x8b,0x0,0x19,0x1,0x8b,0x0,0x19,0x2,0x25,0x0,0x3f,0x3,0x2d,0x0,0x19,0x3,
  0x2d,0x0,0x19,0x3,0xb0,0x0,0x2b,0x3,0x2,0x0,0x83,0x2,0xb0,0x0,0x52,0x2,
  0xb0,0x0,0x50,0x1,0xa,0xfe,0x77,0x2,0xe7,0x0,0x10,0x4,0xa4,0x0,0x3f,0x8,
  0x2f,0x0,0xa8,0x4,0x91,0x0,0x60,0x0,0x0,0x0,0x0,0x4,0x52,0x0,0xc1,0x5,
  0xe5,0x0,0xc1,0x6,0xa2,0x0,0x62,0x5,0x23,0x0,0x23,0x5,0x23,0x0,0x23,0x4,
  0x9e,0x0,0xa2,0x8,0xa,0x0,0x23,0x8,0xa,0x0,0x23,0x5,0xcf,0x0,0x23,0x0,
  0x0,0x0,0x3,0x0,0x0,0x0,0x3,0x0,0x0,0x0,0x1c,0x0,0x1,0x0,0x0,0x0,
  0x0,0x0,0xd4,0x0,0x3,0x0,0x1,0x0,0x0,0x0,0x1c,0x0,0x4,0x0,0xb8,0x0,
  0x0,0x0,0x2a,0x0,0x20,0x0,0x4,0x0,0xa,0x0,0x7e,0x0,0xff,0x1,0x31,0x1,
  0x53,0x2,0xc6,0x2,0xda,0x2,0xdc,0x4,0x5f,0x4,0x91,0x4,0xb1,0x20,0x14,0x20,
  0x1a,0x20,0x1e,0x20,0x22,0x20,0x3a,0x20,0x44,0x20,0x74,0x20,0xac,0x21,0x16,0x22,
  0x12,0xff,0xff,0x0,0x0,0x0,0x20,0x0,0xa0,0x1,0x31,0x1,0x52,0x2,0xc6,0x2,
  0xda,0x2,0xdc,0x4,0x0,0x4,0x90,0x4,0xb0,0x20,0x13,0x20,0x18,0x20,0x1c,0x20,
  0x22,0x20,0x39,0x20,0x44,0x20,0x74,0x20,0xac,0x21,0x16,0x22,0x12,0xff,0xff,0xff,
  0xe3,0xff,0xc2,0xff,0x91,0xff,0x71,0xfd,0xff,0xfd,0xec,0xfd,0xeb,0xfc,0xc8,0xfc,
  0x98,0xfc,0x7a,0xe1,0x19,0xe1,0x16,0xe1,0x15,0xe1,0x12,0xe0,0xfc,0xe0,0xf3,0xe0,
  0xc4,0xe0,0x8d,0xe0,0x24,0xdf,0x29,0x0,0x1,0x0,0x0,0x0,0x0,0x0,0x0,0x0,
  0x0,0x0,0x0,0x0,0x0,0x0,0x0,0x0,0x0,0x0,0x0,0x0,0x0,0x0,0x0,0x0,
  0x0,0x0,0x0,0x0,0x0,0x0,0x0,0x0,0x0,0x0,0x0,0x0,0x0,0x0,0x0,0x0,
  0x0,0x0,0x0,0x0,0x6,0x2,0xa,0x0,0x0,0x0,0x0,0x1,0x0,0x0,0x1,0x0,
  0x0,0x0,0x0,0x0,0x0,0x0,0x0,0x0,0x0,0x0,0x0,0x0,0x0,0x0,0x1,0x0,
  0x2,0x0,0x0,0x0,0x0,0x0,0x0,0x0,0x2,0x0,0x0,0x0,0x0,0x0,0x0,0x0,
  0x0,0x0,0x0,0x0,0x0,0x0,0x0,0x0,0x0,0x0,0x0,0x0,0x0,0x0,0x0,0x0,
  0x0,0x0,0x0,0x0,0x0,0x0,0x0,0x0,0x1,0x0,0x0,0x0,0x0,0x0,0x3,0x0,
  0x4,0x0,0x5,0x0,0x6,0x0,0x7,0x0,0x8,0x0,0x9,0x0,0xa,0x0,0xb,0x0,
  0xc,0x0,0xd,0x0,0xe,0x0,0xf,0x0,0x10,0x0,0x11,0x0,0x12,0x0,0x13,0x0,
  0x14,0x0,0x15,0x0,0x16,0x0,0x17,0x0,0x18,0x0,0x19,0x0,0x1a,0x0,0x1b,0x0,
  0x1c,0x0,0x1d,0x0,0x1e,0x0,0x1f,0x0,0x20,0x0,0x21,0x0,0x22,0x0,0x23,0x0,
  0x24,0x0,0x25,0x0,0x26,0x0,0x27,0x0,0x28,0x0,0x29,0x0,0x2a,0x0,0x2b,0x0,
  0x2c,0x0,0x2d,0x0,0x2e,0x0,0x2f,0x0,0x30,0x0,0x31,0x0,0x32,0x0,0x33,0x0,
  0x34,0x0,0x35,0x0,0x36,0x0,0x37,0x0,0x38,0x0,0x39,0x0,0x3a,0x0,0x3b,0x0,
  0x3c,0x0,0x3d,0x0,0x3e,0x0,0x3f,0x0,0x40,0x0,0x41,0x0,0x42,0x0,0x43,0x0,
  0x44,0x0,0x45,0x0,0x46,0x0,0x47,0x0,0x48,0x0,0x49,0x0,0x4a,0x0,0x4b,0x0,
  0x4c,0x0,0x4d,0x0,0x4e,0x0,0x4f,0x0,0x50,0x0,0x51,0x0,0x52,0x0,0x53,0x0,
  0x54,0x0,0x55,0x0,0x56,0x0,0x57,0x0,0x58,0x0,0x59,0x0,0x5a,0x0,0x5b,0x0,
  0x5c,0x0,0x5d,0x0,0x5e,0x0,0x5f,0x0,0x60,0x0,0x61,0x0,0x0,0x0,0x86,0x0,
  0x87,0x0,0x89,0x0,0x8b,0x0,0x93,0x0,0x98,0x0,0x9e,0x0,0xa3,0x0,0xa2,0x0,
  0xa4,0x0,0xa6,0x0,0xa5,0x0,0xa7,0x0,0xa9,0x0,0xab,0x0,0xaa,0x0,0xac,0x0,
  0xad,0x0,0xaf,0x0,0xae,0x0,0xb0,0x0,0xb1,0x0,0xb3,0x0,0xb5,0x0,0xb4,0x0,
  0xb6,0x0,0xb8,0x0,0xb7,0x0,0xbc,0x0,0xbb,0x0,0xbd,0x0,0xbe,0x0,0x0,0x0,
  0x72,0x0,0x64,0x0,0x65,0x0,0x69,0x1,0x34,0x0,0x78,0x0,0xa1,0x0,0x70,0x0,
  0x6b,0x0,0x0,0x0,0x76,0x0,0x6a,0x0,0x0,0x0,0x88,0x0,0x9a,0x0,0x0,0x0,
  0x73,0x0,0x0,0x0,0x0,0x0,0x67,0x0,0x77,0x0,0x0,0x0,0x0,0x0,0x0,0x0,
  0x0,0x0,0x0,0x0,0x6c,0x0,0x7c,0x0,0x0,0x0,0xa8,0x0,0xba,0x0,0x81,0x0,
  0x63,0x0,0x6e,0x0,0x0,0x0,0x0,0x0,0x0,0x0,0x0,0x0,0x6d,0x0,0x7d,0x0,
  0x0,0x0,0x62,0x0,0x82,0x0,0x85,0x0,0x97,0x0,0xc3,0x0,0xc4,0x1,0x2c,0x1,
  0x2d,0x1,0x31,0x1,0x32,0x1,0x2e,0x1,0x2f,0x0,0xb9,0x0,0x0,0x0,0xc1,0x0,
  0x0,0x1,0x37,0x1,0x39,0x1,0x35,0x1,0x36,0x0,0x0,0x0,0x0,0x0,0x0,0x0,
  0x79,0x1,0x30,0x1,0x33,0x0,0x0,0x0,0x84,0x0,0x8c,0x0,0x83,0x0,0x8d,0x0,
  0x8a,0x0,0x8f,0x0,0x90,0x0,0x91,0x0,0x8e,0x0,0x95,0x0,0x96,0x0,0x0,0x0,
  0x94,0x0,0x9c,0x0,0x9d,0x0,0x9b,0x0,0xc2,0x0,0xc5,0x0,0xc7,0x0,0x71,0x0,
  0x0,0x0,0x0,0x0,0xc6,0x0,0x7a,0x0,0x0,0x0,0x0,0x0,0x0,0x0,0x0,0x40,
  0x47,0x5b,0x5a,0x59,0x58,0x55,0x54,0x53,0x52,0x51,0x50,0x4f,0x4e,0x4d,0x4c,0x4b,
  0x4a,0x49,0x48,0x47,0x46,0x45,0x44,0x43,0x42,0x41,0x40,0x3f,0x3e,0x3d,0x3c,0x3b,
  0x3a,0x39,0x38,0x37,0x36,0x35,0x31,0x30,0x2f,0x2e,0x2d,0x2c,0x28,0x27,0x26,0x25,
  0x24,0x23,0x22,0x21,0x1f,0x18,0x14,0x11,0x10,0xf,0xe,0xd,0xb,0xa,0x9,0x8,
  0x7,0x6,0x5,0x4,0x3,0x2,0x1,0x0,0x2c,0x20,0xb0,0x1,0x60,0x45,0xb0,0x3,
  0x25,0x20,0x11,0x46,0x61,0x23,0x45,0x23,0x61,0x48,0x2d,0x2c,0x20,0x45,0x18,0x68,
  0x44,0x2d,0x2c,0x45,0x23,0x46,0x60,0xb0,0x20,0x61,0x20,0xb0,0x46,0x60,0xb0,0x4,
  0x26,0x23,0x48,0x48,0x2d,0x2c,0x45,0x23,0x46,0x23,0x61,0xb0,0x20,0x60,0x20,0xb0,
  0x26,0x61,0xb0,0x20,0x61,0xb0,0x4,0x26,0x23,0x48,0x48,0x2d,0x2c,0x45,0x23,0x46,
  0x60,0xb0,0x40,0x61,0x20,0xb0,0x66,0x60,0xb0,0x4,0x26,0x23,0x48,0x48,0x2d,0x2c,
  0x45,0x23,0x46,0x23,0x61,0xb0,0x40,0x60,0x20,0xb0,0x26,0x61,0xb0,0x40,0x61,0xb0,
  0x4,0x26,0x23,0x48,0x48,0x2d,0x2c,0x1,0x10,0x20,0x3c,0x0,0x3c,0x2d,0x2c,0x20,
  0x45,0x23,0x20,0xb0,0xcd,0x44,0x23,0x20,0xb8,0x1,0x5a,0x51,0x58,0x23,0x20,0xb0,
  0x8d,0x44,0x23,0x59,0x20,0xb0,0xed,0x51,0x58,0x23,0x20,0xb0,0x4d,0x44,0x23,0x59,
  0x20,0xb0,0x4,0x26,0x51,0x58,0x23,0x20,0xb0,0xd,0x44,0x23,0x59,0x21,0x21,0x2d,
  0x2c,0x20,0x20,0x45,0x18,0x68,0x44,0x20,0xb0,0x1,0x60,0x20,0x45,0xb0,0x46,0x76,
  0x68,0x8a,0x45,0x60,0x44,0x2d,0x2c,0x1,0xb1,0xb,0xa,0x43,0x23,0x43,0x65,0xa,
  0x2d,0x2c,0x0,0xb1,0xa,0xb,0x43,0x23,0x43,0xb,0x2d,0x2c,0x0,0xb0,0x28,0x23,
  0x70,0xb1,0x1,0x28,0x3e,0x1,0xb0,0x28,0x23,0x70,0xb1,0x2,0x28,0x45,0x3a,0xb1,
  0x2,0x0,0x8,0xd,0x2d,0x2c,0x20,0x45,0xb0,0x3,0x25,0x45,0x61,0x64,0xb0,0x50,
  0x51,0x58,0x45,0x44,0x1b,0x21,0x21,0x59,0x2d,0x2c,0x49,0xb0,0xe,0x23,0x44,0x2d,
  0x2c,0x20,0x45,0xb0,0x0,0x43,0x60,0x44,0x2d,0x2c,0x1,0xb0,0x6,0x43,0xb0,0x7,
  0x43,0x65,0xa,0x2d,0x2c,0x20,0x69,0xb0,0x40,0x61,0xb0,0x0,0x8b,0x20,0xb1,0x2c,
  0xc0,0x8a,0x8c,0xb8,0x10,0x0,0x62,0x60,0x2b,0xc,0x64,0x23,0x64,0x61,0x5c,0x58,
  0xb0,0x3,0x61,0x59,0x2d,0x2c,0x8a,0x3,0x45,0x8a,0x8a,0x87,0xb0,0x11,0x2b,0xb0,
  0x29,0x23,0x44,0xb0,0x29,0x7a,0xe4,0x18,0x2d,0x2c,0x45,0x65,0xb0,0x2c,0x23,0x44,
  0x45,0xb0,0x2b,0x23,0x44,0x2d,0x2c,0x4b,0x52,0x58,0x45,0x44,0x1b,0x21,0x21,0x59,
  0x2d,0x2c,0x4b,0x51,0x58,0x45,0x44,0x1b,0x21,0x21,0x59,0x2d,0x2c,0x1,0xb0,0x5,
  0x25,0x10,0x23,0x20,0x8a,0xf5,0x0,0xb0,0x1,0x60,0x23,0xed,0xec,0x2d,0x2c,0x1,
  0xb0,0x5,0x25,0x10,0x23,0x20,0x8a,0xf5,0x0,0xb0,0x1,0x61,0x23,0xed,0xec,0x2d,
  0x2c,0x1,0xb0,0x6,0x25,0x10,0xf5,0x0,0xed,0xec,0x2d,0x2c,0xb0,0x2,0x43,0xb0,
  0x1,0x52,0x58,0x21,0x21,0x21,0x21,0x21,0x1b,0x46,0x23,0x46,0x60,0x8a,0x8a,0x46,
  0x23,0x20,0x46,0x8a,0x60,0x8a,0x61,0xb8,0xff,0x80,0x62,0x23,0x20,0x10,0x23,0x8a,
  0xb1,0xc,0xc,0x8a,0x70,0x45,0x60,0x20,0xb0,0x0,0x50,0x58,0xb0,0x1,0x61,0xb8,
  0xff,0xba,0x8b,0x1b,0xb0,0x46,0x8c,0x59,0xb0,0x10,0x60,0x68,0x1,0x3a,0x59,0x2d,
  0x2c,0x20,0x45,0xb0,0x3,0x25,0x46,0x52,0x4b,0xb0,0x13,0x51,0x5b,0x58,0xb0,0x2,
  0x25,0x46,0x20,0x68,0x61,0xb0,0x3,0x25,0xb0,0x3,0x25,0x3f,0x23,0x21,0x38,0x1b,
  0x21,0x11,0x59,0x2d,0x2c,0x20,0x45,0xb0,0x3,0x25,0x46,0x50,0x58,0xb0,0x2,0x25,
  0x46,0x20,0x68,0x61,0xb0,0x3,0x25,0xb0,0x3,0x25,0x3f,0x23,0x21,0x38,0x1b,0x21,
  0x11,0x59,0x2d,0x2c,0x0,0xb0,0x7,0x43,0xb0,0x6,0x43,0xb,0x2d,0x2c,0x21,0x21,
  0xc,0x64,0x23,0x64,0x8b,0xb8,0x40,0x0,0x62,0x2d,0x2c,0x21,0xb0,0x80,0x51,0x58,
  0xc,0x64,0x23,0x64,0x8b,0xb8,0x20,0x0,0x62,0x1b,0xb2,0x0,0x40,0x2f,0x2b,0x59,
  0xb0,0x2,0x60,0x2d,0x2c,0x21,0xb0,0xc0,0x51,0x58,0xc,0x64,0x23,0x64,0x8b,0xb8,
  0x15,0x55,0x62,0x1b,0xb2,0x0,0x80,0x2f,0x2b,0x59,0xb0,0x2,0x60,0x2d,0x2c,0xc,
  0x64,0x23,0x64,0x8b,0xb8,0x40,0x0,0x62,0x60,0x23,0x21,0x2d,0x2c,0x4b,0x53,0x58,
  0x8a,0xb0,0x4,0x25,0x49,0x64,0x23,0x45,0x69,0xb0,0x40,0x8b,0x61,0xb0,0x80,0x62,
  0xb0,0x20,0x61,0x6a,0xb0,0xe,0x23,0x44,0x23,0x10,0xb0,0xe,0xf6,0x1b,0x21,0x23,
  0x8a,0x12,0x11,0x20,0x39,0x2f,0x59,0x2d,0x2c,0x4b,0x53,0x58,0x20,0xb0,0x3,0x25,
  0x49,0x64,0x69,0x20,0xb0,0x5,0x26,0xb0,0x6,0x25,0x49,0x64,0x23,0x61,0xb0,0x80,
  0x62,0xb0,0x20,0x61,0x6a,0xb0,0xe,0x23,0x44,0xb0,0x4,0x26,0x10,0xb0,0xe,0xf6,
  0x8a,0x10,0xb0,0xe,0x23,0x44,0xb0,0xe,0xf6,0xb0,0xe,0x23,0x44,0xb0,0xe,0xed,
  0x1b,0x8a,0xb0,0x4,0x26,0x11,0x12,0x20,0x39,0x23,0x20,0x39,0x2f,0x2f,0x59,0x2d,
  0x2c,0x45,0x23,0x45,0x60,0x23,0x45,0x60,0x23,0x45,0x60,0x23,0x76,0x68,0x18,0xb0,
  0x80,0x62,0x20,0x2d,0x2c,0xb0,0x48,0x2b,0x2d,0x2c,0x20,0x45,0xb0,0x0,0x54,0x58,
  0xb0,0x40,0x44,0x20,0x45,0xb0,0x40,0x61,0x44,0x1b,0x21,0x21,0x59,0x2d,0x2c,0x45,
  0xb1,0x30,0x2f,0x45,0x23,0x45,0x61,0x60,0xb0,0x1,0x60,0x69,0x44,0x2d,0x2c,0x4b,
  0x51,0x58,0xb0,0x2f,0x23,0x70,0xb0,0x14,0x23,0x42,0x1b,0x21,0x21,0x59,0x2d,0x2c,
  0x4b,0x51,0x58,0x20,0xb0,0x3,0x25,0x45,0x69,0x53,0x58,0x44,0x1b,0x21,0x21,0x59,
  0x1b,0x21,0x21,0x59,0x2d,0x2c,0x45,0xb0,0x14,0x43,0xb0,0x0,0x60,0x63,0xb0,0x1,
  0x60,0x69,0x44,0x2d,0x2c,0xb0,0x2f,0x45,0x44,0x2d,0x2c,0x45,0x23,0x20,0x45,0x8a,
  0x60,0x44,0x2d,0x2c,0x45,0x23,0x45,0x60,0x44,0x2d,0x2c,0x4b,0x23,0x51,0x58,0xb9,
  0x0,0x33,0xff,0xe0,0xb1,0x34,0x20,0x1b,0xb3,0x33,0x0,0x34,0x0,0x59,0x44,0x44,
  0x2d,0x2c,0xb0,0x16,0x43,0x58,0xb0,0x3,0x26,0x45,0x8a,0x58,0x64,0x66,0xb0,0x1f,
  0x60,0x1b,0x64,0xb0,0x20,0x60,0x66,0x20,0x58,0x1b,0x21,0xb0,0x40,0x59,0xb0,0x1,
  0x61,0x59,0x23,0x58,0x65,0x59,0xb0,0x29,0x23,0x44,0x23,0x10,0xb0,0x29,0xe0,0x1b,
  0x21,0x21,0x21,0x21,0x21,0x59,0x2d,0x2c,0xb0,0x2,0x43,0x54,0x58,0x4b,0x53,0x23,
  0x4b,0x51,0x5a,0x58,0x38,0x1b,0x21,0x21,0x59,0x1b,0x21,0x21,0x21,0x21,0x59,0x2d,
  0x2c,0xb0,0x16,0x43,0x58,0xb0,0x4,0x25,0x45,0x64,0xb0,0x20,0x60,0x66,0x20,0x58,
  0x1b,0x21,0xb0,0x40,0x59,0xb0,0x1,0x61,0x23,0x58,0x1b,0x65,0x59,0xb0,0x29,0x23,
  0x44,0xb0,0x5,0x25,0xb0,0x8,0x25,0x8,0x20,0x58,0x2,0x1b,0x3,0x59,0xb0,0x4,
  0x25,0x10,0xb0,0x5,0x25,0x20,0x46,0xb0,0x4,0x25,0x23,0x42,0x3c,0xb0,0x4,0x25,
  0xb0,0x7,0x25,0x8,0xb0,0x7,0x25,0x10,0xb0,0x6,0x25,0x20,0x46,0xb0,0x4,0x25,
  0xb0,0x1,0x60,0x23,0x42,0x3c,0x20,0x58,0x1,0x1b,0x0,0x59,0xb0,0x4,0x25,0x10,
  0xb0,0x5,0x25,0xb0,0x29,0xe0,0xb0,0x29,0x20,0x45,0x65,0x44,0xb0,0x7,0x25,0x10,
  0xb0,0x6,0x25,0xb0,0x29,0xe0,0xb0,0x5,0x25,0xb0,0x8,0x25,0x8,0x20,0x58,0x2,
  0x1b,0x3,0x59,0xb0,0x5,0x25,0xb0,0x3,0x25,0x43,0x48,0xb0,0x4,0x25,0xb0,0x7,
  0x25,0x8,0xb0,0x6,0x25,0xb0,0x3,0x25,0xb0,0x1,0x60,0x43,0x48,0x1b,0x21,0x59,
  0x21,0x21,0x21,0x21,0x21,0x21,0x21,0x2d,0x2c,0x2,0xb0,0x4,0x25,0x20,0x20,0x46,
  0xb0,0x4,0x25,0x23,0x42,0xb0,0x5,0x25,0x8,0xb0,0x3,0x25,0x45,0x48,0x21,0x21,
  0x21,0x21,0x2d,0x2c,0x2,0xb0,0x3,0x25,0x20,0xb0,0x4,0x25,0x8,0xb0,0x2,0x25,
  0x43,0x48,0x21,0x21,0x21,0x2d,0x2c,0x45,0x23,0x20,0x45,0x18,0x20,0xb0,0x0,0x50,
  0x20,0x58,0x23,0x65,0x23,0x59,0x23,0x68,0x20,0xb0,0x40,0x50,0x58,0x21,0xb0,0x40,
  0x59,0x23,0x58,0x65,0x59,0x8a,0x60,0x44,0x2d,0x2c,0x4b,0x53,0x23,0x4b,0x51,0x5a,
  0x58,0x20,0x45,0x8a,0x60,0x44,0x1b,0x21,0x21,0x59,0x2d,0x2c,0x4b,0x54,0x58,0x20,
  0x45,0x8a,0x60,0x44,0x1b,0x21,0x21,0x59,0x2d,0x2c,0x4b,0x53,0x23,0x4b,0x51,0x5a,
  0x58,0x38,0x1b,0x21,0x21,0x59,0x2d,0x2c,0xb0,0x0,0x21,0x4b,0x54,0x58,0x38,0x1b,
  0x21,0x21,0x59,0x2d,0x2c,0xb0,0x2,0x43,0x54,0x58,0xb0,0x46,0x2b,0x1b,0x21,0x21,
  0x21,0x21,0x59,0x2d,0x2c,0xb0,0x2,0x43,0x54,0x58,0xb0,0x47,0x2b,0x1b,0x21,0x21,
  0x21,0x59,0x2d,0x2c,0xb0,0x2,0x43,0x54,0x58,0xb0,0x48,0x2b,0x1b,0x21,0x21,0x21,
  0x21,0x59,0x2d,0x2c,0xb0,0x2,0x43,0x54,0x58,0xb0,0x49,0x2b,0x1b,0x21,0x21,0x21,
  0x59,0x2d,0x2c,0x20,0x8a,0x8,0x23,0x4b,0x53,0x8a,0x4b,0x51,0x5a,0x58,0x23,0x38,
  0x1b,0x21,0x21,0x59,0x2d,0x2c,0x0,0xb0,0x2,0x25,0x49,0xb0,0x0,0x53,0x58,0x20,
  0xb0,0x40,0x38,0x11,0x1b,0x21,0x59,0x2d,0x2c,0x1,0x46,0x23,0x46,0x60,0x23,0x46,
  0x61,0x23,0x20,0x10,0x20,0x46,0x8a,0x61,0xb8,0xff,0x80,0x62,0x8a,0xb1,0x40,0x40,
  0x8a,0x70,0x45,0x60,0x68,0x3a,0x2d,0x2c,0x20,0x8a,0x23,0x49,0x64,0x8a,0x23,0x53,
  0x58,0x3c,0x1b,0x21,0x59,0x2d,0x2c,0x4b,0x52,0x58,0x7d,0x1b,0x7a,0x59,0x2d,0x2c,
  0xb0,0x12,0x0,0x4b,0x1,0x4b,0x54,0x42,0x2d,0x2c,0xb1,0x2,0x0,0x42,0xb1,0x23,
  0x1,0x88,0x51,0xb1,0x40,0x1,0x88,0x53,0x5a,0x58,0xb9,0x10,0x0,0x0,0x20,0x88,
  0x54,0x58,0xb2,0x2,0x1,0x2,0x43,0x60,0x42,0x59,0xb1,0x24,0x1,0x88,0x51,0x58,
  0xb9,0x20,0x0,0x0,0x40,0x88,0x54,0x58,0xb2,0x2,0x2,0x2,0x43,0x60,0x42,0xb1,
  0x24,0x1,0x88,0x54,0x58,0xb2,0x2,0x20,0x2,0x43,0x60,0x42,0x0,0x4b,0x1,0x4b,
  0x52,0x58,0xb2,0x2,0x8,0x2,0x43,0x60,0x42,0x59,0x1b,0xb9,0x40,0x0,0x0,0x80,
  0x88,0x54,0x58,0xb2,0x2,0x4,0x2,0x43,0x60,0x42,0x59,0xb9,0x40,0x0,0x0,0x80,
  0x63,0xb8,0x1,0x0,0x88,0x54,0x58,0xb2,0x2,0x8,0x2,0x43,0x60,0x42,0x59,0xb9,
  0x40,0x0,0x1,0x0,0x63,0xb8,0x2,0x0,0x88,0x54,0x58,0xb2,0x2,0x10,0x2,0x43,
  0x60,0x42,0x59,0xb1,0x26,0x1,0x88,0x51,0x58,0xb9,0x40,0x0,0x2,0x0,0x63,0xb8,
  0x4,0x0,0x88,0x54,0x58,0xb2,0x2,0x40,0x2,0x43,0x60,0x42,0x59,0xb9,0x40,0x0,
  0x4,0x0,0x63,0xb8,0x8,0x0,0x88,0x54,0x58,0xb2,0x2,0x80,0x2,0x43,0x60,0x42,
  0x59,0x59,0x59,0x59,0x59,0x59,0xb1,0x0,0x2,0x43,0x54,0x58,0x40,0xa,0x5,0x40,
  0x8,0x40,0x9,0x40,0xc,0x2,0xd,0x2,0x1b,0xb1,0x1,0x2,0x43,0x54,0x58,0xb2,
  0x5,0x40,0x8,0xba,0x1,0x0,0x0,0x9,0x1,0x0,0xb3,0xc,0x1,0xd,0x1,0x1b,
  0xb1,0x80,0x2,0x43,0x52,0x58,0xb2,0x5,0x40,0x8,0xb8,0x1,0x80,0xb1,0x9,0x40,
  0x1b,0xb2,0x5,0x40,0x8,0xba,0x1,0x80,0x0,0x9,0x1,0x40,0x59,0xb9,0x40,0x0,
  0x0,0x80,0x88,0x55,0xb9,0x40,0x0,0x2,0x0,0x63,0xb8,0x4,0x0,0x88,0x55,0x5a,
  0x58,0xb3,0xc,0x0,0xd,0x1,0x1b,0xb3,0xc,0x0,0xd,0x1,0x59,0x59,0x59,0x42,
  0x42,0x42,0x42,0x42,0x2d,0x2c,0x45,0x18,0x68,0x23,0x4b,0x51,0x58,0x23,0x20,0x45,
  0x20,0x64,0xb0,0x40,0x50,0x58,0x7c,0x59,0x68,0x8a,0x60,0x59,0x44,0x2d,0x2c,0xb0,
  0x0,0x16,0xb0,0x2,0x25,0xb0,0x2,0x25,0x1,0xb0,0x1,0x23,0x3e,0x0,0xb0,0x2,
  0x23,0x3e,0xb1,0x1,0x2,0x6,0xc,0xb0,0xa,0x23,0x65,0x42,0xb0,0xb,0x23,0x42,
  0x1,0xb0,0x1,0x23,0x3f,0x0,0xb0,0x2,0x23,0x3f,0xb1,0x1,0x2,0x6,0xc,0xb0,
  0x6,0x23,0x65,0x42,0xb0,0x7,0x23,0x42,0xb0,0x1,0x16,0x1,0x2d,0x2c,0xb0,0x80,
  0xb0,0x2,0x43,0x50,0xb0,0x1,0xb0,0x2,0x43,0x54,0x5b,0x58,0x21,0x23,0x10,0xb0,
  0x20,0x1a,0xc9,0x1b,0x8a,0x10,0xed,0x59,0x2d,0x2c,0xb0,0x59,0x2b,0x2d,0x2c,0x8a,
  0x10,0xe5,0x2d,0x40,0xa5,0x9,0x21,0x48,0x20,0x55,0x20,0x1,0x1e,0x55,0x1f,0x48,
  0x1e,0x55,0x1f,0x1e,0x1,0xf,0x1e,0x3f,0x1e,0xaf,0x1e,0x3,0x4f,0x46,0x1c,0x1f,
  0x4e,0x4d,0x1b,0x1f,0x4d,0x46,0x1a,0x1f,0x26,0x34,0x10,0x55,0x25,0x24,0x48,0x1f,
  0x19,0x13,0xff,0x1f,0x7,0x4,0xff,0x1f,0x6,0x3,0xff,0x1f,0x4c,0x4b,0x1c,0x1f,
  0x4b,0x46,0x1b,0x1f,0x13,0x33,0x12,0x55,0x5,0x1,0x3,0x55,0x4,0x33,0x3,0x55,
  0x1f,0x3,0x1,0xf,0x3,0x3f,0x3,0xaf,0x3,0x3,0xcb,0x4a,0xdb,0x4a,0xeb,0x4a,
  0x3,0xcb,0x49,0x1,0x48,0x46,0x12,0x1f,0x47,0x46,0x12,0x1f,0x49,0x46,0x1,0x23,
  0x48,0x22,0x55,0x1c,0x33,0x1b,0x55,0x16,0x33,0x15,0x55,0x11,0x1,0xf,0x55,0x10,
  0x33,0xf,0x55,0xcf,0xf,0x1,0x1f,0xf,0x1,0xf,0xf,0xdf,0xf,0xff,0xf,0x3,
  0x6,0x2,0x1,0x0,0x55,0x1,0x33,0x0,0x55,0x6f,0x0,0x7f,0x0,0xaf,0x0,0xef,
  0x0,0x4,0x10,0x0,0x1,0x80,0x16,0x1,0x5,0x1,0xb8,0x1,0x90,0xb1,0x54,0x53,
  0x2b,0x2b,0x4b,0xb8,0x7,0xff,0x52,0x4b,0xb0,0x9,0x50,0x5b,0xb0,0x1,0x88,0xb0,
  0x25,0x53,0xb0,0x1,0x88,0xb0,0x40,0x51,0x5a,0xb0,0x6,0x88,0xb0,0x0,0x55,0x5a,
  0x5b,0x58,0xb1,0x1,0x1,0x8e,0x59,0x85,0x8d,0x8d,0x0,0x42,0x1d,0x4b,0xb0,0x32,
  0x53,0x58,0xb0,0x20,0x1d,0x59,0x4b,0xb0,0x64,0x53,0x58,0xb0,0x10,0x1d,0xb1,0x16,
  0x0,0x42,0x59,0x73,0x73,0x2b,0x2b,0x5e,0x73,0x74,0x74,0x2b,0x2b,0x2b,0x2b,0x2b,
  0x74,0x2b,0x2b,0x73,0x73,0x73,0x74,0x2b,0x2b,0x2b,0x2b,0x2b,0x2b,0x2b,0x2b,0x2b,
  0x2b,0x2b,0x2b,0x2b,0x73,0x74,0x2b,0x2b,0x2b,0x18,0x5e,0x6,0x14,0x0,0x17,0x0,
  0x4e,0x5,0xb6,0x0,0x17,0x0,0x75,0x5,0xb6,0x5,0xcd,0x0,0x0,0x0,0x0,0x0,
  0x0,0x0,0x0,0x0,0x0,0x0,0x0,0x0,0x0,0x4,0x52,0x0,0x14,0x0,0x86,0x0,
  0x0,0xff,0xec,0x0,0x0,0x0,0x0,0xff,0xec,0x0,0x0,0x0,0x0,0xff,0xec,0x0,
  0x0,0xfe,0x14,0xff,0xec,0x0,0x0,0x5,0xb6,0x0,0x19,0xfc,0x94,0xff,0xed,0xfe,
  0x7b,0xff,0xf2,0xfe,0xa8,0xfe,0x9e,0x0,0x17,0x0,0x0,0x0,0x0,0x0,0x0,0x0,
  0x0,0x0,0x0,0x0,0x0,0x0,0x0,0x0,0x0,0x0,0x0,0x0,0x0,0x0,0x0,0x0,
  0x0,0x0,0x0,0x0,0x0,0x0,0x0,0x0,0x0,0x0,0x0,0x0,0x0,0x0,0x0,0x0,
  0x0,0x0,0x0,0x0,0x0,0x0,0x0,0x0,0x0,0x0,0x0,0x0,0x0,0x0,0x0,0x0,
  0x0,0x8,0x0,0x0,0x0,0x0,0x0,0x0,0xc0,0x0,0xb8,0x0,0xb0,0x0,0xa3,0x0,
  0x94,0x0,0xc0,0x0,0xcd,0x0,0xc5,0x0,0xcf,0x0,0xba,0x0,0x9a,0x1,0x31,0x0,
  0xb2,0x0,0x0,0x0,0x0,0x0,0x24,0x0,0x24,0x0,0x24,0x0,0x24,0x0,0x58,0x0,
  0x7e,0x0,0xfc,0x1,0x7a,0x1,0xf2,0x2,0x70,0x2,0x8a,0x2,0xb6,0x2,0xe4,0x3,
  0x16,0x3,0x44,0x3,0x66,0x3,0x7e,0x3,0xa0,0x3,0xbe,0x4,0x0,0x4,0x28,0x4,
  0x6e,0x4,0xca,0x5,0x12,0x5,0x60,0x5,0xbc,0x5,0xe2,0x6,0x4a,0x6,0xaa,0x6,
  0xe2,0x7,0x1c,0x7,0x44,0x7,0x6e,0x7,0x96,0x7,0xf2,0x8,0x7c,0x8,0xbc,0x9,
  0x16,0x9,0x56,0x9,0x8e,0x9,0xc6,0x9,0xf8,0xa,0x46,0xa,0x78,0xa,0x8e,0xa,
  0xb6,0xa,0xf0,0xb,0xe,0xb,0x56,0xb,0x92,0xb,0xd8,0xc,0x16,0xc,0x6e,0xc,
  0xba,0xd,0xc,0xd,0x30,0xd,0x64,0xd,0x96,0xd,0xec,0xe,0x28,0xe,0x56,0xe,
  0x8a,0xe,0xae,0xe,0xcc,0xe,0xee,0xf,0x18,0xf,0x2e,0xf,0x4e,0xf,0xae,0x10,
  0x2,0x10,0x3c,0x10,0x8e,0x10,0xe4,0x11,0x26,0x11,0xc0,0x11,0xfe,0x12,0x36,0x12,
  0x80,0x12,0xc0,0x12,0xd8,0x13,0x30,0x13,0x6a,0x13,0xaa,0x13,0xfe,0x14,0x52,0x14,
  0x82,0x14,0xd0,0x15,0x14,0x15,0x4e,0x15,0x7e,0x15,0xd6,0x16,0x10,0x16,0x50,0x16,
  0x84,0x16,0xd4,0x16,0xec,0x17,0x3e,0x17,0x84,0x17,0x84,0x17,0xb6,0x18,0x8,0x18,
  0x60,0x18,0xbc,0x19,0x12,0x19,0x38,0x19,0xb2,0x19,0xe8,0x1a,0x64,0x1a,0xb6,0x1a,
  0xf2,0x1b,0x14,0x1b,0x1c,0x1b,0xa6,0x1b,0xbc,0x1b,0xf4,0x1c,0x30,0x1c,0x6a,0x1c,
  0xba,0x1c,0xda,0x1d,0x20,0x1d,0x54,0x1d,0x76,0x1d,0xac,0x1d,0xd6,0x1e,0x10,0x1e,
  0x4a,0x1e,0x60,0x1e,0x76,0x1e,0x8c,0x1e,0xec,0x1e,0xfe,0x1f,0x10,0x1f,0x22,0x1f,
  0x34,0x1f,0x46,0x1f,0x58,0x1f,0xb2,0x1f,0xbe,0x1f,0xd0,0x1f,0xe2,0x1f,0xf4,0x20,
  0x6,0x20,0x18,0x20,0x2a,0x20,0x3c,0x20,0x4e,0x20,0xa0,0x20,0xb2,0x20,0xc4,0x20,
  0xd6,0x20,0xe8,0x20,0xfa,0x21,0xc,0x21,0x3c,0x21,0xa6,0x21,0xb8,0x21,0xca,0x21,
  0xdc,0x21,0xee,0x22,0x0,0x22,0x4a,0x22,0xb6,0x22,0xc6,0x22,0xd6,0x22,0xe6,0x22,
  0xf6,0x23,0x8,0x23,0x1a,0x23,0xa8,0x23,0xb4,0x23,0xc4,0x23,0xd4,0x23,0xe4,0x23,
  0xf6,0x24,0x8,0x24,0x1a,0x24,0x2c,0x24,0x3e,0x24,0xaa,0x24,0xba,0x24,0xca,0x24,
  0xda,0x24,0xea,0x24,0xfa,0x25,0xc,0x25,0x54,0x25,0xbc,0x25,0xcc,0x25,0xde,0x25,
  0xee,0x26,0x0,0x26,0x10,0x26,0x68,0x26,0x7a,0x26,0x92,0x26,0xf6,0x27,0x7c,0x27,
  0xaa,0x27,0xe4,0x28,0x22,0x28,0x34,0x28,0x46,0x28,0x96,0x28,0xa8,0x28,0xf4,0x28,
  0xfc,0x29,0x4,0x29,0x16,0x29,0x1e,0x29,0x82,0x29,0xda,0x2a,0x1a,0x2a,0x2c,0x2a,
  0x3e,0x2a,0x50,0x2a,0x80,0x2a,0x88,0x2a,0xcc,0x2a,0xd4,0x2a,0xdc,0x2b,0x26,0x2b,
  0x2e,0x2b,0x7e,0x2b,0xda,0x2c,0x14,0x2c,0x26,0x2c,0x5c,0x2c,0x96,0x2c,0x9e,0x2c,
  0xa6,0x2c,0xae,0x2c,0xb6,0x2c,0xbe,0x2c,0xc6,0x2c,0xce,0x2d,0x12,0x2d,0x1a,0x2d,
  0x22,0x2d,0x54,0x2d,0x92,0x2d,0xc4,0x2e,0x0,0x2e,0x44,0x2e,0x8e,0x2e,0xcc,0x2f,
  0x18,0x2f,0x78,0x2f,0xc4,0x2f,0xcc,0x30,0x28,0x30,0x88,0x30,0xa8,0x30,0xf2,0x30,
  0xfa,0x31,0x48,0x31,0xa4,0x31,0xdc,0x31,0xec,0x32,0x22,0x32,0x5a,0x32,0xa2,0x32,
  0xd4,0x32,0xdc,0x33,0x2,0x33,0xa,0x33,0x12,0x33,0x38,0x33,0x40,0x33,0xa4,0x33,
  0xac,0x33,0xde,0x34,0x1c,0x34,0x4c,0x34,0x88,0x34,0xcc,0x35,0x12,0x35,0x50,0x35,
  0x9e,0x35,0xfc,0x36,0x46,0x36,0x56,0x36,0x68,0x36,0xdc,0x36,0xec,0x37,0x3a,0x37,
  0x42,0x37,0x4a,0x37,0x5c,0x37,0x64,0x37,0xbe,0x38,0x12,0x38,0x74,0x38,0x84,0x38,
  0x94,0x38,0xa4,0x38,0xd4,0x38,0xfe,0x39,0x24,0x39,0x6a,0x39,0xae,0x39,0xc4,0x39,
  0xda,0x39,0xfa,0x3a,0x1a,0x3a,0x3c,0x3a,0x6e,0x3a,0x9e,0x3a,0xd2,0x3a,0xf2,0x3b,
  0x14,0x3b,0x38,0x3b,0x56,0x3b,0x96,0x3c,0xc,0x3c,0x7e,0x3c,0x98,0x3c,0x98,0x3c,
  0xb6,0x3c,0xdc,0x3d,0x4e,0x3d,0x5a,0x3d,0x66,0x3d,0x92,0x3d,0xa2,0x3d,0xb2,0x3d,
  0xbe,0x0,0x0,0x0,0x2,0x0,0xc1,0x0,0x0,0x4,0xa,0x5,0xb6,0x0,0x3,0x0,
  0x7,0x0,0x1e,0x40,0xc,0x4,0x3,0x5,0x2,0x3,0x2,0x8,0x9,0x4,0x3,0x7,
  0x0,0x0,0x2f,0x32,0x2f,0x33,0x11,0x12,0x1,0x39,0x39,0x11,0x33,0x11,0x33,0x31,
  0x30,0x13,0x21,0x11,0x21,0x37,0x21,0x11,0x21,0xc1,0x3,0x49,0xfc,0xb7,0x68,0x2,
  0x79,0xfd,0x87,0x5,0xb6,0xfa,0x4a,0x68,0x4,0xe6,0x0,0x0,0x2,0x0,0x85,0xff,
  0xe3,0x1,0xae,0x5,0xb6,0x0,0x3,0x0,0xf,0x0,0x29,0x40,0x13,0xa,0x3,0x4,
  0x3,0x2,0x2,0x11,0x10,0x1,0x1,0xd,0x2,0x3,0xd,0x7,0x51,0x59,0xd,0x13,
  0x0,0x3f,0x2b,0x0,0x18,0x3f,0x12,0x39,0x2f,0x11,0x12,0x1,0x39,0x11,0x33,0x33,
  0x11,0x33,0x31,0x30,0x1,0x23,0x3,0x21,0x1,0x34,0x36,0x33,0x32,0x16,0x15,0x14,
  0x6,0x23,0x22,0x26,0x1,0x73,0xae,0x34,0x1,0x15,0xfe,0xdf,0x4e,0x48,0x47,0x4c,
  0x4d,0x46,0x47,0x4f,0x1,0xbc,0x3,0xfa,0xfa,0xc7,0x4a,0x4d,0x50,0x47,0x47,0x53,
  0x50,0x0,0x0,0x0,0x2,0x0,0x85,0x3,0xa6,0x2,0xf8,0x5,0xb6,0x0,0x3,0x0,
  0x7,0x0,0x1f,0x40,0xd,0x7,0x4,0x0,0x3,0x4,0x3,0x9,0x8,0x6,0x2,0x7,
  0x3,0x3,0x0,0x3f,0x33,0xcd,0x32,0x11,0x12,0x1,0x39,0x39,0x11,0x33,0x11,0x33,
  0x31,0x30,0x1,0x3,0x23,0x3,0x21,0x3,0x23,0x3,0x1,0x6d,0x29,0x96,0x29,0x2,
  0x73,0x29,0x96,0x29,0x5,0xb6,0xfd,0xf0,0x2,0x10,0xfd,0xf0,0x2,0x10,0x0,0x0,
  0x2,0x0,0x2f,0x0,0x0,0x4,0xfa,0x5,0xb4,0x0,0x1b,0x0,0x1f,0x0,0x8a,0x40,
  0x4a,0x8,0x1f,0x1c,0x15,0x4,0x14,0x9,0x11,0xc,0xc,0x9,0x12,0xf,0xe,0xb,
  0x4,0xa,0x13,0x13,0x14,0x16,0x1d,0x1e,0x7,0x4,0x6,0x17,0x4,0x1,0x0,0x19,
  0x4,0x18,0x5,0x5,0x6,0x14,0x6,0xa,0x21,0x3,0x1a,0x17,0x3,0x18,0xa,0x18,
  0x20,0x21,0x8,0x4,0xc,0xc,0x1c,0x1,0xd,0x1f,0x0,0x10,0x10,0x19,0x15,0x11,
  0xd,0x11,0xd,0x11,0x5,0x17,0x13,0x3,0xa,0x5,0x12,0x0,0x3f,0x33,0x3f,0x33,
  0x12,0x39,0x39,0x2f,0x2f,0x11,0x33,0x33,0x33,0x11,0x33,0x33,0x11,0x33,0x33,0x33,
  0x11,0x33,0x33,0x11,0x12,0x1,0x39,0x39,0x11,0x17,0x33,0x11,0x12,0x39,0x39,0x11,
  0x33,0x11,0x12,0x17,0x39,0x11,0x12,0x17,0x39,0x11,0x33,0x11,0x12,0x17,0x39,0x32,
  0x32,0x11,0x33,0x11,0x12,0x17,0x39,0x31,0x30,0x1,0x3,0x21,0x15,0x21,0x3,0x23,
  0x13,0x23,0x3,0x23,0x13,0x23,0x35,0x21,0x13,0x21,0x35,0x21,0x13,0x33,0x3,0x33,
  0x13,0x33,0x3,0x33,0x15,0x1,0x33,0x13,0x23,0x3,0xdd,0x37,0x1,0xe,0xfe,0xd1,
  0x50,0xb2,0x50,0xf8,0x50,0xae,0x4c,0xfa,0x1,0x1b,0x39,0xfe,0xf8,0x1,0x25,0x50,
  0xb4,0x50,0xfc,0x50,0xae,0x50,0xfc,0xfd,0x0,0xfa,0x39,0xfa,0x3,0x66,0xfe,0xe4,
  0xa8,0xfe,0x5e,0x1,0xa2,0xfe,0x5e,0x1,0xa2,0xa8,0x1,0x1c,0xa8,0x1,0xa6,0xfe,
  0x5a,0x1,0xa6,0xfe,0x5a,0xa8,0xfe,0xe4,0x1,0x1c,0x0,0x0,0x3,0x0,0x6f,0xff,
  0x89,0x4,0x27,0x6,0x12,0x0,0x20,0x0,0x26,0x0,0x2d,0x0,0x67,0x40,0x39,0xc,
  0x14,0x17,0x1d,0x25,0x2a,0x6,0x4,0x4,0x5,0x21,0x0,0x27,0x11,0x0,0x5,0x8,
  0x11,0x19,0x5,0x2f,0x2e,0x5,0x6,0x16,0x40,0xf,0x12,0x48,0x16,0x17,0x40,0x1d,
  0xd,0x24,0x3,0x2a,0x2a,0x6,0x17,0x25,0xc,0x6,0xc,0x4f,0x59,0x3,0x6,0x2b,
  0x1c,0x14,0x17,0x17,0x1c,0x4f,0x59,0x17,0x0,0x2f,0x2b,0x11,0x0,0x33,0x11,0x33,
  0x18,0x2f,0x33,0x2b,0x11,0x0,0x33,0x11,0x12,0x39,0x11,0x17,0x33,0x1a,0x18,0x10,
  0xcd,0x2b,0x10,0xcd,0x11,0x12,0x1,0x17,0x39,0x11,0x33,0x11,0x33,0x11,0x33,0x12,
  0x17,0x39,0x31,0x30,0x1,0x14,0x6,0x7,0x15,0x23,0x35,0x26,0x27,0x35,0x1e,0x1,
  0x17,0x11,0x27,0x2e,0x1,0x35,0x34,0x36,0x37,0x35,0x33,0x15,0x16,0x17,0x7,0x26,
  0x27,0x11,0x17,0x1e,0x1,0x7,0x34,0x26,0x27,0x11,0x36,0x1,0x14,0x16,0x17,0x11,
  0xe,0x1,0x4,0x27,0xd4,0xc8,0x85,0xf8,0x9f,0x56,0xe6,0x5b,0x54,0xa4,0x97,0xd7,
  0xb8,0x85,0xcb,0xb6,0x49,0x9d,0x9b,0x4c,0xbe,0x92,0xec,0x51,0x5f,0xb0,0xfe,0x27,
  0x47,0x5d,0x50,0x54,0x1,0xc5,0x91,0xbc,0x16,0xd9,0xd3,0x4,0x48,0xd3,0x2a,0x39,
  0x1,0x1,0x76,0x1f,0x3f,0xaf,0x81,0x8a,0xb2,0x13,0xa8,0xa5,0x7,0x4b,0xb7,0x3e,
  0xc,0xfe,0x94,0x1d,0x49,0xa2,0x84,0x3a,0x4b,0x23,0xfe,0xc1,0x1b,0x2,0xe3,0x39,
  0x4c,0x25,0x1,0x37,0xc,0x4a,0x0,0x0,0x5,0x0,0x54,0xff,0xec,0x6,0x91,0x5,
  0xcb,0x0,0x9,0x0,0x14,0x0,0x1e,0x0,0x29,0x0,0x2d,0x0,0x57,0x40,0x30,0x2d,
  0x2a,0x2b,0x2c,0x1a,0x1f,0x15,0x25,0x5,0xa,0x0,0x10,0xa,0x10,0x1f,0x25,0x2a,
  0x2c,0x6,0x2f,0x2e,0x1c,0xa0,0x27,0x1,0x27,0x27,0x2d,0x3,0x60,0xd,0x1,0xaf,
  0xd,0x1,0xd,0xd,0x2c,0x2d,0x3,0x2c,0x12,0x7,0x12,0x4,0x18,0x22,0x13,0x0,
  0x3f,0x33,0x3f,0x33,0x3f,0x3f,0x12,0x39,0x2f,0x5d,0x71,0x33,0x11,0x39,0x2f,0x5d,
  0x33,0x11,0x12,0x1,0x17,0x39,0x11,0x33,0x11,0x33,0x11,0x33,0x11,0x33,0x11,0x33,
  0x11,0x33,0x31,0x30,0x1,0x14,0x16,0x33,0x32,0x11,0x10,0x23,0x22,0x6,0x5,0x14,
  0x6,0x23,0x22,0x26,0x35,0x10,0x21,0x32,0x16,0x1,0x14,0x16,0x33,0x32,0x11,0x10,
  0x23,0x22,0x6,0x5,0x14,0x6,0x23,0x22,0x26,0x35,0x10,0x21,0x32,0x16,0x9,0x1,
  0x23,0x1,0x1,0x17,0x3a,0x42,0x84,0x84,0x42,0x3a,0x1,0xc2,0xa5,0xa1,0x98,0xa7,
  0x1,0x3f,0x9d,0xa9,0x1,0xf6,0x3b,0x42,0x83,0x83,0x42,0x3b,0x1,0xc2,0xa6,0x9f,
  0x98,0xa8,0x1,0x40,0x9a,0xab,0xfe,0xd7,0xfc,0xd5,0xc2,0x3,0x2b,0x4,0x0,0x95,
  0x92,0x1,0x27,0x1,0x27,0x92,0x93,0xe6,0xe7,0xef,0xde,0x1,0xc9,0xed,0xfc,0xda,
  0x95,0x94,0x1,0x29,0x1,0x25,0x90,0x95,0xe6,0xe6,0xed,0xdf,0x1,0xc9,0xec,0x3,
  0x21,0xfa,0x4a,0x5,0xb6,0x0,0x0,0x0,0x3,0x0,0x60,0xff,0xec,0x5,0xe9,0x5,
  0xcb,0x0,0xb,0x0,0x14,0x0,0x32,0x0,0x54,0x40,0x2e,0x2c,0x2b,0x12,0x15,0x27,
  0x28,0x6,0x21,0x0,0x1b,0x2b,0x15,0x1b,0x21,0x28,0x5,0x34,0x33,0x25,0xe,0x2d,
  0x2a,0x4,0x2c,0x27,0x3,0x24,0x18,0x3,0xf,0x27,0x1e,0x2c,0x12,0x1e,0x9,0x4b,
  0x59,0x1e,0x4,0x30,0xc,0x4c,0x59,0x30,0x13,0x0,0x3f,0x2b,0x0,0x18,0x3f,0x2b,
  0x0,0x18,0x3f,0x12,0x39,0x11,0x17,0x39,0x11,0x12,0x17,0x39,0x11,0x12,0x1,0x17,
  0x39,0x11,0x33,0x11,0x33,0x11,0x33,0x11,0x33,0x11,0x33,0x31,0x30,0x1,0x14,0x16,
  0x17,0x3e,0x1,0x35,0x34,0x26,0x23,0x22,0x6,0x13,0x32,0x37,0x1,0xe,0x1,0x15,
  0x14,0x16,0x25,0x34,0x36,0x37,0x2e,0x1,0x35,0x34,0x36,0x33,0x32,0x16,0x15,0x14,
  0x6,0x7,0x1,0x36,0x37,0x33,0x2,0x7,0x1,0x21,0x27,0xe,0x1,0x23,0x22,0x24,
  0x1,0xc3,0x43,0x3c,0x71,0x5b,0x57,0x48,0x4f,0x5d,0x95,0xb7,0x82,0xfe,0x81,0x6a,
  0x50,0x8b,0xfe,0x7d,0x80,0xa7,0x5f,0x45,0xd9,0xb7,0xb1,0xca,0x87,0x9e,0x1,0x5a,
  0x51,0x36,0xf2,0x46,0x9a,0x1,0x2d,0xfe,0xd1,0x95,0x66,0xe7,0x8c,0xe6,0xfe,0xfa,
  0x4,0x7b,0x3f,0x70,0x3f,0x40,0x6f,0x45,0x41,0x4e,0x51,0xfb,0xf7,0x6b,0x1,0x79,
  0x44,0x77,0x4c,0x62,0x7b,0xcd,0x83,0xc3,0x60,0x6f,0x99,0x52,0x98,0xb0,0xab,0x91,
  0x72,0xba,0x5d,0xfe,0xb2,0x6b,0xcf,0xfe,0xe4,0xb3,0xfe,0xdd,0x91,0x52,0x53,0xda,
  0x0,0x0,0x0,0x0,0x1,0x0,0x85,0x3,0xa6,0x1,0x6d,0x5,0xb6,0x0,0x3,0x0,
  0x14,0xb7,0x0,0x3,0x3,0x5,0x4,0x2,0x3,0x3,0x0,0x3f,0xcd,0x11,0x12,0x1,
  0x39,0x11,0x33,0x31,0x30,0x1,0x3,0x23,0x3,0x1,0x6d,0x29,0x96,0x29,0x5,0xb6,
  0xfd,0xf0,0x2,0x10,0x0,0x0,0x0,0x0,0x1,0x0,0x52,0xfe,0xbc,0x2,0x4c,0x5,
  0xb6,0x0,0xd,0x0,0x1f,0x40,0xe,0x3,0x4,0xb,0x3,0xa,0x7,0x0,0xa,0x0,
  0xf,0xe,0xb,0x3,0x3,0x0,0x3f,0x2f,0x11,0x12,0x1,0x39,0x39,0x11,0x33,0x11,
  0x17,0x33,0x31,0x30,0x13,0x10,0x12,0x37,0x33,0x6,0x2,0x15,0x14,0x12,0x17,0x23,
  0x26,0x2,0x52,0x9b,0x92,0xcd,0x8b,0x94,0x94,0x89,0xcb,0x93,0x9a,0x2,0x31,0x1,
  0x9,0x1,0xce,0xae,0xbc,0xfe,0x2d,0xf4,0xf4,0xfe,0x36,0xb9,0xaa,0x1,0xc6,0x0,
  0x1,0x0,0x3d,0xfe,0xbc,0x2,0x37,0x5,0xb6,0x0,0xd,0x0,0x1f,0x40,0xe,0x3,
  0xa,0xb,0x3,0x4,0x7,0x0,0x4,0x0,0xf,0xe,0x4,0xa,0x3,0x0,0x3f,0x2f,
  0x11,0x12,0x1,0x39,0x39,0x11,0x33,0x11,0x17,0x33,0x31,0x30,0x1,0x10,0x2,0x7,
  0x23,0x36,0x12,0x35,0x34,0x2,0x27,0x33,0x16,0x12,0x2,0x37,0x9b,0x92,0xcb,0x8a,
  0x93,0x94,0x8b,0xcd,0x93,0x9a,0x2,0x31,0xfe,0xf9,0xfe,0x3a,0xa8,0xbb,0x1,0xc8,
  0xf4,0xf5,0x1,0xd1,0xbd,0xaf,0xfe,0x31,0x0,0x0,0x0,0x0,0x1,0x0,0x4a,0x2,
  0x6a,0x4,0x14,0x6,0x14,0x0,0xe,0x0,0x1b,0x40,0xf,0x3,0x5,0x4,0x1,0x7,
  0xd,0xa,0x9,0xb,0x9,0xf,0x10,0x8,0xe,0x0,0x0,0x3f,0xc4,0x11,0x12,0x1,
  0x17,0x39,0x31,0x30,0x1,0x3,0x25,0x17,0x5,0x13,0x7,0xb,0x1,0x27,0x13,0x25,
  0x37,0x5,0x3,0x2,0xa0,0x29,0x1,0x81,0x1c,0xfe,0x98,0xec,0xc7,0xa6,0x95,0xcd,
  0xe7,0xfe,0x9a,0x23,0x1,0x78,0x29,0x6,0x14,0xfe,0x82,0x6c,0xd9,0x1d,0xfe,0xc9,
  0x6b,0x1,0x52,0xfe,0xae,0x6b,0x1,0x37,0x1d,0xd9,0x6c,0x1,0x7e,0x0,0x0,0x0,
  0x1,0x0,0x60,0x0,0xe3,0x4,0x31,0x4,0xc3,0x0,0xb,0x0,0x2c,0x40,0x16,0x6,
  0x3,0xa,0xa,0xb,0xb,0x1,0x8,0x3,0xd,0xc,0x9,0x1,0x2,0x1,0x52,0x59,
  0x6,0x2f,0x2,0x1,0x2,0x0,0x2f,0x5d,0x33,0x2b,0x11,0x0,0x33,0x11,0x12,0x1,
  0x17,0x39,0x11,0x33,0x12,0x39,0x39,0x31,0x30,0x1,0x21,0x35,0x21,0x11,0x33,0x11,
  0x21,0x15,0x21,0x11,0x23,0x1,0xee,0xfe,0x72,0x1,0x8e,0xb4,0x1,0x8f,0xfe,0x71,
  0xb4,0x2,0x79,0xb2,0x1,0x98,0xfe,0x68,0xb2,0xfe,0x6a,0x0,0x1,0x0,0x3f,0xfe,
  0xf8,0x1,0x9c,0x0,0xee,0x0,0x6,0x0,0x1e,0x40,0xf,0x0,0x5,0x3,0x5,0x8,
  0x7,0x3,0x40,0x6,0x50,0x6,0xd0,0x6,0x3,0x6,0x0,0x2f,0x5d,0xcd,0x11,0x12,
  0x1,0x39,0x39,0x11,0x33,0x31,0x30,0x25,0x6,0x3,0x23,0x12,0x37,0x33,0x1,0x9c,
  0x30,0x80,0xad,0x45,0x22,0xe7,0xd7,0xba,0xfe,0xdb,0x1,0xe,0xe8,0x0,0x0,0x0,
  0x1,0x0,0x48,0x1,0xc1,0x2,0x4a,0x2,0x89,0x0,0x3,0x0,0x15,0x40,0x9,0x3,
  0x0,0x5,0x4,0x1,0x0,0x4d,0x59,0x1,0x0,0x2f,0x2b,0x11,0x12,0x1,0x39,0x39,
  0x31,0x30,0x13,0x35,0x21,0x15,0x48,0x2,0x2,0x1,0xc1,0xc8,0xc8,0x0,0x0,0x0,
  0x1,0x0,0x85,0xff,0xe3,0x1,0xae,0x1,0x14,0x0,0xb,0x0,0x18,0x40,0xb,0x6,
  0x0,0x0,0xd,0xc,0x9,0x3,0x51,0x59,0x9,0x13,0x0,0x3f,0x2b,0x11,0x12,0x1,
  0x39,0x11,0x33,0x31,0x30,0x37,0x34,0x36,0x33,0x32,0x16,0x15,0x14,0x6,0x23,0x22,
  0x26,0x85,0x4c,0x48,0x49,0x4c,0x4d,0x48,0x48,0x4c,0x7d,0x49,0x4e,0x51,0x46,0x47,
  0x53,0x52,0x0,0x0,0x1,0x0,0x10,0x0,0x0,0x3,0xe,0x5,0xb6,0x0,0x3,0x0,
  0x1c,0x40,0xc,0x3,0x0,0x1,0x2,0x2,0x0,0x5,0x4,0x3,0x3,0x2,0x12,0x0,
  0x3f,0x3f,0x11,0x12,0x1,0x39,0x39,0x11,0x33,0x11,0x33,0x31,0x30,0x9,0x1,0x23,
  0x1,0x3,0xe,0xfd,0xe0,0xde,0x2,0x21,0x5,0xb6,0xfa,0x4a,0x5,0xb6,0x0,0x0,
  0x2,0x0,0x58,0xff,0xec,0x4,0x39,0x5,0xcd,0x0,0xb,0x0,0x17,0x0,0x28,0x40,
  0x14,0x12,0x0,0xc,0x6,0x6,0x0,0x19,0x18,0x9,0x15,0x4d,0x59,0x9,0x7,0x3,
  0xf,0x4d,0x59,0x3,0x19,0x0,0x3f,0x2b,0x0,0x18,0x3f,0x2b,0x11,0x12,0x1,0x39,
  0x39,0x11,0x33,0x11,0x33,0x31,0x30,0x1,0x10,0x2,0x23,0x22,0x2,0x11,0x10,0x12,
  0x33,0x32,0x12,0x1,0x10,0x12,0x33,0x32,0x12,0x11,0x10,0x2,0x23,0x22,0x2,0x4,
  0x39,0xf5,0xfc,0xf4,0xfc,0xf5,0xfb,0xf5,0xfc,0xfd,0xd,0x7b,0x87,0x87,0x7d,0x7d,
  0x87,0x87,0x7b,0x2,0xdb,0xfe,0x83,0xfe,0x8e,0x1,0x7e,0x1,0x71,0x1,0x83,0x1,
  0x6f,0xfe,0x80,0xfe,0x8e,0xfe,0xd5,0xff,0x0,0x1,0x4,0x1,0x27,0x1,0x26,0x1,
  0x7,0xfe,0xfe,0x0,0x1,0x0,0x9a,0x0,0x0,0x3,0xc,0x5,0xb6,0x0,0xa,0x0,
  0x21,0x40,0x10,0x0,0x4,0x8,0x9,0x4,0x1,0x1,0xc,0xb,0x4,0x7,0x1,0x9,
  0x6,0x1,0x18,0x0,0x3f,0x3f,0x12,0x39,0x39,0x11,0x12,0x1,0x39,0x11,0x17,0x33,
  0x31,0x30,0x21,0x23,0x11,0x34,0x37,0xe,0x1,0x7,0x27,0x1,0x33,0x3,0xc,0xeb,
  0x8,0x17,0x43,0xbf,0x76,0x1,0xae,0xc4,0x3,0xb0,0xa9,0x63,0x18,0x3a,0x9b,0x95,
  0x1,0x52,0x0,0x0,0x1,0x0,0x5a,0x0,0x0,0x4,0x39,0x5,0xcb,0x0,0x1b,0x0,
  0x31,0x40,0x1a,0x7,0x14,0x1a,0x2,0x2,0xe,0x14,0x1b,0x4,0x1d,0x1c,0x11,0xa,
  0x4d,0x59,0x11,0x7,0x2,0x1a,0x1,0x1,0x1a,0x4e,0x59,0x1,0x18,0x0,0x3f,0x2b,
  0x11,0x12,0x0,0x39,0x18,0x3f,0x2b,0x11,0x12,0x1,0x17,0x39,0x11,0x33,0x11,0x33,
  0x31,0x30,0x29,0x1,0x35,0x1,0x3e,0x2,0x35,0x34,0x26,0x23,0x22,0x6,0x7,0x27,
  0x3e,0x1,0x33,0x32,0x16,0x15,0x14,0xe,0x1,0xf,0x1,0x15,0x21,0x4,0x39,0xfc,
  0x21,0x1,0x79,0xa7,0x6d,0x32,0x77,0x69,0x54,0x9d,0x67,0x7f,0x7a,0xe6,0x82,0xcc,
  0xf6,0x47,0x93,0xab,0xfe,0x2,0xb6,0xb2,0x1,0x7b,0xab,0x8f,0x7e,0x48,0x63,0x72,
  0x3e,0x51,0x9b,0x67,0x56,0xd5,0xb4,0x63,0xb2,0xbd,0xa1,0xf6,0xa,0x0,0x0,0x0,
  0x1,0x0,0x56,0xff,0xec,0x4,0x2d,0x5,0xcb,0x0,0x26,0x0,0x43,0x40,0x24,0x13,
  0x7,0x1b,0x0,0x0,0x4,0x7,0xd,0x17,0x22,0x6,0x28,0x27,0x3,0x17,0x18,0x18,
  0x17,0x4f,0x59,0x18,0x18,0xa,0x24,0x24,0x1e,0x4d,0x59,0x24,0x7,0xa,0x10,0x4d,
  0x59,0xa,0x19,0x0,0x3f,0x2b,0x0,0x18,0x3f,0x2b,0x11,0x12,0x0,0x39,0x18,0x2f,
  0x2b,0x11,0x12,0x0,0x39,0x11,0x12,0x1,0x17,0x39,0x11,0x33,0x11,0x33,0x31,0x30,
  0x1,0x14,0x6,0x7,0x15,0x1e,0x1,0x15,0x14,0x4,0x21,0x22,0x27,0x35,0x1e,0x1,
  0x33,0x32,0x36,0x35,0x34,0x26,0x2b,0x1,0x35,0x33,0x20,0x35,0x34,0x26,0x23,0x22,
  0x6,0x7,0x27,0x36,0x21,0x32,0x16,0x4,0x2,0xa2,0x93,0xb0,0xb0,0xfe,0xd6,0xfe,
  0xed,0xf3,0xa7,0x5d,0xd0,0x60,0xaa,0xa8,0xba,0xc7,0x7f,0x81,0x1,0x5e,0x7a,0x77,
  0x53,0x9a,0x69,0x73,0xc9,0x1,0xa,0xdd,0xf8,0x4,0x66,0x8b,0xb9,0x20,0x8,0x16,
  0xaf,0x91,0xd3,0xe5,0x4f,0xd1,0x2e,0x32,0x7e,0x84,0x75,0x6e,0xbf,0xf2,0x5e,0x66,
  0x2f,0x44,0xa4,0x94,0xbe,0x0,0x0,0x0,0x2,0x0,0x27,0x0,0x0,0x4,0x6d,0x5,
  0xba,0x0,0xa,0x0,0x12,0x0,0x48,0x40,0x27,0x9,0x1,0x1,0xe,0xb,0x7,0x4,
  0x12,0x5,0x5,0x4,0x0,0x3,0x14,0x13,0x1,0x5,0x12,0x5,0x4d,0x59,0x9,0x6,
  0x50,0x12,0x1,0xf,0x12,0x1f,0x12,0x2,0x12,0x12,0x3,0xf,0x7,0x6,0x3,0x18,
  0x0,0x3f,0x3f,0x33,0x12,0x39,0x2f,0x5d,0x5d,0x33,0x33,0x2b,0x11,0x0,0x33,0x11,
  0x12,0x1,0x17,0x39,0x11,0x33,0x11,0x33,0x33,0x33,0x33,0x11,0x33,0x31,0x30,0x1,
  0x23,0x11,0x23,0x11,0x21,0x35,0x1,0x33,0x11,0x33,0x21,0x11,0x34,0x37,0x23,0x6,
  0x7,0x1,0x4,0x6d,0xc5,0xe5,0xfd,0x64,0x2,0x9c,0xe5,0xc5,0xfe,0x56,0xa,0x8,
  0x1c,0x3c,0xfe,0x95,0x1,0x3f,0xfe,0xc1,0x1,0x3f,0xb5,0x3,0xc6,0xfc,0x48,0x1,
  0x6f,0xc4,0x7d,0x42,0x5e,0xfd,0xf0,0x0,0x1,0x0,0x75,0xff,0xec,0x4,0x29,0x5,
  0xb6,0x0,0x1c,0x0,0x3a,0x40,0x1f,0xf,0x3,0x1a,0x15,0x3,0x8,0x15,0x18,0x4,
  0x1e,0x1d,0x0,0x11,0x4d,0x59,0x0,0x0,0x6,0x16,0x16,0x19,0x4e,0x59,0x16,0x6,
  0x6,0xc,0x4d,0x59,0x6,0x19,0x0,0x3f,0x2b,0x0,0x18,0x3f,0x2b,0x11,0x12,0x0,
  0x39,0x18,0x2f,0x2b,0x11,0x12,0x1,0x17,0x39,0x11,0x33,0x11,0x33,0x31,0x30,0x1,
  0x32,0x4,0x15,0x14,0x0,0x21,0x22,0x27,0x35,0x1e,0x1,0x33,0x32,0x36,0x35,0x10,
  0x21,0x22,0x6,0x7,0x27,0x13,0x21,0x15,0x21,0x3,0x3e,0x1,0x2,0x4a,0xdd,0x1,
  0x2,0xfe,0xdb,0xfe,0xf2,0xf5,0x8c,0x51,0xd2,0x5a,0x9f,0xa6,0xfe,0xb2,0x2f,0x8a,
  0x34,0x69,0x38,0x2,0xf8,0xfd,0xd7,0x21,0x23,0x65,0x3,0x91,0xea,0xca,0xea,0xfe,
  0xf9,0x4f,0xd5,0x2e,0x32,0x8e,0x89,0x1,0x6,0x13,0xc,0x3e,0x2,0xca,0xd1,0xfe,
  0x96,0x6,0x10,0x0,0x2,0x0,0x5e,0xff,0xec,0x4,0x3f,0x5,0xc9,0x0,0x17,0x0,
  0x24,0x0,0x44,0x40,0x23,0x1b,0x11,0x22,0xa,0xa,0x0,0x0,0x5,0x11,0x3,0x26,
  0x25,0xa,0x14,0xe,0xe,0x1e,0x4f,0x59,0xe,0xe,0x14,0x2,0x2,0x7,0x4f,0x59,
  0x2,0x7,0x14,0x18,0x4d,0x59,0x14,0x19,0x0,0x3f,0x2b,0x0,0x18,0x3f,0x2b,0x11,
  0x12,0x0,0x39,0x18,0x2f,0x2b,0x11,0x12,0x0,0x39,0x11,0x12,0x1,0x17,0x39,0x11,
  0x33,0x11,0x33,0x11,0x33,0x31,0x30,0x13,0x10,0x21,0x32,0x17,0x15,0x26,0x23,0x22,
  0x6,0x3,0x33,0x3e,0x1,0x33,0x32,0x16,0x15,0x14,0x0,0x23,0x22,0x26,0x2,0x5,
  0x32,0x36,0x35,0x34,0x26,0x23,0x22,0xe,0x1,0x15,0x14,0x16,0x5e,0x2,0xbb,0x6e,
  0x4c,0x4c,0x64,0xeb,0xec,0xa,0xc,0x2f,0xaa,0x73,0xc7,0xde,0xfe,0xff,0xde,0x9d,
  0xe8,0x7d,0x1,0xfe,0x79,0x83,0x7b,0x7b,0x4c,0x80,0x4a,0x99,0x2,0x6f,0x3,0x5a,
  0x11,0xc4,0x16,0xfc,0xfe,0xea,0x51,0x59,0xf4,0xd1,0xe6,0xfe,0xf5,0x97,0x1,0x21,
  0xf6,0x9c,0x91,0x7e,0x90,0x41,0x71,0x3b,0x8d,0xc1,0x0,0x0,0x1,0x0,0x4a,0x0,
  0x0,0x4,0x3d,0x5,0xb4,0x0,0x6,0x0,0x25,0x40,0x12,0x6,0x0,0x1,0x5,0x0,
  0x2,0x5,0x3,0x8,0x7,0x0,0x18,0x3,0x2,0x4e,0x59,0x3,0x6,0x0,0x3f,0x2b,
  0x0,0x18,0x3f,0x11,0x12,0x1,0x17,0x39,0x11,0x33,0x11,0x33,0x31,0x30,0x21,0x1,
  0x21,0x35,0x21,0x15,0x1,0x1,0x0,0x2,0x42,0xfd,0x8,0x3,0xf3,0xfd,0xc1,0x4,
  0xe5,0xcf,0xa4,0xfa,0xf0,0x0,0x0,0x0,0x3,0x0,0x58,0xff,0xec,0x4,0x39,0x5,
  0xc9,0x0,0x16,0x0,0x23,0x0,0x30,0x0,0x37,0x40,0x1d,0x3,0x8,0xe,0x14,0x2b,
  0x21,0x6,0x32,0x31,0x5,0x11,0x21,0x21,0x2b,0x2b,0xb,0x0,0x0,0x24,0x4f,0x59,
  0x0,0x7,0xb,0x1a,0x4f,0x59,0xb,0x19,0x0,0x3f,0x2b,0x0,0x18,0x3f,0x2b,0x11,
  0x12,0x0,0x39,0x18,0x2f,0x33,0x12,0x39,0x39,0x11,0x12,0x1,0x17,0x39,0x31,0x30,
  0x1,0x32,0x16,0x15,0x14,0x5,0x1e,0x1,0x15,0x14,0x4,0x23,0x22,0x24,0x35,0x34,
  0x36,0x37,0x2e,0x1,0x35,0x34,0x36,0x3,0x14,0x16,0x33,0x32,0x36,0x35,0x34,0x26,
  0x2f,0x1,0xe,0x1,0x1,0x22,0x6,0x15,0x14,0x1e,0x1,0x17,0x3e,0x1,0x35,0x34,
  0x26,0x2,0x48,0xd0,0xf2,0xfe,0xf2,0xac,0x91,0xfe,0xf6,0xe3,0xee,0xfe,0xfa,0x89,
  0x9c,0x86,0x72,0xfa,0x46,0x92,0x7d,0x81,0x8f,0x84,0x86,0x1d,0x84,0x74,0x1,0xd,
  0x64,0x7a,0x2c,0x54,0x64,0x78,0x63,0x7b,0x5,0xc9,0xbf,0xa0,0xe1,0x85,0x56,0xbe,
  0x75,0xb5,0xda,0xcc,0xbb,0x7a,0xc3,0x4c,0x50,0xb2,0x6f,0x9f,0xbd,0xfb,0xb2,0x68,
  0x73,0x77,0x66,0x51,0x86,0x39,0xd,0x3a,0x8b,0x3,0x3f,0x63,0x55,0x34,0x52,0x43,
  0x2f,0x35,0x75,0x4e,0x55,0x63,0x0,0x0,0x2,0x0,0x56,0xff,0xec,0x4,0x37,0x5,
  0xc9,0x0,0x18,0x0,0x25,0x0,0x44,0x40,0x23,0x22,0xc,0xc,0x0,0x1c,0x12,0x0,
  0x6,0x12,0x3,0x27,0x26,0xc,0xf,0x15,0xf,0x1f,0x4f,0x59,0xf,0xf,0x3,0x15,
  0x15,0x19,0x4d,0x59,0x15,0x7,0x3,0x8,0x4f,0x59,0x3,0x19,0x0,0x3f,0x2b,0x0,
  0x18,0x3f,0x2b,0x11,0x12,0x0,0x39,0x18,0x2f,0x2b,0x11,0x12,0x0,0x39,0x11,0x12,
  0x1,0x17,0x39,0x11,0x33,0x11,0x33,0x11,0x33,0x31,0x30,0x1,0x10,0x0,0x21,0x22,
  0x27,0x35,0x16,0x33,0x32,0x12,0x13,0x23,0xe,0x1,0x23,0x22,0x26,0x35,0x34,0x0,
  0x33,0x32,0x16,0x12,0x25,0x22,0x6,0x15,0x14,0x16,0x33,0x32,0x36,0x35,0x34,0x2e,
  0x1,0x4,0x37,0xfe,0xa4,0xfe,0xa2,0x85,0x3a,0x59,0x5a,0xee,0xea,0xb,0xc,0x3b,
  0xa7,0x70,0xc2,0xde,0x1,0x1,0xde,0x9c,0xe8,0x7e,0xfe,0x2,0x7a,0x82,0x79,0x7b,
  0x77,0xa2,0x45,0x7c,0x3,0x46,0xfe,0x50,0xfe,0x56,0x10,0xc5,0x19,0x1,0x0,0x1,
  0x12,0x5a,0x50,0xf2,0xd3,0xe5,0x1,0xf,0x98,0xfe,0xdf,0xf6,0x9f,0x90,0x7d,0x8f,
  0x8e,0x5f,0x59,0x9b,0x5a,0x0,0x0,0x0,0x2,0x0,0x85,0xff,0xe3,0x1,0xae,0x4,
  0x6a,0x0,0xb,0x0,0x16,0x0,0x28,0x40,0x14,0x11,0xc,0x6,0x6,0x0,0x0,0x18,
  0x17,0xe,0x14,0x51,0x59,0xe,0x10,0x9,0x3,0x51,0x59,0x9,0x13,0x0,0x3f,0x2b,
  0x0,0x18,0x3f,0x2b,0x11,0x12,0x1,0x39,0x11,0x33,0x12,0x39,0x39,0x31,0x30,0x37,
  0x34,0x36,0x33,0x32,0x16,0x15,0x14,0x6,0x23,0x22,0x26,0x11,0x34,0x33,0x32,0x16,
  0x15,0x14,0x6,0x23,0x22,0x26,0x85,0x4c,0x48,0x49,0x4c,0x4d,0x48,0x48,0x4c,0x94,
  0x4b,0x4a,0x4d,0x48,0x48,0x4c,0x7d,0x49,0x4e,0x51,0x46,0x47,0x53,0x52,0x3,0x9e,
  0x97,0x50,0x47,0x47,0x53,0x52,0x0,0x0,0x2,0x0,0x3f,0xfe,0xf8,0x1,0xac,0x4,
  0x6a,0x0,0x6,0x0,0x11,0x0,0x32,0x40,0x1b,0xc,0x7,0x1,0x6,0x6,0x4,0x7,
  0x3,0x13,0x12,0x4,0x0,0x6,0x10,0x6,0x90,0x6,0x3,0xd,0x3,0x6,0x9,0xf,
  0x51,0x59,0x9,0x10,0x0,0x3f,0x2b,0x0,0x18,0x2f,0x5f,0x5e,0x5d,0xc6,0x11,0x12,
  0x1,0x17,0x39,0x11,0x33,0x11,0x33,0x31,0x30,0x25,0x17,0x6,0x3,0x23,0x12,0x37,
  0x3,0x34,0x33,0x32,0x16,0x15,0x14,0x6,0x23,0x22,0x26,0x1,0x8d,0xf,0x30,0x80,
  0xad,0x45,0x22,0x23,0x94,0x4b,0x4a,0x4d,0x48,0x48,0x4c,0xee,0x17,0xba,0xfe,0xdb,
  0x1,0xe,0xe8,0x2,0xe5,0x97,0x50,0x47,0x47,0x53,0x52,0x0,0x1,0x0,0x60,0x0,
  0xdd,0x4,0x31,0x4,0xec,0x0,0x6,0x0,0x26,0x40,0x16,0x5,0x1,0x0,0x1,0x4,
  0x3,0x8,0x7,0x0,0xf,0x3,0x1,0x3f,0x3,0x6f,0x3,0x8f,0x3,0xef,0x3,0x4,
  0x3,0x0,0x2f,0x5d,0x71,0xc6,0x11,0x12,0x1,0x17,0x39,0x11,0x33,0x31,0x30,0x25,
  0x1,0x35,0x1,0x15,0x9,0x1,0x4,0x31,0xfc,0x2f,0x3,0xd1,0xfd,0x23,0x2,0xdd,
  0xdd,0x1,0xae,0x79,0x1,0xe8,0xc3,0xfe,0xa8,0xfe,0xd1,0x0,0x2,0x0,0x66,0x1,
  0xb0,0x4,0x29,0x3,0xf2,0x0,0x3,0x0,0x7,0x0,0x2d,0x40,0x1b,0x4,0x7,0x0,
  0x3,0x4,0x9,0x8,0x4,0x5,0x52,0x59,0x4,0x1,0x1,0x0,0x52,0x59,0xf,0x1,
  0x2f,0x1,0x4f,0x1,0x6f,0x1,0x4,0x1,0x0,0x2f,0x5d,0x2b,0x0,0x18,0x10,0xc6,
  0x2b,0x11,0x12,0x1,0x17,0x39,0x31,0x30,0x13,0x35,0x21,0x15,0x1,0x35,0x21,0x15,
  0x66,0x3,0xc3,0xfc,0x3d,0x3,0xc3,0x3,0x3f,0xb3,0xb3,0xfe,0x71,0xb2,0xb2,0x0,
  0x1,0x0,0x60,0x0,0xdd,0x4,0x31,0x4,0xec,0x0,0x6,0x0,0x26,0x40,0x16,0x1,
  0x5,0x2,0x5,0x6,0x3,0x8,0x7,0x6,0xf,0x3,0x1,0x3f,0x3,0x6f,0x3,0x8f,
  0x3,0xef,0x3,0x4,0x3,0x0,0x2f,0x5d,0x71,0xc6,0x11,0x12,0x1,0x17,0x39,0x11,
  0x33,0x31,0x30,0x13,0x9,0x1,0x35,0x1,0x15,0x1,0x60,0x2,0xdd,0xfd,0x23,0x3,
  0xd1,0xfc,0x2f,0x1,0xa2,0x1,0x2f,0x1,0x58,0xc3,0xfe,0x18,0x79,0xfe,0x52,0x0,
  0x2,0x0,0x10,0xff,0xe3,0x3,0x6d,0x5,0xcb,0x0,0x1b,0x0,0x26,0x0,0x41,0x40,
  0x21,0x21,0x1c,0x1b,0x0,0x7,0x13,0x0,0xe,0x13,0x1c,0x4,0x28,0x27,0x4,0x17,
  0x17,0x10,0x0,0x0,0x24,0x10,0x10,0xa,0x4b,0x59,0x10,0x4,0x24,0x1e,0x51,0x59,
  0x24,0x13,0x0,0x3f,0x2b,0x0,0x18,0x3f,0x2b,0x11,0x12,0x0,0x39,0x18,0x2f,0x12,
  0x39,0x11,0x33,0x11,0x12,0x1,0x17,0x39,0x11,0x33,0x11,0x33,0x11,0x33,0x31,0x30,
  0x1,0x35,0x34,0x36,0x37,0x3e,0x1,0x35,0x34,0x26,0x23,0x22,0x6,0x7,0x27,0x36,
  0x33,0x32,0x16,0x15,0x14,0xe,0x1,0x7,0xe,0x1,0x1d,0x1,0x3,0x34,0x33,0x32,
  0x16,0x15,0x14,0x6,0x23,0x22,0x26,0x1,0x1b,0x50,0x64,0x77,0x45,0x70,0x69,0x5f,
  0xa2,0x4d,0x54,0xcb,0xe8,0xc4,0xe6,0x2c,0x59,0x6d,0x5d,0x3f,0xed,0x93,0x48,0x4c,
  0x4d,0x47,0x47,0x4c,0x1,0xbc,0x40,0x6e,0x92,0x4e,0x5e,0x68,0x48,0x54,0x5a,0x36,
  0x26,0xb0,0x71,0xc0,0xa9,0x4b,0x75,0x6a,0x55,0x49,0x60,0x51,0x2d,0xfe,0xc1,0x97,
  0x4f,0x48,0x47,0x53,0x51,0x0,0x0,0x0,0x2,0x0,0x6f,0xff,0x56,0x6,0xbe,0x5,
  0xbe,0x0,0x35,0x0,0x3f,0x0,0x4c,0x40,0x26,0x1b,0x0,0x3b,0x14,0x3a,0x7,0x16,
  0x36,0xe,0x23,0x2e,0x0,0xe,0x14,0x16,0x28,0x2e,0x6,0x41,0x40,0x8,0xb,0x3d,
  0x11,0x11,0x32,0x18,0x38,0x38,0x4,0xb,0xb,0x2b,0x1f,0x32,0x3,0x26,0x2b,0x0,
  0x2f,0x33,0x3f,0x33,0x12,0x39,0x2f,0x33,0x33,0x11,0x33,0x11,0x39,0x2f,0x33,0x12,
  0x39,0x11,0x12,0x1,0x17,0x39,0x11,0x33,0x11,0x33,0x11,0x33,0x33,0x11,0x33,0x11,
  0x33,0x31,0x30,0x1,0x14,0xe,0x1,0x23,0x22,0x26,0x27,0x23,0xe,0x1,0x23,0x22,
  0x26,0x35,0x34,0x12,0x33,0x32,0x16,0x17,0x3,0x15,0x14,0x33,0x32,0x36,0x35,0x34,
  0x2,0x24,0x23,0x22,0x4,0x2,0x15,0x10,0x0,0x21,0x32,0x37,0x15,0x6,0x23,0x20,
  0x0,0x11,0x10,0x12,0x24,0x33,0x32,0x4,0x12,0x1,0x14,0x33,0x32,0x13,0x37,0x26,
  0x23,0x22,0x6,0x6,0xbe,0x5a,0xa3,0x6b,0x4f,0x74,0x14,0xc,0x31,0x90,0x5a,0xa3,
  0xbb,0xf8,0xd1,0x4c,0xb9,0x48,0x16,0x68,0x4f,0x5d,0x8c,0xfe,0xfe,0xa7,0xd5,0xfe,
  0xc5,0xa6,0x1,0x36,0x1,0x22,0xdd,0xf0,0xd2,0xf7,0xfe,0x8e,0xfe,0x62,0xe0,0x1,
  0x8d,0xfb,0xd9,0x1,0x53,0xbb,0xfb,0xfc,0xb7,0xc1,0x12,0xc,0x3f,0x48,0x80,0x8f,
  0x2,0xe3,0x8f,0xed,0x84,0x54,0x48,0x4e,0x4e,0xd2,0xb3,0xce,0x1,0x1,0x1b,0x18,
  0xfe,0x2f,0x18,0xa0,0xcc,0x9e,0xab,0x1,0x3,0x8c,0xb0,0xfe,0xb9,0xd8,0xfe,0xde,
  0xfe,0xc8,0x5a,0xa4,0x56,0x1,0x8f,0x1,0x65,0x1,0x5,0x1,0x97,0xd8,0xb4,0xfe,
  0xb3,0xfe,0xa7,0xe9,0x1,0x25,0xef,0x11,0xaa,0x0,0x0,0x0,0x2,0x0,0x0,0x0,
  0x0,0x5,0x4a,0x5,0xbc,0x0,0x7,0x0,0xf,0x0,0x37,0x40,0x1e,0x6,0x5,0xc,
  0x0,0x7,0x3,0x4,0x1,0x2,0x4,0x7,0x8,0xc,0xf,0x7,0x11,0x10,0xf,0x2,
  0x4c,0x59,0xf,0xf,0x5,0x0,0x4,0x12,0xc,0x5,0x3,0x0,0x3f,0x33,0x3f,0x33,
  0x12,0x39,0x2f,0x2b,0x11,0x12,0x1,0x17,0x39,0x11,0x33,0x11,0x33,0x11,0x33,0x33,
  0x31,0x30,0x21,0x3,0x21,0x3,0x23,0x1,0x21,0x9,0x1,0x3,0x2e,0x1,0x27,0x6,
  0x7,0x3,0x4,0x4c,0x92,0xfd,0xd1,0x8f,0xfc,0x2,0x23,0x1,0x4,0x2,0x23,0xfe,
  0x31,0x89,0xf,0x35,0xa,0x1b,0x34,0x84,0x1,0x96,0xfe,0x6a,0x5,0xbc,0xfa,0x44,
  0x2,0x64,0x1,0x8e,0x28,0xac,0x28,0x7b,0x92,0xfe,0x83,0x0,0x3,0x0,0xc1,0x0,
  0x0,0x4,0xd9,0x5,0xb6,0x0,0xf,0x0,0x18,0x0,0x21,0x0,0x49,0x40,0x26,0x14,
  0x4,0x1e,0xb,0x10,0x1a,0x1a,0xf,0x4,0x8,0xb,0xf,0x4,0x23,0x22,0x8,0x19,
  0x10,0x10,0x19,0x4b,0x59,0x10,0x10,0xf,0x0,0x0,0x18,0x4c,0x59,0x0,0x3,0xf,
  0x1a,0x4c,0x59,0xf,0x12,0x0,0x3f,0x2b,0x0,0x18,0x3f,0x2b,0x11,0x12,0x0,0x39,
  0x18,0x2f,0x2b,0x11,0x12,0x0,0x39,0x11,0x12,0x1,0x17,0x39,0x11,0x33,0x11,0x33,
  0x11,0x33,0x11,0x33,0x31,0x30,0x13,0x21,0x20,0x4,0x15,0x14,0x6,0x7,0x15,0x1e,
  0x1,0x15,0x14,0x4,0x23,0x21,0x13,0x33,0x32,0x36,0x35,0x34,0x26,0x2b,0x1,0x19,
  0x1,0x33,0x32,0x36,0x35,0x34,0x26,0x23,0xc1,0x1,0xb2,0x1,0x2e,0x1,0xd,0x84,
  0x7c,0x9a,0x91,0xfe,0xed,0xf5,0xfd,0xf0,0xef,0xe6,0x96,0x8a,0x95,0xa2,0xcf,0xfe,
  0x96,0x99,0x9c,0x9f,0x5,0xb6,0xb0,0xbe,0x80,0xaa,0x16,0xa,0x1d,0xab,0x92,0xc5,
  0xdf,0x3,0x5a,0x5f,0x72,0x67,0x5c,0xfd,0xaa,0xfe,0x31,0x73,0x7c,0x72,0x6e,0x0,
  0x1,0x0,0x79,0xff,0xec,0x4,0xcf,0x5,0xcb,0x0,0x18,0x0,0x26,0x40,0x14,0x3,
  0xf,0x9,0xf,0x15,0x3,0x1a,0x19,0x13,0x0,0x4c,0x59,0x13,0x4,0xc,0x6,0x4c,
  0x59,0xc,0x13,0x0,0x3f,0x2b,0x0,0x18,0x3f,0x2b,0x11,0x12,0x1,0x17,0x39,0x11,
  0x33,0x31,0x30,0x1,0x22,0x2,0x11,0x10,0x12,0x33,0x32,0x36,0x37,0x15,0x6,0x23,
  0x20,0x0,0x11,0x34,0x12,0x24,0x33,0x32,0x17,0x7,0x2e,0x1,0x3,0x2f,0xce,0xec,
  0xe3,0xd7,0x5d,0xae,0x5e,0xac,0xda,0xfe,0xbf,0xfe,0xa8,0xa7,0x1,0x3c,0xd5,0xe0,
  0xbe,0x56,0x4a,0xa5,0x4,0xfe,0xfe,0xdc,0xfe,0xff,0xfe,0xf3,0xfe,0xec,0x25,0x1d,
  0xcd,0x41,0x1,0x85,0x1,0x6a,0xe4,0x1,0x56,0xb6,0x5e,0xc7,0x23,0x35,0x0,0x0,
  0x2,0x0,0xc1,0x0,0x0,0x5,0x66,0x5,0xb6,0x0,0x8,0x0,0xf,0x0,0x28,0x40,
  0x14,0xd,0x4,0x9,0x0,0x4,0x0,0x10,0x11,0x5,0xc,0x4c,0x59,0x5,0x3,0x4,
  0xd,0x4c,0x59,0x4,0x12,0x0,0x3f,0x2b,0x0,0x18,0x3f,0x2b,0x11,0x12,0x1,0x39,
  0x39,0x11,0x33,0x11,0x33,0x31,0x30,0x1,0x10,0x0,0x29,0x1,0x11,0x21,0x20,0x0,
  0x3,0x10,0x21,0x23,0x11,0x33,0x20,0x5,0x66,0xfe,0x6e,0xfe,0x86,0xfe,0x67,0x1,
  0xc4,0x1,0x5d,0x1,0x84,0xfc,0xfe,0x15,0xcf,0xaa,0x2,0x10,0x2,0xe9,0xfe,0x96,
  0xfe,0x81,0x5,0xb6,0xfe,0x88,0xfe,0xa3,0x2,0xd,0xfb,0xdb,0x0,0x0,0x0,0x0,
  0x1,0x0,0xc1,0x0,0x0,0x3,0xfc,0x5,0xb6,0x0,0xb,0x0,0x3d,0x40,0x20,0x4,
  0x0,0x6,0xa,0xa,0x1,0x0,0x1,0x8,0x3,0xd,0xc,0x6,0x9,0x4c,0x59,0x6,
  0x6,0x1,0x2,0x2,0x5,0x4c,0x59,0x2,0x3,0x1,0xa,0x4c,0x59,0x1,0x12,0x0,
  0x3f,0x2b,0x0,0x18,0x3f,0x2b,0x11,0x12,0x0,0x39,0x18,0x2f,0x2b,0x11,0x12,0x1,
  0x17,0x39,0x11,0x33,0x11,0x33,0x11,0x33,0x31,0x30,0x29,0x1,0x11,0x21,0x15,0x21,
  0x11,0x21,0x15,0x21,0x11,0x21,0x3,0xfc,0xfc,0xc5,0x3,0x3b,0xfd,0xb4,0x2,0x27,
  0xfd,0xd9,0x2,0x4c,0x5,0xb6,0xca,0xfe,0x72,0xc8,0xfe,0x35,0x0,0x0,0x0,0x0,
  0x1,0x0,0xc1,0x0,0x0,0x3,0xfa,0x5,0xb6,0x0,0x9,0x0,0x38,0x40,0x1e,0x6,
  0x0,0x0,0x1,0x4,0x7,0x1,0x3,0xa,0xb,0x6,0x9,0x4c,0x59,0xf,0x6,0x1,
  0xb,0x3,0x6,0x6,0x2,0x1,0x12,0x2,0x5,0x4c,0x59,0x2,0x3,0x0,0x3f,0x2b,
  0x0,0x18,0x3f,0x12,0x39,0x2f,0x5f,0x5e,0x5d,0x2b,0x11,0x12,0x1,0x17,0x39,0x11,
  0x33,0x11,0x33,0x31,0x30,0x21,0x23,0x11,0x21,0x15,0x21,0x11,0x21,0x15,0x21,0x1,
  0xae,0xed,0x3,0x39,0xfd,0xb4,0x2,0x27,0xfd,0xd9,0x5,0xb6,0xca,0xfe,0x37,0xcb,
  0x0,0x0,0x0,0x0,0x1,0x0,0x79,0xff,0xec,0x5,0x31,0x5,0xcb,0x0,0x1a,0x0,
  0x3a,0x40,0x1f,0x18,0x2,0x13,0x8,0x2,0x8,0x1a,0xd,0x4,0x1c,0x1b,0x0,0x1a,
  0x4c,0x59,0x0,0x0,0x5,0xb,0xb,0x10,0x4c,0x59,0xb,0x4,0x5,0x16,0x4c,0x59,
  0x5,0x13,0x0,0x3f,0x2b,0x0,0x18,0x3f,0x2b,0x11,0x12,0x0,0x39,0x18,0x2f,0x2b,
  0x11,0x12,0x1,0x17,0x39,0x11,0x33,0x11,0x33,0x31,0x30,0x1,0x21,0x11,0xe,0x1,
  0x23,0x20,0x0,0x11,0x10,0x0,0x21,0x32,0x17,0x7,0x26,0x23,0x22,0x0,0x15,0x10,
  0x12,0x33,0x32,0x37,0x11,0x21,0x3,0x17,0x2,0x1a,0x84,0xf3,0x8d,0xfe,0xb4,0xfe,
  0x98,0x1,0x96,0x1,0x64,0xe5,0xcd,0x54,0xb2,0xb2,0xea,0xfe,0xf0,0xf5,0xe6,0x74,
  0x84,0xfe,0xd1,0x3,0x19,0xfd,0x22,0x2b,0x24,0x1,0x89,0x1,0x66,0x1,0x61,0x1,
  0x8f,0x58,0xc7,0x52,0xfe,0xda,0xff,0xfe,0xf4,0xfe,0xe9,0x1d,0x1,0x79,0x0,0x0,
  0x1,0x0,0xc1,0x0,0x0,0x5,0x42,0x5,0xb6,0x0,0xb,0x0,0x33,0x40,0x19,0x8,
  0x4,0x4,0x5,0x9,0x1,0x1,0x0,0x5,0x0,0xc,0xd,0x8,0x3,0x4c,0x59,0x8,
  0x8,0x5,0xa,0x6,0x3,0x1,0x5,0x12,0x0,0x3f,0x33,0x3f,0x33,0x12,0x39,0x2f,
  0x2b,0x11,0x12,0x1,0x39,0x39,0x11,0x33,0x11,0x33,0x11,0x33,0x11,0x33,0x31,0x30,
  0x21,0x23,0x11,0x21,0x11,0x23,0x11,0x33,0x11,0x21,0x11,0x33,0x5,0x42,0xf0,0xfd,
  0x5e,0xef,0xef,0x2,0xa2,0xf0,0x2,0x93,0xfd,0x6d,0x5,0xb6,0xfd,0xaa,0x2,0x56,
  0x0,0x0,0x0,0x0,0x1,0x0,0xc1,0x0,0x0,0x1,0xb0,0x5,0xb6,0x0,0x3,0x0,
  0x11,0xb6,0x0,0x5,0x4,0x1,0x3,0x0,0x12,0x0,0x3f,0x3f,0x11,0x12,0x1,0x39,
  0x31,0x30,0x33,0x11,0x33,0x11,0xc1,0xef,0x5,0xb6,0xfa,0x4a,0x0,0x0,0x0,0x0,
  0x1,0xff,0x64,0xfe,0x68,0x1,0xaa,0x5,0xb6,0x0,0xc,0x0,0x1f,0x40,0xe,0xa,
  0x3,0x7,0x7,0xe,0xd,0x8,0x3,0x0,0x5,0x4c,0x59,0x0,0x23,0x0,0x3f,0x2b,
  0x0,0x18,0x3f,0x11,0x12,0x1,0x39,0x11,0x33,0x33,0x31,0x30,0x13,0x22,0x27,0x35,
  0x16,0x33,0x32,0x35,0x11,0x33,0x11,0x14,0x6,0x8,0x62,0x42,0x54,0x3e,0xc4,0xf0,
  0xd5,0xfe,0x68,0x19,0xc9,0x15,0xf8,0x5,0x89,0xfa,0x7f,0xe0,0xed,0x0,0x0,0x0,
  0x1,0x0,0xc1,0x0,0x0,0x5,0x1d,0x5,0xb6,0x0,0xe,0x0,0x35,0x40,0x1c,0xb,
  0xc,0x1,0x0,0x8,0x4,0x4,0x5,0x0,0x2,0x5,0xc,0xe,0x5,0x10,0xf,0x2,
  0xe,0x3,0x8,0x4,0x5,0xb,0x6,0x3,0x1,0x5,0x12,0x0,0x3f,0x33,0x3f,0x33,
  0x12,0x17,0x39,0x11,0x12,0x1,0x17,0x39,0x11,0x33,0x11,0x33,0x11,0x33,0x11,0x33,
  0x31,0x30,0x29,0x1,0x1,0x7,0x11,0x23,0x11,0x33,0x11,0x36,0x37,0x1,0x21,0x0,
  0x7,0x5,0x1d,0xfe,0xeb,0xfe,0x35,0x8d,0xef,0xef,0x62,0x61,0x1,0x8b,0x1,0x10,
  0xfe,0x81,0xa6,0x2,0x96,0x73,0xfd,0xdd,0x5,0xb6,0xfd,0x46,0x78,0x6f,0x1,0xd3,
  0xfe,0x3e,0xbf,0x0,0x1,0x0,0xc1,0x0,0x0,0x4,0x1b,0x5,0xb6,0x0,0x5,0x0,
  0x1f,0x40,0xe,0x3,0x0,0x5,0x0,0x7,0x6,0x1,0x3,0x0,0x3,0x4c,0x59,0x0,
  0x12,0x0,0x3f,0x2b,0x0,0x18,0x3f,0x11,0x12,0x1,0x39,0x39,0x11,0x33,0x31,0x30,
  0x33,0x11,0x33,0x11,0x21,0x15,0xc1,0xef,0x2,0x6b,0x5,0xb6,0xfb,0x17,0xcd,0x0,
  0x1,0x0,0xc1,0x0,0x0,0x6,0xa2,0x5,0xb6,0x0,0x14,0x0,0x3e,0x40,0x1f,0x12,
  0xb,0xe,0xe,0xd,0x14,0x0,0x9,0x2,0x8,0x5,0x5,0x6,0x6,0x9,0xd,0x3,
  0x16,0x15,0x2,0x12,0x9,0x3,0x6,0xb,0x7,0x3,0x0,0xe,0x6,0x12,0x0,0x3f,
  0x33,0x33,0x3f,0x33,0x12,0x17,0x39,0x11,0x12,0x1,0x17,0x39,0x11,0x33,0x11,0x33,
  0x33,0x11,0x33,0x33,0x11,0x33,0x11,0x33,0x33,0x31,0x30,0x21,0x1,0x23,0x12,0x15,
  0x11,0x23,0x11,0x21,0x1,0x33,0x1,0x21,0x11,0x23,0x11,0x34,0x12,0x37,0x23,0x1,
  0x3,0x39,0xfe,0x58,0x8,0x11,0xd9,0x1,0x51,0x1,0x96,0x6,0x1,0xa2,0x1,0x52,
  0xe6,0xb,0x4,0x8,0xfe,0x49,0x4,0xc5,0xfe,0xf0,0xee,0xfd,0x39,0x5,0xb6,0xfb,
  0x75,0x4,0x8b,0xfa,0x4a,0x2,0xd3,0x6d,0x1,0x5e,0x25,0xfb,0x3d,0x0,0x0,0x0,
  0x1,0x0,0xc1,0x0,0x0,0x5,0x83,0x5,0xb6,0x0,0x11,0x0,0x32,0x40,0x17,0xc,
  0x1,0x10,0x10,0x0,0x3,0xa,0x7,0x7,0x8,0x8,0x0,0x13,0x12,0x3,0xc,0x8,
  0x10,0x9,0x3,0x1,0x8,0x12,0x0,0x3f,0x33,0x3f,0x33,0x12,0x39,0x39,0x11,0x12,
  0x1,0x39,0x39,0x11,0x33,0x11,0x33,0x33,0x11,0x33,0x11,0x33,0x33,0x31,0x30,0x29,
  0x1,0x1,0x23,0x17,0x16,0x15,0x11,0x23,0x11,0x21,0x1,0x33,0x26,0x2,0x35,0x11,
  0x33,0x5,0x83,0xfe,0xdb,0xfd,0x31,0x8,0x5,0xe,0xd9,0x1,0x22,0x2,0xcd,0x6,
  0x2,0xc,0xdb,0x4,0x8d,0x41,0xba,0x9a,0xfd,0x8,0x5,0xb6,0xfb,0x79,0x17,0x1,
  0x21,0x51,0x2,0xfe,0x0,0x0,0x0,0x0,0x2,0x0,0x79,0xff,0xec,0x5,0xd3,0x5,
  0xcd,0x0,0xb,0x0,0x17,0x0,0x28,0x40,0x14,0xc,0x6,0x12,0x0,0x6,0x0,0x18,
  0x19,0x9,0x15,0x4c,0x59,0x9,0x4,0x3,0xf,0x4c,0x59,0x3,0x13,0x0,0x3f,0x2b,
  0x0,0x18,0x3f,0x2b,0x11,0x12,0x1,0x39,0x39,0x11,0x33,0x11,0x33,0x31,0x30,0x1,
  0x10,0x0,0x21,0x20,0x0,0x11,0x10,0x0,0x21,0x20,0x0,0x1,0x10,0x12,0x33,0x32,
  0x12,0x11,0x10,0x2,0x23,0x22,0x2,0x5,0xd3,0xfe,0x9b,0xfe,0xb9,0xfe,0xb5,0xfe,
  0x9d,0x1,0x65,0x1,0x4b,0x1,0x46,0x1,0x64,0xfb,0xa4,0xda,0xd6,0xd5,0xd9,0xd7,
  0xd5,0xd7,0xdb,0x2,0xdd,0xfe,0x9b,0xfe,0x74,0x1,0x89,0x1,0x6a,0x1,0x6a,0x1,
  0x84,0xfe,0x76,0xfe,0x9a,0xfe,0xf2,0xfe,0xe9,0x1,0x14,0x1,0x11,0x1,0xd,0x1,
  0x16,0xfe,0xea,0x0,0x2,0x0,0xc1,0x0,0x0,0x4,0x89,0x5,0xb6,0x0,0xa,0x0,
  0x13,0x0,0x32,0x40,0x19,0xf,0x0,0xb,0x5,0x5,0x6,0x6,0x0,0x15,0x14,0xb,
  0x4,0x4c,0x59,0xb,0xb,0x7,0x6,0x12,0x7,0x13,0x4c,0x59,0x7,0x3,0x0,0x3f,
  0x2b,0x0,0x18,0x3f,0x12,0x39,0x2f,0x2b,0x11,0x12,0x1,0x39,0x39,0x11,0x33,0x11,
  0x33,0x11,0x33,0x31,0x30,0x1,0x14,0x4,0x21,0x23,0x11,0x23,0x11,0x21,0x20,0x4,
  0x1,0x33,0x32,0x36,0x35,0x34,0x26,0x2b,0x1,0x4,0x89,0xfe,0xd4,0xfe,0xeb,0x98,
  0xef,0x1,0xa5,0x1,0x12,0x1,0x11,0xfd,0x27,0x7f,0xb8,0xac,0x9a,0xa3,0xa6,0x3,
  0xfc,0xe5,0xf4,0xfd,0xdd,0x5,0xb6,0xe0,0xfe,0x16,0x80,0x88,0x7e,0x7c,0x0,0x0,
  0x2,0x0,0x79,0xfe,0xa4,0x5,0xd3,0x5,0xcd,0x0,0xf,0x0,0x1b,0x0,0x3b,0x40,
  0x1f,0x5,0x4,0x3,0x6,0x16,0x0,0x10,0xa,0x0,0x4,0x6,0xa,0x4,0x1d,0x1c,
  0xd,0x19,0x4c,0x59,0xd,0x4,0x5,0x7,0x3,0x7,0x7,0x13,0x4c,0x59,0x7,0x13,
  0x0,0x3f,0x2b,0x11,0x0,0x33,0x18,0x10,0xc6,0x3f,0x2b,0x11,0x12,0x1,0x17,0x39,
  0x11,0x33,0x11,0x33,0x11,0x33,0x11,0x33,0x31,0x30,0x1,0x10,0x2,0x7,0x1,0x21,
  0x1,0x23,0x20,0x0,0x11,0x10,0x0,0x21,0x20,0x0,0x1,0x10,0x12,0x33,0x32,0x12,
  0x11,0x10,0x2,0x23,0x22,0x2,0x5,0xd3,0xcb,0xc2,0x1,0x5e,0xfe,0xbe,0xfe,0xec,
  0x27,0xfe,0xb5,0xfe,0x9d,0x1,0x65,0x1,0x4b,0x1,0x46,0x1,0x64,0xfb,0xa4,0xda,
  0xd6,0xd5,0xd9,0xd7,0xd5,0xd7,0xdb,0x2,0xdd,0xfe,0xf6,0xfe,0x94,0x4a,0xfe,0x87,
  0x1,0x48,0x1,0x89,0x1,0x6a,0x1,0x6a,0x1,0x84,0xfe,0x76,0xfe,0x9a,0xfe,0xf2,
  0xfe,0xe9,0x1,0x14,0x1,0x11,0x1,0xd,0x1,0x16,0xfe,0xea,0x0,0x0,0x0,0x0,
  0x2,0x0,0xc1,0x0,0x0,0x5,0xa,0x5,0xb6,0x0,0x8,0x0,0x15,0x0,0x44,0x40,
  0x23,0x12,0x15,0x4,0x10,0x14,0x13,0x0,0xa,0xa,0xb,0xb,0x10,0x13,0x15,0x4,
  0x17,0x16,0x12,0x9,0x0,0x9,0x4b,0x59,0x0,0x0,0xc,0x14,0xb,0x12,0xc,0x8,
  0x4c,0x59,0xc,0x3,0x0,0x3f,0x2b,0x0,0x18,0x3f,0x33,0x12,0x39,0x2f,0x2b,0x11,
  0x0,0x33,0x11,0x12,0x1,0x17,0x39,0x11,0x33,0x11,0x33,0x11,0x33,0x11,0x33,0x11,
  0x33,0x31,0x30,0x1,0x33,0x32,0x36,0x35,0x34,0x26,0x2b,0x1,0x19,0x1,0x23,0x11,
  0x21,0x20,0x4,0x15,0x10,0x5,0x1,0x21,0x1,0x1,0xb0,0xa6,0xa7,0x96,0xa2,0xa3,
  0x9e,0xef,0x1,0x9d,0x1,0x1b,0x1,0x10,0xfe,0xe4,0x1,0x9d,0xfe,0xf0,0xfe,0xa2,
  0x3,0xe,0x7c,0x7a,0x7c,0x6c,0xfd,0x5c,0xfd,0xb8,0x5,0xb6,0xd4,0xd6,0xfe,0xef,
  0x74,0xfd,0x79,0x2,0x48,0x0,0x0,0x0,0x1,0x0,0x64,0xff,0xec,0x4,0xc,0x5,
  0xcb,0x0,0x24,0x0,0x34,0x40,0x1b,0xc,0x0,0x1d,0x12,0x5,0x12,0x17,0x0,0x4,
  0x26,0x25,0xc,0x1d,0x3,0x15,0x15,0x1a,0x4c,0x59,0x15,0x4,0x3,0x9,0x4c,0x59,
  0x3,0x13,0x0,0x3f,0x2b,0x0,0x18,0x3f,0x2b,0x11,0x12,0x0,0x39,0x39,0x11,0x12,
  0x1,0x17,0x39,0x11,0x33,0x11,0x33,0x31,0x30,0x1,0x14,0x4,0x23,0x22,0x27,0x35,
  0x1e,0x1,0x33,0x32,0x36,0x35,0x34,0x26,0x27,0x2e,0x1,0x35,0x34,0x24,0x33,0x32,
  0x17,0x7,0x26,0x23,0x22,0x6,0x15,0x14,0x1e,0x1,0x17,0x1e,0x2,0x4,0xc,0xfe,
  0xe6,0xf8,0xf8,0x9e,0x64,0xe1,0x61,0x8e,0x87,0x7c,0xc2,0xc8,0xa4,0x1,0x4,0xdb,
  0xd2,0xd0,0x4c,0xc3,0x99,0x74,0x78,0x30,0x6e,0x8f,0xa1,0x96,0x46,0x1,0x8d,0xc3,
  0xde,0x4d,0xe2,0x2f,0x36,0x6c,0x5b,0x52,0x72,0x4e,0x51,0xd0,0x92,0xb7,0xd2,0x5c,
  0xc3,0x52,0x65,0x53,0x39,0x51,0x48,0x3b,0x43,0x74,0x92,0x0,0x1,0x0,0x1d,0x0,
  0x0,0x4,0x68,0x5,0xb6,0x0,0x7,0x0,0x25,0x40,0x12,0x0,0x1,0x1,0x3,0x6,
  0x3,0x9,0x8,0x1,0x12,0x7,0x3,0x4,0x3,0x4c,0x59,0x4,0x3,0x0,0x3f,0x2b,
  0x11,0x0,0x33,0x18,0x3f,0x11,0x12,0x1,0x17,0x39,0x11,0x33,0x31,0x30,0x21,0x23,
  0x11,0x21,0x35,0x21,0x15,0x21,0x2,0xba,0xef,0xfe,0x52,0x4,0x4b,0xfe,0x52,0x4,
  0xe9,0xcd,0xcd,0x0,0x1,0x0,0xb4,0xff,0xec,0x5,0x3b,0x5,0xb6,0x0,0x11,0x0,
  0x25,0x40,0x11,0x10,0x1,0xb,0x8,0x8,0x1,0x13,0x12,0x11,0x9,0x3,0x5,0xe,
  0x4c,0x59,0x5,0x13,0x0,0x3f,0x2b,0x0,0x18,0x3f,0x33,0x11,0x12,0x1,0x39,0x39,
  0x11,0x33,0x11,0x33,0x31,0x30,0x1,0x11,0x14,0x6,0x4,0x23,0x20,0x0,0x35,0x11,
  0x33,0x11,0x14,0x16,0x33,0x20,0x19,0x1,0x5,0x3b,0x8b,0xfe,0xf9,0xb7,0xfe,0xf0,
  0xfe,0xd2,0xf0,0xa8,0xae,0x1,0x52,0x5,0xb6,0xfc,0x4e,0xa2,0xf3,0x83,0x1,0x20,
  0xfc,0x3,0xae,0xfc,0x63,0xb5,0xac,0x1,0x63,0x3,0x9b,0x0,0x1,0x0,0x0,0x0,
  0x0,0x4,0xfa,0x5,0xb6,0x0,0xc,0x0,0x2a,0x40,0x14,0x3,0x2,0x9,0x0,0x1,
  0x5,0x4,0x1,0x4,0x9,0x3,0xe,0xd,0x9,0x3,0x0,0x4,0x3,0x3,0x12,0x0,
  0x3f,0x3f,0x33,0x12,0x39,0x11,0x12,0x1,0x17,0x39,0x11,0x33,0x11,0x33,0x11,0x33,
  0x33,0x31,0x30,0x1,0x33,0x1,0x23,0x1,0x33,0x1,0x1e,0x1,0x17,0x3e,0x1,0x37,
  0x4,0x2,0xf8,0xfe,0x0,0xfc,0xfe,0x2,0xf6,0x1,0x31,0x18,0x36,0x8,0xd,0x36,
  0x11,0x5,0xb6,0xfa,0x4a,0x5,0xb6,0xfc,0x73,0x41,0xcd,0x32,0x4c,0xc8,0x30,0x0,
  0x1,0x0,0xc,0x0,0x0,0x7,0x83,0x5,0xb6,0x0,0x1c,0x0,0x40,0x40,0x21,0x1,
  0x0,0x18,0xa,0x9,0x10,0x15,0x14,0x5,0x1b,0x1c,0xd,0xc,0x5,0xc,0x10,0x18,
  0x1c,0x5,0x1e,0x1d,0x10,0x5,0x18,0x3,0xa,0x1b,0x14,0xc,0x3,0x1,0xa,0x12,
  0x0,0x3f,0x33,0x3f,0x33,0x33,0x12,0x17,0x39,0x11,0x12,0x1,0x17,0x39,0x11,0x33,
  0x11,0x33,0x11,0x33,0x33,0x11,0x33,0x33,0x11,0x33,0x33,0x31,0x30,0x29,0x1,0x3,
  0x2e,0x1,0x27,0xe,0x1,0x7,0x3,0x21,0xb,0x1,0x33,0x13,0x16,0x17,0x3e,0x1,
  0x37,0x13,0x33,0x13,0x16,0x17,0x36,0x37,0x13,0x33,0x6,0x6,0xfe,0xfc,0xf8,0x10,
  0x30,0x5,0xa,0x2d,0xf,0xf2,0xfe,0xfc,0xbd,0xc0,0xf4,0xd1,0x31,0x15,0xb,0x2c,
  0x12,0xee,0xed,0xf4,0x23,0x27,0xf,0x39,0xd0,0xf2,0x3,0x68,0x39,0xd7,0x2a,0x40,
  0xcc,0x32,0xfc,0x9c,0x2,0xdc,0x2,0xda,0xfc,0xac,0xcd,0x9d,0x55,0xd2,0x41,0x3,
  0x56,0xfc,0xa6,0x77,0xed,0x8f,0xdd,0x3,0x52,0x0,0x0,0x0,0x1,0x0,0x4,0x0,
  0x0,0x4,0xf6,0x5,0xb6,0x0,0xb,0x0,0x35,0x40,0x1c,0x1,0x0,0x9,0xa,0x7,
  0x6,0x3,0x4,0x4,0x0,0x2,0x5,0x6,0x8,0xa,0xb,0x8,0xd,0xc,0x2,0x8,
  0x4,0x9,0x6,0x3,0x1,0x4,0x12,0x0,0x3f,0x33,0x3f,0x33,0x12,0x39,0x39,0x11,
  0x12,0x1,0x17,0x39,0x11,0x33,0x11,0x33,0x11,0x33,0x11,0x33,0x31,0x30,0x29,0x1,
  0x9,0x1,0x21,0x9,0x1,0x21,0x9,0x1,0x21,0x1,0x4,0xf6,0xfe,0xed,0xfe,0x92,
  0xfe,0x8f,0xff,0x0,0x1,0xe5,0xfe,0x3a,0x1,0xa,0x1,0x52,0x1,0x52,0x1,0x2,
  0xfe,0x37,0x2,0x56,0xfd,0xaa,0x2,0xf6,0x2,0xc0,0xfd,0xd7,0x2,0x29,0xfd,0x3c,
  0x0,0x0,0x0,0x0,0x1,0x0,0x0,0x0,0x0,0x4,0xbc,0x5,0xb6,0x0,0x8,0x0,
  0x2c,0x40,0x15,0x1,0x2,0x8,0x7,0x0,0x4,0x4,0x5,0x2,0x5,0x7,0x3,0xa,
  0x9,0x0,0x5,0x1,0x7,0x3,0x5,0x12,0x0,0x3f,0x3f,0x33,0x12,0x39,0x11,0x12,
  0x1,0x17,0x39,0x11,0x33,0x12,0x39,0x11,0x33,0x11,0x33,0x31,0x30,0x9,0x1,0x21,
  0x1,0x11,0x23,0x11,0x1,0x21,0x2,0x5e,0x1,0x5a,0x1,0x4,0xfe,0x19,0xf0,0xfe,
  0x1b,0x1,0x4,0x3,0x1b,0x2,0x9b,0xfc,0x81,0xfd,0xc9,0x2,0x2f,0x3,0x87,0x0,
  0x1,0x0,0x42,0x0,0x0,0x4,0x58,0x5,0xb6,0x0,0x9,0x0,0x38,0x40,0x1d,0x3,
  0x7,0x8,0x2,0x0,0x2,0x4,0x7,0x4,0xb,0xa,0x7,0x4,0x5,0x5,0x4,0x4c,
  0x59,0x5,0x3,0x2,0x8,0x1,0x1,0x8,0x4c,0x59,0x1,0x12,0x0,0x3f,0x2b,0x11,
  0x12,0x0,0x39,0x18,0x3f,0x2b,0x11,0x12,0x0,0x39,0x11,0x12,0x1,0x17,0x39,0x11,
  0x33,0x11,0x33,0x31,0x30,0x29,0x1,0x35,0x1,0x21,0x35,0x21,0x15,0x1,0x21,0x4,
  0x58,0xfb,0xea,0x2,0xe1,0xfd,0x33,0x3,0xee,0xfd,0x1c,0x2,0xf8,0xa6,0x4,0x43,
  0xcd,0xa8,0xfb,0xbf,0x0,0x0,0x0,0x0,0x1,0x0,0x9a,0xfe,0xbc,0x2,0x71,0x5,
  0xb6,0x0,0x7,0x0,0x1f,0x40,0xd,0x4,0x0,0x6,0x1,0x1,0x0,0x9,0x8,0x6,
  0x1,0x5,0x2,0x3,0x0,0x3f,0x33,0x2f,0x33,0x11,0x12,0x1,0x39,0x39,0x11,0x33,
  0x11,0x33,0x31,0x30,0x1,0x21,0x11,0x21,0x15,0x21,0x11,0x21,0x2,0x71,0xfe,0x29,
  0x1,0xd7,0xff,0x0,0x1,0x0,0xfe,0xbc,0x6,0xfa,0xb0,0xfa,0x67,0x0,0x0,0x0,
  0x1,0x0,0x10,0x0,0x0,0x3,0xe,0x5,0xb6,0x0,0x3,0x0,0x1c,0x40,0xc,0x2,
  0x1,0x0,0x3,0x3,0x1,0x5,0x4,0x3,0x3,0x2,0x12,0x0,0x3f,0x3f,0x11,0x12,
  0x1,0x39,0x39,0x11,0x33,0x11,0x33,0x31,0x30,0x13,0x1,0x23,0x1,0xee,0x2,0x20,
  0xdd,0xfd,0xdf,0x5,0xb6,0xfa,0x4a,0x5,0xb6,0x0,0x0,0x0,0x1,0x0,0x33,0xfe,
  0xbc,0x2,0x8,0x5,0xb6,0x0,0x7,0x0,0x1f,0x40,0xd,0x3,0x0,0x1,0x6,0x6,
  0x0,0x9,0x8,0x0,0x7,0x3,0x4,0x3,0x0,0x3f,0x33,0x2f,0x33,0x11,0x12,0x1,
  0x39,0x39,0x11,0x33,0x11,0x33,0x31,0x30,0x17,0x21,0x11,0x21,0x35,0x21,0x11,0x21,
  0x33,0x1,0x0,0xff,0x0,0x1,0xd5,0xfe,0x2b,0x93,0x5,0x99,0xb0,0xf9,0x6,0x0,
  0x1,0x0,0x1d,0x2,0x17,0x4,0x2f,0x5,0xbe,0x0,0x6,0x0,0x27,0x40,0x12,0x2,
  0x1,0x5,0x4,0x3,0x6,0x0,0x0,0x3,0x5,0x3,0x8,0x7,0x5,0x0,0x4,0x2,
  0x3,0x0,0x3f,0xcd,0x32,0x39,0x11,0x12,0x1,0x17,0x39,0x11,0x33,0x11,0x33,0x11,
  0x33,0x33,0x31,0x30,0x13,0x1,0x33,0x1,0x23,0x9,0x1,0x1d,0x1,0xb4,0x79,0x1,
  0xe5,0xc2,0xfe,0xa3,0xfe,0xcd,0x2,0x17,0x3,0xa7,0xfc,0x59,0x2,0xb6,0xfd,0x4a,
  0x0,0x0,0x0,0x0,0x1,0xff,0xfc,0xfe,0xc1,0x3,0x73,0xff,0x48,0x0,0x3,0x0,
  0x11,0xb5,0x3,0x5,0x2,0x4,0x1,0x2,0x0,0x2f,0x33,0x11,0x1,0x33,0x11,0x33,
  0x31,0x30,0x1,0x21,0x35,0x21,0x3,0x73,0xfc,0x89,0x3,0x77,0xfe,0xc1,0x87,0x0,
  0x1,0x1,0x6a,0x4,0xd9,0x3,0x50,0x6,0x21,0x0,0x9,0x0,0x13,0xb6,0x8,0x3,
  0xb,0xa,0x5,0x80,0x0,0x0,0x2f,0x1a,0xcd,0x11,0x12,0x1,0x39,0x39,0x31,0x30,
  0x1,0x2e,0x1,0x27,0x35,0x21,0x1e,0x1,0x17,0x15,0x2,0xb2,0x45,0xd3,0x30,0x1,
  0x11,0x26,0x83,0x2c,0x4,0xd9,0x34,0xc5,0x3a,0x15,0x46,0xb6,0x33,0x19,0x0,0x0,
  0x2,0x0,0x5a,0xff,0xec,0x4,0x4,0x4,0x66,0x0,0x1b,0x0,0x26,0x0,0x49,0x40,
  0x26,0xc,0x1,0x1f,0x1f,0x1b,0x24,0x8,0x8,0x14,0x1b,0x3,0x28,0x27,0x2,0x5,
  0x17,0xc,0x20,0x4a,0x59,0xc,0xc,0x5,0x17,0x0,0x15,0x17,0x10,0x48,0x59,0x17,
  0x10,0x5,0x1c,0x48,0x59,0x5,0x16,0x0,0x3f,0x2b,0x0,0x18,0x3f,0x2b,0x0,0x18,
  0x3f,0x11,0x12,0x39,0x2f,0x2b,0x11,0x12,0x0,0x39,0x11,0x12,0x1,0x17,0x39,0x11,
  0x33,0x11,0x33,0x11,0x33,0x33,0x31,0x30,0x21,0x27,0x23,0xe,0x1,0x23,0x22,0x26,
  0x35,0x34,0x36,0x25,0x37,0x35,0x34,0x26,0x23,0x22,0x6,0x7,0x27,0x3e,0x1,0x33,
  0x32,0x16,0x15,0x11,0x25,0x32,0x36,0x3d,0x1,0x7,0xe,0x1,0x15,0x14,0x16,0x3,
  0x5c,0x2f,0x8,0x50,0xa2,0x7f,0xa3,0xb7,0xfe,0x1,0x4,0xbf,0x63,0x68,0x55,0x9c,
  0x48,0x4c,0x5a,0xd6,0x5f,0xd3,0xd7,0xfd,0xfa,0x80,0x9b,0x8e,0xa6,0x97,0x58,0x9a,
  0x65,0x49,0xb0,0xa1,0xab,0xae,0x8,0x6,0x3b,0x6a,0x69,0x32,0x22,0xa8,0x2f,0x31,
  0xb8,0xc5,0xfd,0x17,0xa0,0x8f,0x81,0x60,0x6,0x6,0x63,0x66,0x4a,0x51,0x0,0x0,
  0x2,0x0,0xa8,0xff,0xec,0x4,0x93,0x6,0x14,0x0,0x13,0x0,0x1f,0x0,0x40,0x40,
  0x21,0x9,0x18,0x11,0x3,0xd,0x1e,0x3,0xd,0xb,0xb,0x3,0x21,0x20,0x8,0x11,
  0x6,0x0,0xc,0x0,0xb,0x15,0x0,0x14,0x46,0x59,0x0,0x10,0x6,0x1b,0x46,0x59,
  0x6,0x16,0x0,0x3f,0x2b,0x0,0x18,0x3f,0x2b,0x0,0x18,0x3f,0x3f,0x11,0x12,0x39,
  0x39,0x11,0x12,0x1,0x39,0x39,0x11,0x33,0x11,0x33,0x11,0x17,0x33,0x31,0x30,0x1,
  0x32,0x12,0x11,0x10,0x2,0x23,0x22,0x27,0x23,0x7,0x23,0x11,0x33,0x11,0x14,0x6,
  0x7,0x33,0x36,0x17,0x22,0x6,0x7,0x15,0x14,0x16,0x33,0x32,0x36,0x35,0x10,0x2,
  0xdd,0xcf,0xe7,0xea,0xd0,0xd2,0x74,0x10,0x2b,0xb0,0xeb,0x8,0x2,0xa,0x70,0x9d,
  0x8e,0x7d,0x2,0x80,0x91,0x7d,0x81,0x4,0x66,0xfe,0xd4,0xfe,0xf1,0xfe,0xf0,0xfe,
  0xd1,0x97,0x83,0x6,0x14,0xfe,0x8e,0x29,0xa2,0x16,0xa5,0xc0,0xa7,0xc4,0x10,0xca,
  0xb5,0xc6,0xbb,0x1,0x79,0x0,0x0,0x0,0x1,0x0,0x66,0xff,0xec,0x3,0xb4,0x4,
  0x66,0x0,0x15,0x0,0x26,0x40,0x14,0xd,0x3,0x3,0x8,0x12,0x3,0x17,0x16,0x6,
  0xb,0x46,0x59,0x6,0x10,0x0,0x10,0x46,0x59,0x0,0x16,0x0,0x3f,0x2b,0x0,0x18,
  0x3f,0x2b,0x11,0x12,0x1,0x17,0x39,0x11,0x33,0x31,0x30,0x5,0x22,0x0,0x11,0x10,
  0x0,0x21,0x32,0x17,0x7,0x26,0x23,0x20,0x11,0x14,0x16,0x33,0x32,0x37,0x15,0xe,
  0x1,0x2,0x66,0xfb,0xfe,0xfb,0x1,0x11,0x1,0x2,0xaf,0x8c,0x47,0x95,0x61,0xfe,
  0xe1,0x8f,0x8a,0x9d,0x8c,0x3f,0x8f,0x14,0x1,0x25,0x1,0x12,0x1,0x17,0x1,0x2c,
  0x41,0xbd,0x3a,0xfe,0x83,0xba,0xbb,0x4e,0xcd,0x25,0x20,0x0,0x2,0x0,0x66,0xff,
  0xec,0x4,0x54,0x6,0x14,0x0,0x12,0x0,0x1f,0x0,0x40,0x40,0x21,0x10,0x17,0x9,
  0x3,0xc,0xc,0xe,0x1d,0x3,0xe,0x3,0x21,0x20,0x9,0x11,0x0,0x6,0xc,0x0,
  0xf,0x15,0x6,0x1a,0x46,0x59,0x6,0x10,0x0,0x13,0x46,0x59,0x0,0x16,0x0,0x3f,
  0x2b,0x0,0x18,0x3f,0x2b,0x0,0x18,0x3f,0x3f,0x11,0x12,0x39,0x39,0x11,0x12,0x1,
  0x39,0x39,0x11,0x33,0x11,0x33,0x11,0x17,0x33,0x31,0x30,0x5,0x22,0x2,0x11,0x10,
  0x12,0x33,0x32,0x17,0x33,0x26,0x35,0x11,0x33,0x11,0x23,0x27,0x23,0x6,0x27,0x32,
  0x36,0x37,0x35,0x34,0x26,0x23,0x22,0x6,0x15,0x14,0x16,0x2,0x1d,0xcf,0xe8,0xeb,
  0xd0,0xda,0x72,0xc,0x11,0xec,0xb8,0x29,0xb,0x71,0x9b,0x91,0x84,0x2,0x88,0x91,
  0x7c,0x86,0x82,0x14,0x1,0x2c,0x1,0xf,0x1,0x10,0x1,0x2f,0xa1,0x77,0x45,0x1,
  0x93,0xf9,0xec,0x91,0xa5,0xbe,0xa3,0xb7,0x21,0xd1,0xb0,0xc9,0xba,0xb8,0xc1,0x0,
  0x2,0x0,0x66,0xff,0xec,0x4,0x39,0x4,0x66,0x0,0x14,0x0,0x1b,0x0,0x47,0x40,
  0x27,0x19,0xa,0x18,0xb,0xb,0x3,0x3,0xa,0x11,0x3,0x1d,0x1c,0x18,0xb,0x48,
  0x59,0xc,0x18,0x1c,0x18,0x2,0x10,0x3,0x18,0x18,0x0,0x6,0x6,0x15,0x48,0x59,
  0x6,0x10,0x0,0xe,0x47,0x59,0x0,0x16,0x0,0x3f,0x2b,0x0,0x18,0x3f,0x2b,0x11,
  0x12,0x0,0x39,0x18,0x2f,0x5f,0x5e,0x5d,0x2b,0x11,0x12,0x1,0x17,0x39,0x11,0x33,
  0x11,0x33,0x11,0x33,0x31,0x30,0x5,0x20,0x0,0x11,0x10,0x0,0x33,0x32,0x12,0x1d,
  0x1,0x21,0x1e,0x1,0x33,0x32,0x36,0x37,0x15,0xe,0x1,0x3,0x22,0x6,0x7,0x21,
  0x2e,0x1,0x2,0x8b,0xfe,0xfe,0xfe,0xdd,0x1,0xe,0xec,0xdb,0xfe,0xfd,0x1f,0x5,
  0xa4,0x95,0x62,0xa9,0x61,0x56,0xb0,0x9c,0x70,0x87,0xd,0x1,0xf6,0x2,0x80,0x14,
  0x1,0x2d,0x1,0x8,0x1,0xf,0x1,0x36,0xfe,0xf6,0xe9,0x7f,0xa1,0xad,0x25,0x2b,
  0xbf,0x29,0x22,0x3,0xc8,0x8e,0x88,0x89,0x8d,0x0,0x0,0x0,0x1,0x0,0x23,0x0,
  0x0,0x3,0x42,0x6,0x1f,0x0,0x15,0x0,0x3b,0x40,0x1e,0xd,0x14,0x14,0x7,0x2,
  0x2,0x3,0x0,0x3,0x5,0x3,0x17,0x16,0x3,0x15,0xb,0x10,0x46,0x59,0xb,0x0,
  0x5,0x1,0x14,0x1,0x48,0x59,0x7,0x14,0xf,0x0,0x3f,0x33,0x2b,0x11,0x0,0x33,
  0x18,0x3f,0x2b,0x0,0x18,0x3f,0x11,0x12,0x1,0x17,0x39,0x11,0x33,0x12,0x39,0x39,
  0x11,0x33,0x31,0x30,0x1,0x21,0x11,0x23,0x11,0x23,0x35,0x37,0x35,0x34,0x36,0x33,
  0x32,0x17,0x7,0x26,0x23,0x22,0x6,0x1d,0x1,0x21,0x2,0xd3,0xfe,0xf2,0xec,0xb6,
  0xb6,0xb8,0xbd,0x7c,0x78,0x3e,0x57,0x4f,0x50,0x49,0x1,0xe,0x3,0xa0,0xfc,0x60,
  0x3,0xa0,0x6e,0x48,0x48,0xc4,0xbd,0x29,0xb2,0x1c,0x63,0x63,0x48,0x0,0x0,0x0,
  0x3,0x0,0x17,0xfe,0x14,0x4,0x4e,0x4,0x66,0x0,0x2b,0x0,0x38,0x0,0x43,0x0,
  0x72,0x40,0x3d,0x2b,0x2,0x25,0x3e,0x5,0x39,0x25,0xc,0x1f,0x32,0x13,0x2c,0x19,
  0x0,0x5,0x13,0x19,0x1f,0x25,0x6,0x45,0x44,0x22,0x8,0x8,0x3c,0x4a,0x59,0x8,
  0x8,0x16,0x28,0x1c,0x36,0xf,0xf,0x36,0x46,0x59,0xf,0xf,0x16,0x28,0x28,0x41,
  0x4a,0x59,0x28,0x10,0x2b,0x2,0x49,0x59,0x2b,0xf,0x16,0x2f,0x49,0x59,0x16,0x1b,
  0x0,0x3f,0x2b,0x0,0x18,0x3f,0x2b,0x0,0x18,0x3f,0x2b,0x11,0x12,0x0,0x39,0x18,
  0x2f,0x2b,0x11,0x12,0x0,0x39,0x11,0x12,0x39,0x18,0x2f,0x2b,0x11,0x0,0x33,0x11,
  0x12,0x1,0x17,0x39,0x11,0x33,0x11,0x33,0x11,0x33,0x11,0x33,0x11,0x33,0x12,0x39,
  0x39,0x31,0x30,0x1,0x15,0x7,0x1e,0x1,0x15,0x14,0x6,0x23,0x22,0x27,0x6,0x15,
  0x14,0x16,0x3b,0x1,0x32,0x16,0x15,0x14,0x4,0x21,0x22,0x26,0x35,0x34,0x36,0x37,
  0x2e,0x1,0x35,0x34,0x36,0x37,0x2e,0x1,0x35,0x34,0x36,0x33,0x32,0x16,0x17,0x1,
  0x14,0x16,0x33,0x32,0x36,0x35,0x34,0x26,0x2b,0x1,0x22,0x6,0x13,0x14,0x16,0x33,
  0x32,0x35,0x34,0x26,0x23,0x22,0x6,0x4,0x4e,0xbd,0x1a,0x22,0xec,0xcf,0x35,0x2b,
  0x4c,0x47,0x5f,0xc1,0xb7,0xbe,0xfe,0xca,0xfe,0xdb,0xe2,0xee,0x81,0x74,0x2f,0x3d,
  0x46,0x45,0x56,0x6b,0xe3,0xd2,0x2f,0x67,0x1a,0xfe,0x1a,0x89,0x7c,0xc0,0xbc,0x67,
  0x8c,0xb2,0x65,0x77,0x65,0x6b,0x64,0xcc,0x65,0x67,0x66,0x69,0x4,0x52,0x81,0x23,
  0x23,0x66,0x39,0xab,0xc4,0x8,0x2f,0x3f,0x26,0x26,0x9c,0x93,0xbc,0xcc,0xa0,0x94,
  0x66,0x8b,0x1b,0x14,0x59,0x31,0x3e,0x56,0x2a,0x25,0xa7,0x70,0xb4,0xc6,0xd,0x7,
  0xfb,0x2,0x4c,0x52,0x6e,0x5b,0x48,0x3d,0x5f,0x3,0x47,0x68,0x70,0xda,0x6c,0x75,
  0x74,0x0,0x0,0x0,0x1,0x0,0xa8,0x0,0x0,0x4,0x75,0x6,0x14,0x0,0x15,0x0,
  0x33,0x40,0x19,0x1,0x0,0xf,0xd,0x9,0x9,0xa,0x0,0xa,0x17,0x16,0xf,0xa,
  0x13,0x13,0x5,0x46,0x59,0x13,0x10,0xb,0x0,0x1,0xa,0x15,0x0,0x3f,0x33,0x3f,
  0x3f,0x2b,0x11,0x12,0x0,0x39,0x11,0x12,0x1,0x39,0x39,0x11,0x33,0x11,0x33,0x33,
  0x11,0x33,0x31,0x30,0x21,0x23,0x11,0x34,0x26,0x23,0x22,0x6,0x15,0x11,0x23,0x11,
  0x33,0x11,0x14,0x7,0x33,0x3e,0x1,0x33,0x20,0x11,0x4,0x75,0xec,0x67,0x70,0x94,
  0x8b,0xeb,0xeb,0xc,0xf,0x30,0xab,0x72,0x1,0x92,0x2,0xa8,0x80,0x7e,0xb1,0xd0,
  0xfd,0xdb,0x6,0x14,0xfe,0x75,0x5f,0x6c,0x50,0x58,0xfe,0x6b,0x0,0x0,0x0,0x0,
  0x2,0x0,0x9a,0x0,0x0,0x1,0xa2,0x5,0xfa,0x0,0x3,0x0,0xf,0x0,0x36,0x40,
  0x22,0xa,0x0,0x4,0x0,0x1,0x1,0x11,0x10,0xd,0x1f,0x7,0x2f,0x7,0x2,0x5f,
  0x7,0x6f,0x7,0x7f,0x7,0x9f,0x7,0xaf,0x7,0xdf,0x7,0xef,0x7,0x7,0x7,0x2,
  0xf,0x1,0x15,0x0,0x3f,0x3f,0x2f,0x5d,0x71,0xcd,0x11,0x12,0x1,0x39,0x11,0x33,
  0x33,0x11,0x33,0x31,0x30,0x21,0x23,0x11,0x33,0x3,0x34,0x36,0x33,0x32,0x16,0x15,
  0x14,0x6,0x23,0x22,0x26,0x1,0x93,0xeb,0xeb,0xf9,0x45,0x40,0x3e,0x45,0x45,0x3e,
  0x40,0x45,0x4,0x52,0x1,0x25,0x3f,0x44,0x44,0x3f,0x3c,0x45,0x45,0x0,0x0,0x0,
  0x2,0xff,0x87,0xfe,0x14,0x1,0xa2,0x5,0xfa,0x0,0xc,0x0,0x18,0x0,0x43,0x40,
  0x2a,0x13,0xa,0xa,0xd,0x3,0x3,0x7,0x7,0x1a,0x19,0x16,0x40,0xf,0x10,0x1f,
  0x10,0x2f,0x10,0x4f,0x10,0x5f,0x10,0x8f,0x10,0x9f,0x10,0xcf,0x10,0xdf,0x10,0x9,
  0xe,0x3,0x10,0x8,0xf,0x0,0x5,0x46,0x59,0x0,0x1b,0x0,0x3f,0x2b,0x0,0x18,
  0x3f,0x2f,0x5f,0x5e,0x5d,0x1a,0xcd,0x11,0x12,0x1,0x39,0x11,0x17,0x33,0x11,0x33,
  0x31,0x30,0x13,0x22,0x27,0x35,0x16,0x33,0x32,0x35,0x11,0x33,0x11,0x14,0x6,0x3,
  0x34,0x36,0x33,0x32,0x16,0x15,0x14,0x6,0x23,0x22,0x26,0x37,0x6a,0x46,0x44,0x47,
  0x96,0xeb,0xb3,0x46,0x45,0x40,0x3e,0x45,0x45,0x3e,0x40,0x45,0xfe,0x14,0x19,0xba,
  0x12,0xaa,0x4,0xd3,0xfb,0x1d,0xab,0xb0,0x7,0x63,0x3f,0x44,0x44,0x3f,0x3c,0x45,
  0x45,0x0,0x0,0x0,0x1,0x0,0xa8,0x0,0x0,0x4,0x89,0x6,0x14,0x0,0xe,0x0,
  0x3a,0x40,0x1f,0x2,0x3,0x6,0x5,0xe,0xc,0x9,0x9,0xa,0x3,0x4,0x5,0x7,
  0xa,0x5,0x10,0xf,0xe,0x8,0x7,0x4,0x4,0xa,0x2,0xb,0x0,0x2,0xf,0x6,
  0xa,0x15,0x0,0x3f,0x33,0x3f,0x3f,0x11,0x12,0x17,0x39,0x11,0x12,0x1,0x17,0x39,
  0x11,0x33,0x11,0x33,0x33,0x11,0x33,0x11,0x33,0x31,0x30,0x1,0x37,0x1,0x21,0x9,
  0x1,0x21,0x1,0x7,0x11,0x23,0x11,0x33,0x11,0x7,0x1,0x8b,0x85,0x1,0x4e,0x1,
  0xf,0xfe,0x43,0x1,0xd9,0xfe,0xec,0xfe,0x9d,0x81,0xe9,0xe9,0xc,0x2,0x48,0xa6,
  0x1,0x64,0xfe,0x25,0xfd,0x89,0x1,0xe5,0x6a,0xfe,0x85,0x6,0x14,0xfd,0x9,0xd5,
  0x0,0x0,0x0,0x0,0x1,0x0,0xa8,0x0,0x0,0x1,0x93,0x6,0x14,0x0,0x3,0x0,
  0x16,0x40,0x9,0x0,0x1,0x1,0x5,0x4,0x2,0x0,0x1,0x15,0x0,0x3f,0x3f,0x11,
  0x12,0x1,0x39,0x11,0x33,0x31,0x30,0x21,0x23,0x11,0x33,0x1,0x93,0xeb,0xeb,0x6,
  0x14,0x0,0x0,0x0,0x1,0x0,0xa8,0x0,0x0,0x7,0x6,0x4,0x66,0x0,0x23,0x0,
  0x46,0x40,0x23,0x1c,0x1b,0x13,0x0,0x0,0x1,0xd,0x9,0x9,0xa,0x1,0xa,0x1b,
  0x3,0x25,0x24,0x14,0xd,0xa,0x11,0xb,0xf,0x1c,0x1,0xa,0x15,0x20,0x5,0x11,
  0x5,0x46,0x59,0x17,0x11,0x10,0x0,0x3f,0x33,0x2b,0x11,0x0,0x33,0x18,0x3f,0x33,
  0x33,0x3f,0x11,0x12,0x39,0x39,0x11,0x12,0x1,0x17,0x39,0x11,0x33,0x11,0x33,0x11,
  0x33,0x12,0x39,0x11,0x33,0x31,0x30,0x21,0x23,0x11,0x34,0x26,0x23,0x22,0x6,0x15,
  0x11,0x23,0x11,0x33,0x17,0x33,0x3e,0x1,0x33,0x20,0x17,0x33,0x3e,0x1,0x33,0x32,
  0x16,0x15,0x11,0x23,0x11,0x34,0x26,0x23,0x22,0x6,0x15,0x4,0x4c,0xec,0x60,0x66,
  0x88,0x7f,0xeb,0xb8,0x21,0xc,0x2e,0xaf,0x69,0x0,0xff,0x53,0x10,0x31,0xb2,0x73,
  0xc6,0xb5,0xeb,0x61,0x66,0x89,0x7f,0x2,0xaa,0x7f,0x7d,0xb1,0xce,0xfd,0xd9,0x4,
  0x52,0x91,0x4f,0x56,0xae,0x52,0x5c,0xc8,0xcd,0xfd,0x2f,0x2,0xaa,0x7f,0x7d,0xab,
  0xb1,0x0,0x0,0x0,0x1,0x0,0xa8,0x0,0x0,0x4,0x75,0x4,0x66,0x0,0x13,0x0,
  0x31,0x40,0x18,0xd,0x9,0x9,0xa,0x1,0x0,0xa,0x0,0x14,0x15,0xd,0xa,0x11,
  0x11,0x5,0x46,0x59,0x11,0x10,0xb,0xf,0x1,0xa,0x15,0x0,0x3f,0x33,0x3f,0x3f,
  0x2b,0x11,0x12,0x0,0x39,0x11,0x12,0x1,0x39,0x39,0x11,0x33,0x11,0x33,0x11,0x33,
  0x31,0x30,0x21,0x23,0x11,0x34,0x26,0x23,0x22,0x6,0x15,0x11,0x23,0x11,0x33,0x17,
  0x33,0x3e,0x1,0x33,0x20,0x11,0x4,0x75,0xec,0x67,0x70,0x95,0x8a,0xeb,0xb8,0x21,
  0xc,0x32,0xb8,0x70,0x1,0x8e,0x2,0xa8,0x80,0x7e,0xb0,0xcf,0xfd,0xd9,0x4,0x52,
  0x91,0x4f,0x56,0xfe,0x6b,0x0,0x0,0x0,0x2,0x0,0x66,0xff,0xec,0x4,0x7d,0x4,
  0x66,0x0,0xc,0x0,0x15,0x0,0x28,0x40,0x14,0xd,0x7,0x11,0x0,0x7,0x0,0x16,
  0x17,0xa,0x13,0x46,0x59,0xa,0x10,0x3,0xf,0x46,0x59,0x3,0x16,0x0,0x3f,0x2b,
  0x0,0x18,0x3f,0x2b,0x11,0x12,0x1,0x39,0x39,0x11,0x33,0x11,0x33,0x31,0x30,0x1,
  0x10,0x0,0x23,0x22,0x26,0x2,0x35,0x10,0x0,0x33,0x32,0x0,0x1,0x10,0x21,0x20,
  0x11,0x10,0x21,0x22,0x6,0x4,0x7d,0xfe,0xea,0xf8,0x9b,0xee,0x80,0x1,0x14,0xfb,
  0xf0,0x1,0x18,0xfc,0xdb,0x1,0x1b,0x1,0x18,0xfe,0xe6,0x94,0x85,0x2,0x2b,0xfe,
  0xf1,0xfe,0xd0,0x8c,0x1,0x6,0xad,0x1,0xd,0x1,0x2e,0xfe,0xcb,0xfe,0xfa,0xfe,
  0x81,0x1,0x7f,0x1,0x7b,0xc4,0x0,0x0,0x2,0x0,0xa8,0xfe,0x14,0x4,0x93,0x4,
  0x66,0x0,0x13,0x0,0x20,0x0,0x3f,0x40,0x20,0x18,0xb,0x3,0x6,0x6,0x7,0x1e,
  0x11,0x7,0x11,0x21,0x22,0x3,0xb,0x0,0xe,0xe,0x14,0x46,0x59,0xe,0x10,0x8,
  0xf,0x7,0x1b,0x0,0x1b,0x46,0x59,0x0,0x16,0x0,0x3f,0x2b,0x0,0x18,0x3f,0x3f,
  0x3f,0x2b,0x11,0x12,0x0,0x39,0x39,0x11,0x12,0x1,0x39,0x39,0x11,0x33,0x11,0x33,
  0x11,0x33,0x33,0x33,0x31,0x30,0x5,0x22,0x27,0x23,0x16,0x15,0x11,0x23,0x11,0x33,
  0x16,0x17,0x33,0x36,0x33,0x32,0x12,0x11,0x10,0x2,0x1,0x22,0x6,0x1d,0x1,0x14,
  0x16,0x33,0x32,0x36,0x35,0x34,0x26,0x2,0xd9,0xd2,0x74,0xe,0xe,0xeb,0xbe,0x8,
  0x19,0xc,0x6e,0xdc,0xcf,0xe7,0xeb,0xfe,0xf8,0x8c,0x81,0x80,0x91,0x7a,0x84,0x83,
  0x14,0x97,0x8c,0x1e,0xfe,0x3b,0x6,0x3e,0x1f,0x75,0xa8,0xfe,0xd4,0xfe,0xf1,0xfe,
  0xf1,0xfe,0xd0,0x3,0xba,0xa4,0xb4,0x23,0xca,0xb5,0xc8,0xb9,0xba,0xbf,0x0,0x0,
  0x2,0x0,0x66,0xfe,0x14,0x4,0x54,0x4,0x66,0x0,0xb,0x0,0x20,0x0,0x40,0x40,
  0x20,0x1e,0x16,0x3,0x1a,0x1a,0x19,0xa,0xf,0x19,0xf,0x22,0x21,0x1a,0x1b,0x17,
  0xf,0x1f,0x16,0xc,0x12,0x12,0x7,0x46,0x59,0x12,0x10,0xc,0x0,0x46,0x59,0xc,
  0x16,0x0,0x3f,0x2b,0x0,0x18,0x3f,0x2b,0x11,0x12,0x0,0x39,0x39,0x18,0x3f,0x3f,
  0x11,0x12,0x1,0x39,0x39,0x11,0x33,0x11,0x33,0x11,0x33,0x33,0x33,0x31,0x30,0x25,
  0x32,0x36,0x3d,0x1,0x34,0x26,0x23,0x22,0x6,0x15,0x10,0x17,0x22,0x2,0x11,0x10,
  0x12,0x33,0x32,0x16,0x17,0x33,0x37,0x33,0x11,0x23,0x11,0x34,0x36,0x37,0x23,0x6,
  0x2,0x5e,0x94,0x81,0x85,0x94,0x7e,0x84,0xc3,0xcd,0xe8,0xec,0xcf,0x68,0xa5,0x41,
  0x8,0x1a,0xc3,0xec,0x8,0x3,0xd,0x68,0xa8,0xab,0xad,0x25,0xcd,0xb4,0xc8,0xbb,
  0xfe,0x85,0xbc,0x1,0x2d,0x1,0xe,0x1,0xe,0x1,0x31,0x4d,0x58,0x91,0xf9,0xc2,
  0x1,0xd5,0x2c,0x62,0x1a,0xa5,0x0,0x0,0x1,0x0,0xa8,0x0,0x0,0x3,0x4e,0x4,
  0x66,0x0,0x10,0x0,0x23,0x40,0x10,0xd,0x9,0x9,0xa,0x2,0xa,0x12,0x11,0xb,
  0xf,0xd,0xa,0x15,0x5,0x0,0x10,0x0,0x3f,0x32,0x3f,0x39,0x3f,0x11,0x12,0x1,
  0x39,0x39,0x11,0x33,0x11,0x33,0x31,0x30,0x1,0x32,0x17,0x7,0x26,0x23,0x22,0x6,
  0x15,0x11,0x23,0x11,0x33,0x17,0x33,0x3e,0x1,0x2,0xd9,0x47,0x2e,0x17,0x32,0x36,
  0x8d,0xaf,0xeb,0xb8,0x1f,0xc,0x37,0xb1,0x4,0x66,0xa,0xdb,0xc,0xb8,0x93,0xfd,
  0xbe,0x4,0x52,0xc3,0x63,0x74,0x0,0x0,0x1,0x0,0x62,0xff,0xec,0x3,0x8f,0x4,
  0x66,0x0,0x21,0x0,0x34,0x40,0x1b,0xa,0x0,0x1b,0x11,0x0,0x6,0x11,0x16,0x4,
  0x23,0x22,0xa,0x1b,0x3,0x14,0x14,0x19,0x47,0x59,0x14,0x10,0x3,0x8,0x48,0x59,
  0x3,0x16,0x0,0x3f,0x2b,0x0,0x18,0x3f,0x2b,0x11,0x12,0x0,0x39,0x39,0x11,0x12,
  0x1,0x17,0x39,0x11,0x33,0x11,0x33,0x31,0x30,0x1,0x14,0x6,0x23,0x22,0x27,0x35,
  0x16,0x33,0x32,0x35,0x34,0x2e,0x1,0x27,0x2e,0x1,0x35,0x34,0x36,0x33,0x32,0x17,
  0x7,0x26,0x23,0x22,0x15,0x14,0x16,0x17,0x1e,0x2,0x3,0x8f,0xec,0xdc,0xdd,0x86,
  0xc3,0xa8,0xd9,0x30,0x6e,0x62,0xbf,0x87,0xe5,0xc5,0xc3,0xae,0x4c,0xb3,0x7a,0xba,
  0x61,0xa3,0x89,0x7c,0x3c,0x1,0x3b,0xa2,0xad,0x43,0xcb,0x5a,0x83,0x2a,0x38,0x3c,
  0x26,0x4a,0x94,0x76,0x8e,0x9d,0x4f,0xb1,0x4a,0x6a,0x34,0x48,0x3f,0x35,0x58,0x73,
  0x0,0x0,0x0,0x0,0x1,0x0,0x27,0xff,0xec,0x2,0xf0,0x5,0x48,0x0,0x15,0x0,
  0x3d,0x40,0x1f,0xf,0xc,0x13,0x13,0x8,0x2,0x8,0xa,0x11,0x4,0x17,0x16,0xd,
  0xf,0x40,0x9,0x12,0xc,0xf,0xf,0x12,0x48,0x59,0xf,0xf,0x6,0x0,0x46,0x59,
  0x6,0x16,0x0,0x3f,0x2b,0x0,0x18,0x3f,0x2b,0x11,0x0,0x33,0x11,0x33,0x1a,0x18,
  0x10,0xcd,0x11,0x12,0x1,0x17,0x39,0x11,0x33,0x12,0x39,0x39,0x31,0x30,0x25,0x32,
  0x37,0x15,0xe,0x1,0x23,0x20,0x19,0x1,0x23,0x35,0x3f,0x1,0x33,0x15,0x21,0x15,
  0x21,0x11,0x14,0x16,0x2,0x44,0x56,0x56,0x27,0x7b,0x42,0xfe,0xb2,0x97,0xa2,0x50,
  0x91,0x1,0x3b,0xfe,0xc5,0x55,0xaa,0x1b,0xb1,0x11,0x17,0x1,0x60,0x2,0x54,0x68,
  0x56,0xea,0xf6,0xb2,0xfd,0xb0,0x55,0x51,0x0,0x0,0x0,0x0,0x1,0x0,0x9e,0xff,
  0xec,0x4,0x6d,0x4,0x52,0x0,0x14,0x0,0x30,0x40,0x17,0x1,0x11,0x11,0x14,0xb,
  0x8,0x14,0x8,0x16,0x15,0x2,0x5,0x12,0x9,0xf,0x0,0x15,0x5,0xe,0x46,0x59,
  0x5,0x16,0x0,0x3f,0x2b,0x0,0x18,0x3f,0x3f,0x33,0x12,0x39,0x11,0x12,0x1,0x39,
  0x39,0x11,0x33,0x11,0x33,0x11,0x33,0x31,0x30,0x21,0x27,0x23,0xe,0x1,0x23,0x22,
  0x26,0x35,0x11,0x33,0x11,0x14,0x16,0x33,0x32,0x36,0x35,0x11,0x33,0x11,0x3,0xb4,
  0x21,0xc,0x31,0xb5,0x74,0xc9,0xc6,0xed,0x68,0x6f,0x94,0x8b,0xec,0x91,0x4d,0x58,
  0xc8,0xcb,0x2,0xd3,0xfd,0x56,0x7f,0x7f,0xb1,0xd0,0x2,0x27,0xfb,0xae,0x0,0x0,
  0x1,0x0,0x0,0x0,0x0,0x4,0x48,0x4,0x52,0x0,0xb,0x0,0x28,0x40,0x13,0x9,
  0xa,0x2,0x1,0xb,0x0,0x5,0x1,0xa,0x5,0x3,0xd,0xc,0x9,0x1,0xf,0x5,
  0x0,0x15,0x0,0x3f,0x32,0x3f,0x33,0x11,0x12,0x1,0x17,0x39,0x11,0x33,0x33,0x11,
  0x33,0x11,0x33,0x31,0x30,0x21,0x1,0x33,0x13,0x16,0x17,0x33,0x36,0x37,0x13,0x33,
  0x1,0x1,0xa4,0xfe,0x5c,0xf8,0xe1,0x3a,0xc,0x8,0x9,0x3d,0xe1,0xfa,0xfe,0x5a,
  0x4,0x52,0xfd,0x7d,0xa2,0x64,0x48,0xbe,0x2,0x83,0xfb,0xae,0x0,0x0,0x0,0x0,
  0x1,0x0,0x14,0x0,0x0,0x6,0x73,0x4,0x52,0x0,0x1d,0x0,0x3e,0x40,0x21,0x1d,
  0x0,0x17,0x13,0x12,0x4,0x8,0x7,0xe,0x1b,0x1c,0xa,0x9,0x4,0x9,0xe,0x17,
  0x1c,0x5,0x1f,0x1e,0x0,0xd,0x17,0x3,0x8,0x15,0x9,0x1b,0x4,0x3,0x12,0xf,
  0x0,0x3f,0x17,0x33,0x3f,0x17,0x33,0x11,0x12,0x1,0x17,0x39,0x11,0x33,0x11,0x33,
  0x11,0x33,0x33,0x11,0x33,0x33,0x11,0x33,0x33,0x31,0x30,0x21,0x3,0x26,0x3,0x23,
  0x2,0x7,0x3,0x21,0x1,0x33,0x13,0x16,0x17,0x33,0x3e,0x1,0x37,0x13,0x21,0x13,
  0x1e,0x1,0x17,0x33,0x36,0x37,0x13,0x33,0x1,0x4,0x33,0x8f,0x1a,0x44,0x9,0x3a,
  0x22,0x93,0xfe,0xfc,0xfe,0xca,0xf0,0x8d,0x30,0x14,0x6,0xa,0x29,0xf,0xa8,0x1,
  0x2,0xa3,0xf,0x2d,0x4,0x8,0xf,0x37,0x8f,0xec,0xfe,0xc8,0x2,0x4,0x52,0x1,
  0x2b,0xfe,0xf2,0x71,0xfd,0xfe,0x4,0x52,0xfd,0xdf,0xca,0x90,0x49,0xbd,0x2f,0x2,
  0x46,0xfd,0xba,0x31,0xca,0x38,0x7b,0xdd,0x2,0x21,0xfb,0xae,0x0,0x0,0x0,0x0,
  0x1,0x0,0x19,0x0,0x0,0x4,0x4e,0x4,0x52,0x0,0xb,0x0,0x33,0x40,0x1a,0x8,
  0x7,0x4,0x5,0x2,0x1,0xa,0xb,0x0,0x1,0x5,0x6,0x7,0xb,0x6,0xd,0xc,
  0x9,0x3,0xb,0x4,0x1,0xf,0x8,0xb,0x15,0x0,0x3f,0x33,0x3f,0x33,0x12,0x39,
  0x39,0x11,0x12,0x1,0x17,0x39,0x11,0x33,0x11,0x33,0x11,0x33,0x11,0x33,0x31,0x30,
  0x9,0x1,0x21,0x1b,0x1,0x21,0x9,0x1,0x21,0x9,0x1,0x21,0x1,0x9e,0xfe,0x8d,
  0x1,0xc,0xfc,0xfe,0x1,0xa,0xfe,0x8c,0x1,0x87,0xfe,0xf6,0xfe,0xef,0xfe,0xf0,
  0xfe,0xf6,0x2,0x35,0x2,0x1d,0xfe,0x7d,0x1,0x83,0xfd,0xe3,0xfd,0xcb,0x1,0x9e,
  0xfe,0x62,0x0,0x0,0x1,0x0,0x0,0xfe,0x14,0x4,0x4a,0x4,0x52,0x0,0x14,0x0,
  0x33,0x40,0x1a,0x14,0xa,0x4,0x8,0x9,0x1,0x0,0x0,0x4,0x9,0xf,0x4,0x16,
  0x15,0x4,0x14,0x15,0x8,0x0,0xf,0xc,0x11,0x46,0x59,0xc,0x1b,0x0,0x3f,0x2b,
  0x0,0x18,0x3f,0x33,0x3f,0x33,0x11,0x12,0x1,0x17,0x39,0x11,0x33,0x11,0x33,0x11,
  0x33,0x33,0x31,0x30,0x11,0x21,0x13,0x16,0x17,0x33,0x3e,0x1,0x13,0x33,0x1,0x2,
  0x21,0x22,0x27,0x35,0x16,0x33,0x32,0x3f,0x1,0x1,0x0,0xe1,0x33,0x11,0x8,0x9,
  0x30,0xe6,0xfe,0xfe,0x27,0x81,0xfe,0xd3,0x4e,0x4a,0x35,0x44,0xaa,0x45,0x29,0x4,
  0x52,0xfd,0x8d,0x86,0x76,0x37,0x9d,0x2,0x9b,0xfb,0x1b,0xfe,0xa7,0x11,0xba,0xc,
  0xc5,0x68,0x0,0x0,0x1,0x0,0x44,0x0,0x0,0x3,0x8b,0x4,0x52,0x0,0x9,0x0,
  0x38,0x40,0x1d,0x3,0x7,0x8,0x2,0x2,0x4,0x7,0x9,0x4,0xb,0xa,0x7,0x4,
  0x5,0x5,0x4,0x48,0x59,0x5,0xf,0x2,0x8,0x1,0x1,0x8,0x48,0x59,0x1,0x15,
  0x0,0x3f,0x2b,0x11,0x12,0x0,0x39,0x18,0x3f,0x2b,0x11,0x12,0x0,0x39,0x11,0x12,
  0x1,0x17,0x39,0x11,0x33,0x11,0x33,0x31,0x30,0x29,0x1,0x35,0x1,0x21,0x35,0x21,
  0x15,0x1,0x21,0x3,0x8b,0xfc,0xb9,0x2,0x2f,0xfd,0xf3,0x3,0x15,0xfd,0xdd,0x2,
  0x33,0x91,0x3,0xd,0xb4,0xa4,0xfd,0x6,0x0,0x0,0x0,0x0,0x1,0x0,0x2d,0xfe,
  0xbc,0x2,0xe9,0x5,0xb6,0x0,0x1c,0x0,0x45,0x40,0x27,0xb,0x18,0x12,0x2,0xe,
  0x7,0x15,0x15,0x1c,0x2,0x18,0x1c,0x3,0x1e,0x1d,0x11,0x2,0x2,0xf,0x3,0x7f,
  0x3,0x8f,0x3,0xaf,0x3,0xbf,0x3,0xcf,0x3,0x6,0x3,0x3,0xa,0x18,0x19,0xb,
  0xa,0x3,0x0,0x3f,0x33,0x2f,0x33,0x12,0x39,0x2f,0x5d,0x33,0x12,0x39,0x11,0x12,
  0x1,0x17,0x39,0x11,0x33,0x12,0x39,0x39,0x11,0x39,0x11,0x33,0x31,0x30,0x1,0x34,
  0x21,0x35,0x32,0x36,0x35,0x11,0x34,0x36,0x33,0x15,0xe,0x1,0x15,0x11,0x14,0x7,
  0x15,0x16,0x15,0x11,0x14,0x16,0x17,0x15,0x2e,0x1,0x35,0x1,0x37,0xfe,0xf6,0x87,
  0x83,0xd9,0xd9,0x72,0x67,0xe5,0xe5,0x66,0x73,0xe7,0xcb,0x1,0x1f,0xba,0xbf,0x5b,
  0x5d,0x1,0x37,0x9c,0x93,0xb6,0x5,0x53,0x52,0xfe,0xd7,0xc7,0x27,0xc,0x24,0xc9,
  0xfe,0xd5,0x52,0x54,0x2,0xb7,0x2,0x99,0xab,0x0,0x0,0x0,0x1,0x1,0xd9,0xfe,
  0x1f,0x2,0x8d,0x6,0x10,0x0,0x3,0x0,0x14,0xb7,0x2,0x3,0x3,0x5,0x4,0x3,
  0x0,0x0,0x0,0x3f,0x2f,0x11,0x12,0x1,0x39,0x11,0x33,0x31,0x30,0x1,0x33,0x11,
  0x23,0x1,0xd9,0xb4,0xb4,0x6,0x10,0xf8,0xf,0x0,0x0,0x0,0x1,0x0,0x2d,0xfe,
  0xbc,0x2,0xcb,0x5,0xb6,0x0,0x1e,0x0,0x45,0x40,0x27,0xb,0x1b,0x12,0x4,0x17,
  0xe,0x7,0x7,0x0,0x0,0x4,0x1b,0x3,0x20,0x1f,0xc,0x1b,0x1b,0xf,0x1a,0x7f,
  0x1a,0x8f,0x1a,0xaf,0x1a,0xbf,0x1a,0xcf,0x1a,0x6,0x1a,0x1a,0x13,0x4,0x3,0x12,
  0x13,0x3,0x0,0x3f,0x33,0x2f,0x33,0x12,0x39,0x2f,0x5d,0x33,0x12,0x39,0x11,0x12,
  0x1,0x17,0x39,0x11,0x33,0x12,0x39,0x39,0x11,0x33,0x11,0x39,0x31,0x30,0x5,0x14,
  0x6,0x7,0x35,0x3e,0x1,0x35,0x11,0x34,0x36,0x37,0x35,0x26,0x35,0x11,0x34,0x26,
  0x27,0x35,0x32,0x16,0x15,0x11,0x14,0x16,0x33,0x15,0x22,0x6,0x15,0x1,0xcf,0xc7,
  0xdb,0x5f,0x6a,0x6a,0x7b,0xe5,0x5b,0x6e,0xdf,0xc3,0x7f,0x7d,0x7b,0x81,0x14,0x9c,
  0x92,0x2,0xb7,0x1,0x4b,0x5c,0x1,0x6,0x79,0x84,0x15,0xc,0x27,0xc7,0x1,0x29,
  0x52,0x53,0x5,0xb6,0x99,0xae,0xfe,0xe1,0x64,0x54,0xbf,0x55,0x65,0x0,0x0,0x0,
  0x1,0x0,0x60,0x2,0x3b,0x4,0x31,0x3,0x68,0x0,0x15,0x0,0x40,0x40,0x24,0xf,
  0x3,0x17,0x16,0xe,0x6,0x3,0x11,0x11,0xb,0x52,0x59,0x0,0x11,0x10,0x11,0x2,
  0x9,0x3,0x11,0x6,0x40,0x6,0x0,0x52,0x59,0xf,0x6,0x1f,0x6,0x3f,0x6,0x6f,
  0x6,0x4,0x6,0x0,0x2f,0x5d,0x2b,0x0,0x1a,0x18,0x10,0xcd,0x5f,0x5e,0x5d,0x2b,
  0x0,0x10,0x18,0xc4,0x10,0xc6,0x11,0x12,0x1,0x39,0x39,0x31,0x30,0x1,0x22,0x6,
  0x7,0x35,0x36,0x33,0x32,0x16,0x17,0x16,0x33,0x32,0x36,0x37,0x15,0x6,0x23,0x22,
  0x26,0x27,0x26,0x1,0x4a,0x32,0x7b,0x3d,0x63,0x97,0x42,0x76,0x58,0x83,0x59,0x34,
  0x7d,0x3a,0x69,0x91,0x41,0x7d,0x54,0x7f,0x2,0xb4,0x3c,0x3d,0xbf,0x6c,0x1a,0x25,
  0x37,0x3e,0x3a,0xbe,0x6f,0x1f,0x23,0x37,0x0,0x0,0x0,0x0,0x2,0x0,0x85,0xfe,
  0x8d,0x1,0xae,0x4,0x5e,0x0,0x3,0x0,0xf,0x0,0x28,0x40,0x12,0x4,0x2,0xa,
  0x2,0x3,0x3,0x11,0x10,0x0,0x0,0xd,0x3,0xd,0x7,0x51,0x59,0xd,0x10,0x0,
  0x3f,0x2b,0x0,0x18,0x2f,0x12,0x39,0x2f,0x11,0x12,0x1,0x39,0x11,0x33,0x33,0x11,
  0x33,0x31,0x30,0x13,0x33,0x13,0x21,0x1,0x14,0x6,0x23,0x22,0x26,0x35,0x34,0x36,
  0x33,0x32,0x16,0xc1,0xae,0x33,0xfe,0xeb,0x1,0x21,0x4b,0x4a,0x48,0x4c,0x4c,0x48,
  0x48,0x4d,0x2,0x85,0xfc,0x8,0x5,0x38,0x4a,0x4e,0x4f,0x49,0x45,0x54,0x51,0x0,
  0x1,0x0,0xa6,0xff,0xec,0x3,0xf6,0x5,0xcb,0x0,0x1c,0x0,0x4a,0x40,0x29,0xe,
  0x2,0xb,0x2,0x5,0x16,0x8,0x5,0x8,0x10,0x1c,0x4,0x1e,0x1d,0x5,0x2,0x2,
  0x19,0x4d,0x59,0x0,0x2,0x10,0x2,0x2,0x10,0x3,0x2,0x4,0x19,0xe,0x13,0x4d,
  0x59,0xb,0x90,0xe,0x1,0xe,0xc,0x7,0x0,0x3f,0xcd,0x5d,0x32,0x2b,0x0,0x18,
  0x3f,0xc5,0x5f,0x5e,0x5d,0x2b,0x11,0x0,0x33,0x11,0x12,0x1,0x17,0x39,0x11,0x33,
  0x11,0x33,0x33,0x11,0x33,0x31,0x30,0x25,0x6,0x7,0x15,0x23,0x35,0x26,0x2,0x35,
  0x34,0x12,0x37,0x35,0x33,0x15,0x16,0x17,0x7,0x26,0x23,0x22,0x6,0x15,0x14,0x16,
  0x33,0x32,0x36,0x37,0x3,0xdb,0x77,0x8b,0x9c,0xcf,0xc8,0xc9,0xce,0x9e,0x98,0x83,
  0x46,0x92,0x68,0x92,0x8c,0x90,0x8a,0x4b,0x87,0x57,0xee,0x3b,0x5,0xc2,0xc8,0x1f,
  0x1,0x18,0xfa,0xfe,0x1,0x1e,0x20,0xaa,0xa2,0x5,0x3d,0xbc,0x3b,0xbe,0xc1,0xc2,
  0xb2,0x1e,0x25,0x0,0x1,0x0,0x48,0x0,0x0,0x4,0x56,0x5,0xc9,0x0,0x1d,0x0,
  0x55,0x40,0x2e,0x1a,0x8,0xb,0xb,0x17,0xf,0x13,0x2,0x9,0x10,0x13,0x17,0x18,
  0x6,0x1f,0x1e,0xb,0x18,0x19,0x18,0x4f,0x59,0x8,0xf,0x19,0x1,0xb,0x3,0x19,
  0x19,0x12,0x0,0x0,0x5,0x4d,0x59,0x0,0x7,0x13,0xf,0x12,0xf,0x4e,0x59,0x12,
  0x18,0x0,0x3f,0x2b,0x11,0x0,0x33,0x18,0x3f,0x2b,0x11,0x12,0x0,0x39,0x18,0x2f,
  0x5f,0x5e,0x5d,0x33,0x2b,0x11,0x0,0x33,0x11,0x12,0x1,0x17,0x39,0x11,0x33,0x11,
  0x33,0x12,0x39,0x39,0x31,0x30,0x1,0x32,0x17,0x7,0x26,0x23,0x22,0x1d,0x1,0x21,
  0x15,0x21,0x15,0x14,0x6,0x7,0x21,0x15,0x21,0x35,0x3e,0x1,0x3d,0x1,0x23,0x35,
  0x33,0x11,0x34,0x36,0x2,0xb2,0xc2,0xb5,0x4c,0xa2,0x7a,0xcd,0x1,0x8d,0xfe,0x73,
  0x42,0x50,0x2,0xf4,0xfb,0xf2,0x62,0x5e,0xbc,0xbc,0xe3,0x5,0xc9,0x52,0xb6,0x47,
  0xdb,0xf4,0xac,0xb6,0x5b,0x80,0x2d,0xcf,0xc3,0x1e,0x84,0x70,0xb8,0xac,0x1,0x0,
  0xbc,0xd4,0x0,0x0,0x2,0x0,0x75,0x1,0x2,0x4,0x1b,0x4,0xa4,0x0,0x1b,0x0,
  0x27,0x0,0x3a,0x40,0x25,0x22,0xe,0x1c,0x0,0x0,0x2,0x5,0x9,0xc,0xe,0x10,
  0x13,0x17,0x1a,0xa,0x29,0x28,0x9,0xc,0x10,0x13,0x17,0x1a,0x2,0x5,0x8,0x1f,
  0x15,0x25,0xf,0x7,0x1f,0x7,0x6f,0x7,0x3,0x7,0x0,0x2f,0x5d,0x33,0xc4,0x32,
  0x17,0x39,0x11,0x12,0x1,0x17,0x39,0x11,0x33,0x11,0x33,0x31,0x30,0x13,0x34,0x37,
  0x27,0x37,0x17,0x36,0x33,0x32,0x17,0x37,0x17,0x7,0x16,0x15,0x14,0x7,0x17,0x7,
  0x27,0x6,0x23,0x22,0x27,0x7,0x27,0x37,0x26,0x37,0x14,0x16,0x33,0x32,0x36,0x35,
  0x34,0x26,0x23,0x22,0x6,0xba,0x40,0x85,0x79,0x83,0x64,0x73,0x73,0x62,0x85,0x79,
  0x83,0x3f,0x3f,0x81,0x77,0x85,0x63,0x72,0x7e,0x59,0x83,0x77,0x83,0x40,0xa8,0x88,
  0x5e,0x61,0x88,0x88,0x61,0x5d,0x89,0x2,0xd3,0x6d,0x68,0x85,0x77,0x81,0x3f,0x41,
  0x83,0x75,0x85,0x64,0x73,0x77,0x62,0x81,0x77,0x81,0x3d,0x3d,0x7f,0x77,0x81,0x63,
  0x74,0x62,0x85,0x85,0x62,0x61,0x88,0x88,0x0,0x0,0x0,0x0,0x1,0x0,0x12,0x0,
  0x0,0x4,0x7d,0x5,0xb6,0x0,0x16,0x0,0x5b,0x40,0x33,0x0,0x7,0x10,0x3,0xb,
  0xb,0xc,0x2,0x5,0x9,0xc,0xe,0x12,0x15,0x7,0x18,0x17,0x6,0x12,0x13,0x12,
  0x50,0x59,0x0,0x3,0xf,0x13,0x1f,0x13,0x2,0x9,0x3,0x13,0x13,0xc,0x15,0xa,
  0xe,0xf,0xe,0x50,0x59,0x7,0xf,0xf,0xc,0x1,0x15,0x6,0xc,0x18,0x0,0x3f,
  0x3f,0x33,0x12,0x39,0x2f,0x33,0x2b,0x11,0x0,0x33,0x11,0x12,0x39,0x18,0x2f,0x5f,
  0x5e,0x5d,0x33,0x33,0x2b,0x11,0x0,0x33,0x11,0x12,0x1,0x17,0x39,0x11,0x33,0x12,
  0x17,0x39,0x31,0x30,0x9,0x1,0x33,0x1,0x33,0x15,0x21,0x15,0x21,0x15,0x21,0x15,
  0x23,0x35,0x21,0x35,0x21,0x35,0x21,0x35,0x33,0x1,0x33,0x2,0x48,0x1,0x41,0xf4,
  0xfe,0x71,0xe3,0xfe,0xe7,0x1,0x19,0xfe,0xe7,0xe1,0xfe,0xe5,0x1,0x1b,0xfe,0xe5,
  0xe0,0xfe,0x76,0xf6,0x3,0x1d,0x2,0x99,0xfd,0x8,0x97,0x9a,0x99,0xf4,0xf4,0x99,
  0x9a,0x97,0x2,0xf8,0x0,0x0,0x0,0x0,0x2,0x1,0xd9,0xfe,0x1f,0x2,0x8d,0x6,
  0x10,0x0,0x3,0x0,0x7,0x0,0x24,0x40,0x10,0x3,0x2,0x5,0x5,0x4,0x4,0x9,
  0x8,0x3,0x4,0x3,0x4,0x7,0x1b,0x0,0x0,0x0,0x3f,0x3f,0x39,0x39,0x2f,0x2f,
  0x11,0x12,0x1,0x39,0x11,0x33,0x12,0x39,0x39,0x31,0x30,0x1,0x33,0x11,0x23,0x11,
  0x33,0x11,0x23,0x1,0xd9,0xb4,0xb4,0xb4,0xb4,0x6,0x10,0xfc,0xe6,0xfe,0x45,0xfc,
  0xe4,0x0,0x0,0x0,0x2,0x0,0x73,0xff,0xf2,0x3,0x89,0x6,0x23,0x0,0x2d,0x0,
  0x39,0x0,0x4d,0x40,0x2c,0x34,0x17,0x26,0x1b,0x2e,0x0,0x11,0x5,0x32,0x19,0x37,
  0x3,0x0,0x3,0x5,0xb,0x17,0x19,0x1b,0x21,0x8,0x3b,0x3a,0x3,0x19,0x37,0x14,
  0x32,0x2a,0x6,0x1e,0x8,0x8,0xf,0x49,0x59,0x8,0x1,0x1e,0x24,0x49,0x59,0x1e,
  0x16,0x0,0x3f,0x2b,0x0,0x18,0x3f,0x2b,0x11,0x12,0x0,0x17,0x39,0x11,0x12,0x1,
  0x17,0x39,0x11,0x33,0x11,0x33,0x11,0x33,0x11,0x33,0x11,0x33,0x11,0x33,0x31,0x30,
  0x13,0x34,0x36,0x37,0x26,0x35,0x34,0x36,0x33,0x32,0x16,0x17,0x7,0x2e,0x1,0x23,
  0x22,0x15,0x14,0x16,0x17,0x1e,0x1,0x15,0x14,0x7,0x16,0x15,0x14,0x6,0x23,0x22,
  0x27,0x35,0x1e,0x1,0x33,0x32,0x35,0x34,0x2e,0x1,0x27,0x2e,0x2,0x37,0x14,0x1e,
  0x1,0x17,0x36,0x35,0x34,0x26,0x27,0xe,0x1,0x81,0x4d,0x49,0x92,0xdb,0xb9,0x5b,
  0xa6,0x63,0x44,0x74,0x78,0x3d,0xc2,0x6e,0x88,0xaf,0x96,0x8b,0x8b,0xec,0xd0,0xd4,
  0x86,0x4d,0xc0,0x51,0xeb,0x2a,0x64,0x61,0x8d,0x82,0x3d,0xb8,0x30,0x6d,0x8c,0x6d,
  0x7c,0x9f,0x36,0x45,0x3,0x27,0x50,0x83,0x2b,0x53,0x98,0x81,0x92,0x22,0x2a,0xa2,
  0x32,0x1a,0x6d,0x36,0x4f,0x33,0x44,0x9d,0x6d,0xb1,0x59,0x50,0x8f,0x8e,0xa5,0x47,
  0xb3,0x28,0x33,0x83,0x2b,0x36,0x36,0x26,0x37,0x5d,0x75,0x61,0x2d,0x46,0x44,0x38,
  0x41,0x67,0x4b,0x67,0x35,0x10,0x5b,0x0,0x2,0x1,0x25,0x5,0x2,0x3,0x96,0x5,
  0xec,0x0,0xb,0x0,0x17,0x0,0x1e,0x40,0xc,0xc,0x12,0x6,0x0,0x12,0x0,0x19,
  0x18,0xf,0x3,0x15,0x9,0x0,0x2f,0x33,0xcd,0x32,0x11,0x12,0x1,0x39,0x39,0x11,
  0x33,0x11,0x33,0x31,0x30,0x1,0x34,0x36,0x33,0x32,0x16,0x15,0x14,0x6,0x23,0x22,
  0x26,0x25,0x34,0x36,0x33,0x32,0x16,0x15,0x14,0x6,0x23,0x22,0x26,0x1,0x25,0x43,
  0x30,0x35,0x3f,0x40,0x34,0x30,0x43,0x1,0x89,0x43,0x30,0x35,0x40,0x42,0x33,0x30,
  0x43,0x5,0x77,0x3e,0x37,0x3e,0x37,0x35,0x40,0x3a,0x3b,0x3e,0x37,0x3e,0x37,0x36,
  0x3f,0x3a,0x0,0x0,0x3,0x0,0x64,0xff,0xec,0x6,0x44,0x5,0xcb,0x0,0x16,0x0,
  0x26,0x0,0x36,0x0,0x46,0x40,0x28,0x3,0xf,0x2f,0x1f,0x27,0x17,0x9,0xf,0x14,
  0x17,0x1f,0x5,0x38,0x37,0x0,0x0,0x12,0x10,0x12,0x2,0x12,0x12,0x1b,0x6,0xf,
  0xc,0x1f,0xc,0x9f,0xc,0x3,0xc,0xc,0x23,0x33,0x1b,0x4,0x2b,0x23,0x13,0x0,
  0x3f,0x33,0x3f,0x33,0x12,0x39,0x2f,0x5d,0x33,0x11,0x39,0x2f,0x5d,0x33,0x11,0x12,
  0x1,0x17,0x39,0x11,0x33,0x11,0x33,0x11,0x33,0x31,0x30,0x1,0x22,0x6,0x15,0x14,
  0x16,0x33,0x32,0x36,0x37,0x15,0x6,0x23,0x22,0x26,0x35,0x34,0x36,0x33,0x32,0x17,
  0x7,0x26,0x1,0x34,0x12,0x24,0x33,0x32,0x4,0x12,0x15,0x14,0x2,0x4,0x23,0x22,
  0x24,0x2,0x37,0x14,0x12,0x4,0x33,0x32,0x24,0x12,0x35,0x34,0x2,0x24,0x23,0x22,
  0x4,0x2,0x3,0x7d,0x6f,0x78,0x6c,0x7b,0x37,0x7e,0x2e,0x73,0x78,0xc5,0xd9,0xdc,
  0xc4,0x8a,0x88,0x41,0x6a,0xfc,0x86,0xc8,0x1,0x5e,0xca,0xc8,0x1,0x5e,0xca,0xc2,
  0xfe,0xa2,0xd0,0xcf,0xfe,0xa2,0xc3,0x7b,0xa9,0x1,0x24,0xa8,0xaa,0x1,0x24,0xa7,
  0xa9,0xfe,0xdb,0xa7,0xa8,0xfe,0xdf,0xac,0x4,0xa,0xa1,0x8e,0x93,0x9e,0x1e,0x15,
  0x9e,0x33,0xf1,0xde,0xd6,0xf7,0x46,0x8f,0x37,0xfe,0xd1,0xc8,0x1,0x5e,0xca,0xc8,
  0xfe,0xa2,0xca,0xc5,0xfe,0xa6,0xd0,0xcf,0x1,0x5a,0xc6,0xaa,0xfe,0xdd,0xa8,0xab,
  0x1,0x21,0xa9,0xa8,0x1,0x25,0xa8,0xa6,0xfe,0xdc,0x0,0x0,0x2,0x0,0x39,0x3,
  0x2,0x2,0x93,0x5,0xc7,0x0,0x17,0x0,0x21,0x0,0x39,0x40,0x1d,0xb,0x1,0x21,
  0x21,0x17,0x1b,0x7,0x7,0x11,0x17,0x3,0x23,0x22,0x21,0xb,0xb,0x13,0x1d,0x1,
  0x0,0x0,0x4,0x10,0x4,0x2,0x4,0xe,0x13,0x4,0x0,0x3f,0x33,0xd4,0x5d,0xc4,
  0x33,0x33,0x12,0x39,0x2f,0x33,0x11,0x12,0x1,0x17,0x39,0x11,0x33,0x11,0x33,0x11,
  0x33,0x33,0x31,0x30,0x1,0x27,0xe,0x1,0x23,0x22,0x26,0x35,0x34,0x36,0x3f,0x1,
  0x34,0x26,0x23,0x22,0x7,0x27,0x36,0x33,0x32,0x16,0x15,0x11,0x1,0xe,0x1,0x15,
  0x14,0x33,0x32,0x36,0x3d,0x1,0x2,0x23,0x1d,0x2e,0x76,0x47,0x71,0x71,0xa8,0xa8,
  0x6b,0x45,0x45,0x5a,0x78,0x36,0x90,0x8d,0x8a,0x8a,0xfe,0xfe,0x47,0x6d,0x60,0x5b,
  0x5c,0x3,0xe,0x61,0x37,0x36,0x69,0x6a,0x68,0x6f,0x6,0x4,0x48,0x48,0x38,0x73,
  0x46,0x7d,0x7d,0xfe,0x41,0x1,0x3c,0x2,0x40,0x31,0x58,0x52,0x52,0x2b,0x0,0x0,
  0x2,0x0,0x52,0x0,0x68,0x4,0x21,0x3,0xe1,0x0,0x6,0x0,0xd,0x0,0x29,0x40,
  0x13,0x3,0x6,0xa,0xd,0x2,0x4,0xb,0x9,0x9,0x4,0xd,0x6,0x4,0xe,0xf,
  0xc,0x5,0x8,0x1,0x0,0x2f,0x33,0xc4,0x32,0x11,0x12,0x1,0x17,0x39,0x11,0x33,
  0x11,0x33,0x11,0x33,0x11,0x33,0x31,0x30,0x13,0x1,0x17,0x9,0x1,0x7,0x1,0x25,
  0x1,0x17,0x9,0x1,0x7,0x1,0x52,0x1,0x64,0xa8,0xfe,0xe6,0x1,0x1a,0xa8,0xfe,
  0x9c,0x1,0xc2,0x1,0x65,0xa8,0xfe,0xe5,0x1,0x1b,0xa8,0xfe,0x9b,0x2,0x31,0x1,
  0xb0,0x5e,0xfe,0xa2,0xfe,0xa4,0x61,0x1,0xaf,0x1a,0x1,0xb0,0x5e,0xfe,0xa2,0xfe,
  0xa4,0x61,0x1,0xaf,0x0,0x0,0x0,0x0,0x1,0x0,0x60,0x1,0x0,0x4,0x31,0x3,
  0x2b,0x0,0x5,0x0,0x23,0x40,0x10,0x1,0x0,0x3,0x0,0x7,0x6,0x1,0x4,0x4,
  0x3,0x52,0x59,0x2f,0x4,0x1,0x4,0x0,0x2f,0x5d,0x2b,0x0,0x18,0x10,0xc4,0x11,
  0x12,0x1,0x39,0x39,0x11,0x33,0x31,0x30,0x1,0x23,0x11,0x21,0x35,0x21,0x4,0x31,
  0xb2,0xfc,0xe1,0x3,0xd1,0x1,0x0,0x1,0x79,0xb2,0x0,0xff,0xff,0x0,0x48,0x1,
  0xc1,0x2,0x4a,0x2,0x89,0x12,0x6,0x0,0x10,0x0,0x0,0x0,0x4,0x0,0x64,0xff,
  0xec,0x6,0x44,0x5,0xcb,0x0,0x8,0x0,0x15,0x0,0x25,0x0,0x35,0x0,0x5d,0x40,
  0x33,0x4,0x9,0xb,0xe,0xd,0xc,0x0,0x10,0x10,0x11,0x2e,0x1e,0x26,0x16,0x9,
  0xc,0xe,0x11,0x16,0x1e,0x6,0x37,0x36,0xf,0x0,0x0,0x12,0xd,0xf,0x11,0x1f,
  0x11,0x2,0x11,0x11,0x1a,0x8,0x0,0x12,0x10,0x12,0x2,0x12,0x12,0x22,0x32,0x1a,
  0x4,0x2a,0x22,0x13,0x0,0x3f,0x33,0x3f,0x33,0x12,0x39,0x2f,0x5d,0x33,0x11,0x39,
  0x2f,0x5d,0x33,0x12,0x39,0x2f,0x33,0x11,0x12,0x1,0x17,0x39,0x11,0x33,0x11,0x33,
  0x11,0x33,0x11,0x33,0x11,0x33,0x11,0x33,0x11,0x33,0x31,0x30,0x1,0x33,0x32,0x36,
  0x35,0x34,0x26,0x2b,0x1,0x5,0x14,0x7,0x13,0x23,0x3,0x23,0x11,0x23,0x11,0x21,
  0x32,0x16,0x1,0x34,0x12,0x24,0x33,0x32,0x4,0x12,0x15,0x14,0x2,0x4,0x23,0x22,
  0x24,0x2,0x37,0x14,0x12,0x4,0x33,0x32,0x24,0x12,0x35,0x34,0x2,0x24,0x23,0x22,
  0x4,0x2,0x2,0xec,0x45,0x4a,0x4c,0x49,0x4f,0x43,0x1,0x99,0x99,0xed,0xd3,0xc0,
  0x5a,0xbd,0x1,0x6,0xae,0xa2,0xfb,0xdf,0xc8,0x1,0x5e,0xca,0xc8,0x1,0x5e,0xca,
  0xc2,0xfe,0xa2,0xd0,0xcf,0xfe,0xa2,0xc3,0x7b,0xa9,0x1,0x24,0xa8,0xaa,0x1,0x24,
  0xa7,0xa9,0xfe,0xdb,0xa7,0xa8,0xfe,0xdf,0xac,0x3,0x2,0x46,0x41,0x48,0x39,0x7d,
  0xab,0x3e,0xfe,0x73,0x1,0x5a,0xfe,0xa6,0x3,0x87,0x88,0xfe,0xc5,0xc8,0x1,0x5e,
  0xca,0xc8,0xfe,0xa2,0xca,0xc5,0xfe,0xa6,0xd0,0xcf,0x1,0x5a,0xc6,0xaa,0xfe,0xdd,
  0xa8,0xab,0x1,0x21,0xa9,0xa8,0x1,0x25,0xa8,0xa6,0xfe,0xdc,0x0,0x0,0x0,0x0,
  0x1,0xff,0xfa,0x6,0x14,0x4,0x6,0x6,0xb8,0x0,0x3,0x0,0x11,0xb5,0x0,0x5,
  0x1,0x4,0x1,0x2,0x0,0x2f,0x33,0x11,0x1,0x33,0x11,0x33,0x31,0x30,0x1,0x21,
  0x35,0x21,0x4,0x6,0xfb,0xf4,0x4,0xc,0x6,0x14,0xa4,0x0,0x2,0x0,0x6d,0x3,
  0x39,0x2,0xfe,0x5,0xcb,0x0,0xc,0x0,0x18,0x0,0x1f,0x40,0xd,0x13,0x6,0xd,
  0x0,0x6,0x0,0x1a,0x19,0x10,0x9,0x16,0x3,0x4,0x0,0x3f,0x33,0xc4,0x32,0x11,
  0x12,0x1,0x39,0x39,0x11,0x33,0x11,0x33,0x31,0x30,0x13,0x34,0x36,0x33,0x32,0x16,
  0x15,0x14,0x6,0x23,0x22,0x2e,0x1,0x37,0x14,0x16,0x33,0x32,0x36,0x35,0x34,0x26,
  0x23,0x22,0x6,0x6d,0xbe,0x8b,0x8a,0xbe,0xc0,0x88,0x58,0x99,0x58,0x99,0x66,0x4a,
  0x4a,0x66,0x68,0x48,0x48,0x68,0x4,0x81,0x87,0xc3,0xc0,0x8a,0x8b,0xbd,0x57,0x98,
  0x59,0x46,0x68,0x67,0x47,0x4c,0x66,0x68,0x0,0x0,0x0,0x0,0x2,0x0,0x60,0x0,
  0x0,0x4,0x31,0x4,0xe1,0x0,0xb,0x0,0xf,0x0,0x37,0x40,0x1e,0x6,0x3,0xa,
  0xa,0xb,0xc,0xf,0x1,0x8,0xb,0x5,0x11,0x10,0xc,0xd,0x52,0x59,0xc,0x12,
  0x9,0x1,0x2,0x1,0x52,0x59,0x6,0x9f,0x2,0x1,0x2,0x0,0x2f,0x5d,0x33,0x2b,
  0x11,0x0,0x33,0x18,0x3f,0x2b,0x11,0x12,0x1,0x17,0x39,0x11,0x33,0x12,0x39,0x39,
  0x31,0x30,0x1,0x21,0x35,0x21,0x11,0x33,0x11,0x21,0x15,0x21,0x11,0x23,0x1,0x35,
  0x21,0x15,0x1,0xee,0xfe,0x72,0x1,0x8e,0xb4,0x1,0x8f,0xfe,0x71,0xb4,0xfe,0x72,
  0x3,0xd1,0x2,0x98,0xb2,0x1,0x97,0xfe,0x69,0xb2,0xfe,0x6a,0xfe,0xfe,0xb2,0xb2,
  0x0,0x0,0x0,0x0,0x1,0x0,0x33,0x2,0x4a,0x2,0xa6,0x5,0xc9,0x0,0x16,0x0,
  0x27,0x40,0x13,0x6,0x11,0x15,0x2,0x2,0xc,0x11,0x16,0x4,0x18,0x17,0x9,0xe,
  0x1f,0x2,0x15,0x15,0x1,0x20,0x0,0x3f,0x33,0x12,0x39,0x3f,0x33,0x11,0x12,0x1,
  0x17,0x39,0x11,0x33,0x11,0x33,0x31,0x30,0x1,0x21,0x35,0x37,0x3e,0x1,0x35,0x34,
  0x26,0x23,0x22,0x7,0x27,0x36,0x33,0x32,0x16,0x15,0x14,0x6,0xf,0x1,0x21,0x2,
  0xa6,0xfd,0x8d,0xe6,0x75,0x41,0x40,0x33,0x5d,0x6c,0x5e,0x8b,0xaa,0x88,0x97,0x5c,
  0x89,0x8b,0x1,0x8d,0x2,0x4a,0x87,0xe1,0x70,0x6a,0x3b,0x34,0x36,0x58,0x79,0x77,
  0x84,0x72,0x53,0x97,0x7f,0x81,0x0,0x0,0x1,0x0,0x2d,0x2,0x39,0x2,0xa2,0x5,
  0xc9,0x0,0x23,0x0,0x39,0x40,0x1f,0x17,0x0,0x10,0x6,0x0,0x6,0xb,0x13,0x1e,
  0x3,0x6,0x25,0x24,0x3,0x13,0x13,0x1f,0x14,0x1,0x1f,0x14,0x1,0x14,0x14,0x9,
  0x1a,0x21,0x1f,0xe,0x9,0x21,0x0,0x3f,0x33,0x3f,0x33,0x12,0x39,0x2f,0x5d,0x71,
  0x33,0x12,0x39,0x11,0x12,0x1,0x17,0x39,0x11,0x33,0x11,0x33,0x31,0x30,0x1,0x14,
  0x6,0x7,0x1e,0x1,0x15,0x14,0x6,0x23,0x22,0x27,0x35,0x16,0x33,0x32,0x35,0x34,
  0x2b,0x1,0x35,0x33,0x32,0x35,0x34,0x26,0x23,0x22,0x6,0x7,0x27,0x3e,0x1,0x33,
  0x32,0x16,0x2,0x85,0x51,0x4f,0x5e,0x5f,0xba,0xad,0x94,0x7a,0x91,0x7d,0xb3,0xc7,
  0x73,0x69,0xb8,0x45,0x38,0x39,0x61,0x39,0x54,0x3d,0x92,0x62,0x86,0x9d,0x4,0xe3,
  0x4b,0x5f,0x27,0x15,0x6e,0x4d,0x7f,0x8a,0x3e,0x9d,0x4f,0x87,0x7d,0x85,0x81,0x34,
  0x38,0x28,0x25,0x72,0x2e,0x3b,0x7b,0x0,0x1,0x1,0x6a,0x4,0xd9,0x3,0x50,0x6,
  0x21,0x0,0x9,0x0,0x13,0xb6,0x5,0x0,0xb,0xa,0x5,0x80,0x0,0x0,0x2f,0x1a,
  0xcd,0x11,0x12,0x1,0x39,0x39,0x31,0x30,0x1,0x35,0x3e,0x1,0x37,0x21,0x15,0xe,
  0x1,0x7,0x1,0x6a,0x39,0x79,0x23,0x1,0x11,0x34,0xcf,0x47,0x4,0xd9,0x19,0x46,
  0xac,0x3d,0x15,0x3d,0xc1,0x35,0x0,0x0,0x1,0x0,0xa8,0xfe,0x14,0x4,0x75,0x4,
  0x52,0x0,0x18,0x0,0x3b,0x40,0x1d,0xa,0x5,0x5,0x8,0x11,0x0,0x15,0x15,0x16,
  0x16,0x8,0x1a,0x19,0x11,0xb,0xe,0x6,0x17,0xf,0x9,0x15,0x16,0x1b,0xe,0x2,
  0x46,0x59,0xe,0x16,0x0,0x3f,0x2b,0x0,0x18,0x3f,0x3f,0x3f,0x33,0x12,0x39,0x39,
  0x11,0x12,0x1,0x39,0x39,0x11,0x33,0x11,0x33,0x33,0x11,0x33,0x11,0x33,0x31,0x30,
  0x1,0x14,0x33,0x32,0x36,0x35,0x11,0x33,0x11,0x23,0x27,0x23,0xe,0x1,0x23,0x22,
  0x27,0x23,0x1e,0x1,0x15,0x11,0x23,0x11,0x33,0x1,0x93,0xda,0x92,0x8a,0xec,0xb7,
  0x22,0xd,0x30,0x8f,0x68,0x8c,0x4f,0x4,0x3,0x7,0xeb,0xeb,0x1,0xa6,0xfc,0xb1,
  0xd0,0x2,0x27,0xfb,0xae,0x93,0x53,0x54,0x5a,0x1c,0xb2,0x24,0xfe,0xc0,0x6,0x3e,
  0x0,0x0,0x0,0x0,0x1,0x0,0x71,0xfe,0xfc,0x4,0x77,0x6,0x14,0x0,0xf,0x0,
  0x2d,0x40,0x15,0x1,0x0,0x4,0x5,0x0,0x5,0xb,0x3,0x11,0x10,0x1,0x5,0x8,
  0x8,0xe,0x5,0xe,0x3,0x4b,0x59,0xe,0x0,0x2f,0x2b,0x0,0x18,0x2f,0x12,0x39,
  0x2f,0x11,0x33,0x11,0x12,0x1,0x17,0x39,0x11,0x33,0x11,0x33,0x31,0x30,0x1,0x23,
  0x11,0x23,0x11,0x23,0x11,0x6,0x23,0x22,0x26,0x35,0x10,0x36,0x33,0x21,0x4,0x77,
  0x89,0xbf,0x89,0x3e,0x54,0xd8,0xcb,0xda,0xe8,0x2,0x44,0xfe,0xfc,0x6,0x7f,0xf9,
  0x81,0x3,0x33,0x12,0xfa,0xfb,0x1,0x4,0xfe,0x0,0x0,0x0,0x1,0x0,0x85,0x2,
  0x39,0x1,0xae,0x3,0x6a,0x0,0xb,0x0,0x17,0x40,0xa,0x6,0x0,0x0,0xd,0xc,
  0x3,0x9,0x51,0x59,0x3,0x0,0x2f,0x2b,0x11,0x12,0x1,0x39,0x11,0x33,0x31,0x30,
  0x13,0x34,0x36,0x33,0x32,0x16,0x15,0x14,0x6,0x23,0x22,0x26,0x85,0x4c,0x48,0x49,
  0x4c,0x4d,0x48,0x48,0x4c,0x2,0xd3,0x49,0x4e,0x51,0x46,0x47,0x53,0x52,0x0,0x0,
  0x1,0x0,0x0,0xfe,0x14,0x1,0xaa,0x0,0x0,0x0,0x11,0x0,0x2d,0x40,0x17,0xf,
  0xc,0xa,0x0,0x0,0x5,0xc,0x3,0x13,0x12,0xc,0xf,0x40,0xb,0xe,0x48,0xf,
  0xf,0xe,0x7,0x2,0x1b,0xe,0x0,0x2f,0x3f,0x33,0x12,0x39,0x2f,0x2b,0x33,0x11,
  0x12,0x1,0x17,0x39,0x11,0x33,0x11,0x33,0x31,0x30,0x1,0x14,0x21,0x22,0x27,0x35,
  0x16,0x33,0x32,0x36,0x35,0x34,0x27,0x37,0x33,0x7,0x1e,0x1,0x1,0xaa,0xfe,0xcf,
  0x42,0x37,0x36,0x45,0x36,0x3f,0xb3,0x54,0x98,0x29,0x50,0x5a,0xfe,0xf2,0xde,0xf,
  0x89,0xe,0x21,0x2d,0x55,0x19,0xa6,0x58,0x15,0x5f,0x0,0x0,0x1,0x0,0x54,0x2,
  0x4a,0x2,0x14,0x5,0xb6,0x0,0xa,0x0,0x22,0x40,0x10,0x0,0x4,0x9,0x3,0x1,
  0x8,0x1,0xc,0xb,0x7,0x9,0x1,0x20,0x4,0x9,0x1e,0x0,0x3f,0x33,0x3f,0x12,
  0x39,0x11,0x12,0x1,0x39,0x39,0x11,0x17,0x33,0x31,0x30,0x1,0x23,0x11,0x3f,0x1,
  0xe,0x1,0x7,0x27,0x25,0x33,0x2,0x14,0xba,0x3,0x5,0x11,0x2f,0x76,0x58,0x1,
  0x19,0xa7,0x2,0x4a,0x2,0x0,0x67,0x5b,0x12,0x2c,0x59,0x70,0xd1,0x0,0x0,0x0,
  0x2,0x0,0x3d,0x3,0x2,0x2,0xcf,0x5,0xc7,0x0,0xb,0x0,0x17,0x0,0x25,0x40,
  0x12,0x12,0x0,0xc,0x6,0x0,0x6,0x19,0x18,0xf,0x0,0x3,0x10,0x3,0x2,0x3,
  0x15,0x9,0x4,0x0,0x3f,0x33,0xc4,0x5d,0x32,0x11,0x12,0x1,0x39,0x39,0x11,0x33,
  0x11,0x33,0x31,0x30,0x1,0x14,0x6,0x23,0x22,0x26,0x35,0x34,0x36,0x33,0x32,0x16,
  0x5,0x14,0x16,0x33,0x32,0x36,0x35,0x34,0x26,0x23,0x22,0x6,0x2,0xcf,0xaf,0x9d,
  0x96,0xb0,0xb1,0x99,0x98,0xb0,0xfe,0x10,0x4e,0x58,0x58,0x4e,0x4e,0x58,0x58,0x4e,
  0x4,0x64,0xa4,0xbe,0xbf,0xa3,0xa9,0xba,0xbd,0xa6,0x6f,0x6e,0x6e,0x6f,0x71,0x6d,
  0x6d,0x0,0x0,0x0,0x2,0x0,0x50,0x0,0x68,0x4,0x21,0x3,0xe1,0x0,0x6,0x0,
  0xd,0x0,0x25,0x40,0x12,0xb,0x9,0x4,0x2,0x0,0x3,0x7,0x2,0xa,0x9,0x6,
  0xe,0xf,0x8,0x1,0x1,0xc,0x5,0x0,0x2f,0x33,0xc4,0x2f,0x32,0x11,0x12,0x1,
  0x17,0x39,0x11,0x33,0x11,0x33,0x31,0x30,0x9,0x1,0x27,0x9,0x1,0x37,0x1,0x5,
  0x1,0x27,0x9,0x1,0x37,0x1,0x4,0x21,0xfe,0x99,0xa8,0x1,0x1b,0xfe,0xe5,0xa8,
  0x1,0x67,0xfe,0x3d,0xfe,0x9a,0xa8,0x1,0x1a,0xfe,0xe6,0xa8,0x1,0x66,0x2,0x17,
  0xfe,0x51,0x61,0x1,0x5c,0x1,0x5e,0x5e,0xfe,0x50,0x1a,0xfe,0x51,0x61,0x1,0x5c,
  0x1,0x5e,0x5e,0xfe,0x50,0x0,0x0,0xff,0xff,0x0,0x3c,0x0,0x0,0x6,0x31,0x5,
  0xb6,0x10,0x27,0x1,0x37,0x2,0xa6,0x0,0x0,0x10,0x26,0x0,0x7b,0xe8,0x0,0x11,
  0x7,0x1,0x38,0x3,0x5c,0xfd,0xb7,0x0,0x9,0xb3,0x3,0x2,0x11,0x18,0x0,0x3f,
  0x35,0x35,0x0,0xff,0xff,0x0,0x2e,0x0,0x0,0x6,0x48,0x5,0xb6,0x10,0x27,0x1,
  0x37,0x2,0x83,0x0,0x0,0x10,0x26,0x0,0x7b,0xda,0x0,0x11,0x7,0x0,0x74,0x3,
  0xa2,0xfd,0xb7,0x0,0x7,0xb2,0x2,0x10,0x18,0x0,0x3f,0x35,0x0,0x0,0x0,0xff,
  0xff,0x0,0x37,0x0,0x0,0x6,0x68,0x5,0xc9,0x10,0x27,0x1,0x37,0x2,0xf8,0x0,
  0x0,0x10,0x27,0x1,0x38,0x3,0x93,0xfd,0xb7,0x11,0x6,0x0,0x75,0xa,0x0,0x0,
  0x9,0xb3,0x2,0x1,0x7,0x18,0x0,0x3f,0x35,0x35,0x0,0x0,0x2,0x0,0x37,0xfe,
  0x77,0x3,0x96,0x4,0x5e,0x0,0x1b,0x0,0x27,0x0,0x48,0x40,0x26,0x1c,0x22,0x0,
  0x1b,0x7,0x13,0x13,0x1b,0x22,0x3,0x29,0x28,0x4,0x17,0x17,0x0,0x1b,0x10,0x1b,
  0x2,0xb,0x3,0x1b,0x1b,0x10,0x25,0x25,0x1f,0x51,0x59,0x25,0x10,0x10,0xa,0x4b,
  0x59,0x10,0x22,0x0,0x3f,0x2b,0x0,0x18,0x3f,0x2b,0x11,0x12,0x0,0x39,0x18,0x2f,
  0x5f,0x5e,0x5d,0x39,0x11,0x33,0x11,0x12,0x1,0x17,0x39,0x11,0x33,0x11,0x33,0x11,
  0x33,0x31,0x30,0x1,0x15,0x14,0x6,0x7,0xe,0x1,0x15,0x14,0x16,0x33,0x32,0x36,
  0x37,0x17,0x6,0x23,0x22,0x26,0x35,0x34,0x3e,0x1,0x37,0x3e,0x1,0x3d,0x1,0x13,
  0x14,0x6,0x23,0x22,0x26,0x35,0x34,0x36,0x33,0x32,0x16,0x2,0x8b,0x52,0x66,0x7c,
  0x3e,0x6c,0x6b,0x5a,0xa8,0x52,0x52,0xdc,0xcc,0xcf,0xe8,0x2a,0x56,0x72,0x5e,0x3e,
  0xef,0x4b,0x4a,0x48,0x4c,0x4c,0x48,0x48,0x4d,0x2,0x85,0x3f,0x6a,0x96,0x50,0x62,
  0x62,0x4b,0x4e,0x5e,0x37,0x26,0xb3,0x6e,0xbf,0xa9,0x49,0x72,0x68,0x5a,0x4c,0x61,
  0x4f,0x2d,0x1,0x40,0x4a,0x4e,0x4f,0x49,0x45,0x54,0x51,0xff,0xff,0x0,0x0,0x0,
  0x0,0x5,0x4a,0x7,0x73,0x12,0x26,0x0,0x24,0x0,0x0,0x11,0x7,0x0,0x43,0xff,
  0xe4,0x1,0x52,0x0,0x8,0xb3,0x2,0x19,0x5,0x26,0x0,0x2b,0x35,0x0,0x0,0xff,
  0xff,0x0,0x0,0x0,0x0,0x5,0x4a,0x7,0x73,0x12,0x26,0x0,0x24,0x0,0x0,0x11,
  0x7,0x0,0x76,0x0,0xaa,0x1,0x52,0x0,0x8,0xb3,0x2,0x19,0x5,0x26,0x0,0x2b,
  0x35,0x0,0x0,0xff,0xff,0x0,0x0,0x0,0x0,0x5,0x4a,0x7,0x73,0x12,0x26,0x0,
  0x24,0x0,0x0,0x11,0x7,0x0,0xc5,0x0,0x3b,0x1,0x52,0x0,0x8,0xb3,0x2,0x1c,
  0x5,0x26,0x0,0x2b,0x35,0x0,0x0,0xff,0xff,0x0,0x0,0x0,0x0,0x5,0x4a,0x7,
  0x48,0x12,0x26,0x0,0x24,0x0,0x0,0x11,0x7,0x0,0xc7,0x0,0x2d,0x1,0x52,0x0,
  0x8,0xb3,0x2,0x18,0x5,0x26,0x0,0x2b,0x35,0x0,0x0,0xff,0xff,0x0,0x0,0x0,
  0x0,0x5,0x4a,0x7,0x3e,0x12,0x26,0x0,0x24,0x0,0x0,0x11,0x7,0x0,0x6a,0x0,
  0x46,0x1,0x52,0x0,0xa,0xb4,0x3,0x2,0x25,0x5,0x26,0x0,0x2b,0x35,0x35,0xff,
  0xff,0x0,0x0,0x0,0x0,0x5,0x4a,0x7,0x9,0x12,0x26,0x0,0x24,0x0,0x0,0x11,
  0x6,0x0,0xc6,0x56,0x6d,0x0,0x9,0xb3,0x3,0x2,0x24,0x3,0x0,0x3f,0x35,0x35,
  0x0,0x0,0x0,0x0,0x2,0xff,0xfe,0x0,0x0,0x6,0xd3,0x5,0xb6,0x0,0xf,0x0,
  0x13,0x0,0x65,0x40,0x36,0x6,0x13,0x13,0x11,0x11,0xa,0xe,0xe,0x1,0x8,0x0,
  0x4,0x5,0x5,0x0,0x1,0xc,0x10,0x12,0x5,0x15,0x14,0xa,0xd,0x4c,0x59,0xa,
  0xa,0x1,0x6,0x10,0x3,0x4c,0x59,0x10,0x10,0x1,0x6,0x5,0x12,0x9,0x13,0x6,
  0x13,0x4c,0x59,0x6,0x3,0x1,0xe,0x4c,0x59,0x1,0x12,0x0,0x3f,0x2b,0x0,0x18,
  0x3f,0x2b,0x11,0x0,0x33,0x18,0x3f,0x11,0x12,0x39,0x2f,0x2b,0x11,0x12,0x0,0x39,
  0x18,0x2f,0x2b,0x11,0x12,0x1,0x17,0x39,0x33,0x11,0x33,0x11,0x33,0x11,0x33,0x12,
  0x39,0x39,0x11,0x33,0x11,0x33,0x31,0x30,0x29,0x1,0x11,0x21,0x3,0x23,0x1,0x21,
  0x15,0x21,0x11,0x21,0x15,0x21,0x11,0x21,0x1,0x21,0x11,0x23,0x6,0xd3,0xfc,0xd5,
  0xfe,0x8,0xbc,0xf6,0x2,0xa6,0x4,0x2f,0xfd,0xc5,0x2,0x14,0xfd,0xec,0x2,0x3b,
  0xfb,0x37,0x1,0x9e,0x7b,0x1,0x96,0xfe,0x6a,0x5,0xb6,0xca,0xfe,0x72,0xc8,0xfe,
  0x35,0x1,0x99,0x2,0x81,0x0,0x0,0xff,0xff,0x0,0x79,0xfe,0x14,0x4,0xcf,0x5,
  0xcb,0x12,0x26,0x0,0x26,0x0,0x0,0x10,0x7,0x0,0x7a,0x2,0xe,0x0,0x0,0xff,
  0xff,0x0,0xc1,0x0,0x0,0x3,0xfc,0x7,0x73,0x12,0x26,0x0,0x28,0x0,0x0,0x11,
  0x7,0x0,0x43,0xff,0xb7,0x1,0x52,0x0,0x8,0xb3,0x1,0x15,0x5,0x26,0x0,0x2b,
  0x35,0x0,0x0,0xff,0xff,0x0,0xc1,0x0,0x0,0x3,0xfc,0x7,0x73,0x12,0x26,0x0,
  0x28,0x0,0x0,0x11,0x7,0x0,0x76,0x0,0x4e,0x1,0x52,0x0,0x8,0xb3,0x1,0x15,
  0x5,0x26,0x0,0x2b,0x35,0x0,0x0,0xff,0xff,0x0,0xc1,0x0,0x0,0x3,0xfc,0x7,
  0x73,0x12,0x26,0x0,0x28,0x0,0x0,0x11,0x7,0x0,0xc5,0xff,0xf9,0x1,0x52,0x0,
  0x8,0xb3,0x1,0x18,0x5,0x26,0x0,0x2b,0x35,0x0,0x0,0xff,0xff,0x0,0xc1,0x0,
  0x0,0x3,0xfc,0x7,0x3e,0x12,0x26,0x0,0x28,0x0,0x0,0x11,0x7,0x0,0x6a,0x0,
  0x4,0x1,0x52,0x0,0xa,0xb4,0x2,0x1,0x21,0x5,0x26,0x0,0x2b,0x35,0x35,0xff,
  0xff,0xff,0xfa,0x0,0x0,0x1,0xe0,0x7,0x73,0x12,0x26,0x0,0x2c,0x0,0x0,0x11,
  0x7,0x0,0x43,0xfe,0x90,0x1,0x52,0x0,0x8,0xb3,0x1,0xd,0x5,0x26,0x0,0x2b,
  0x35,0x0,0x0,0xff,0xff,0x0,0xb3,0x0,0x0,0x2,0x99,0x7,0x73,0x12,0x26,0x0,
  0x2c,0x0,0x0,0x11,0x7,0x0,0x76,0xff,0x49,0x1,0x52,0x0,0x8,0xb3,0x1,0xd,
  0x5,0x26,0x0,0x2b,0x35,0x0,0x0,0xff,0xff,0xff,0xb5,0x0,0x0,0x2,0xb7,0x7,
  0x73,0x12,0x26,0x0,0x2c,0x0,0x0,0x11,0x7,0x0,0xc5,0xfe,0xd2,0x1,0x52,0x0,
  0x8,0xb3,0x1,0x10,0x5,0x26,0x0,0x2b,0x35,0x0,0x0,0xff,0xff,0x0,0x1,0x0,
  0x0,0x2,0x72,0x7,0x3e,0x12,0x26,0x0,0x2c,0x0,0x0,0x11,0x7,0x0,0x6a,0xfe,
  0xdc,0x1,0x52,0x0,0xa,0xb4,0x2,0x1,0x19,0x5,0x26,0x0,0x2b,0x35,0x35,0x0,
  0x2,0x0,0x2f,0x0,0x0,0x5,0x5e,0x5,0xb6,0x0,0xc,0x0,0x18,0x0,0x47,0x40,
  0x25,0xd,0x0,0x12,0x8,0x16,0x16,0x4,0x0,0x4,0x6,0x14,0x4,0x1a,0x19,0x15,
  0x6,0x7,0x6,0x4c,0x59,0x12,0x7,0x7,0x4,0x9,0x9,0x11,0x4c,0x59,0x9,0x3,
  0x4,0x16,0x4c,0x59,0x4,0x12,0x0,0x3f,0x2b,0x0,0x18,0x3f,0x2b,0x11,0x12,0x0,
  0x39,0x18,0x2f,0x33,0x2b,0x11,0x0,0x33,0x11,0x12,0x1,0x17,0x39,0x11,0x33,0x12,
  0x39,0x39,0x11,0x33,0x31,0x30,0x1,0x10,0x0,0x29,0x1,0x11,0x23,0x35,0x33,0x11,
  0x21,0x20,0x0,0x3,0x10,0x2,0x2b,0x1,0x11,0x21,0x15,0x21,0x11,0x33,0x20,0x5,
  0x5e,0xfe,0x6e,0xfe,0x86,0xfe,0x6f,0x92,0x92,0x1,0xbe,0x1,0x5b,0x1,0x84,0xfc,
  0xf9,0xf4,0xc5,0x1,0x33,0xfe,0xcd,0xa0,0x2,0x12,0x2,0xe9,0xfe,0x98,0xfe,0x7f,
  0x2,0x6f,0xc8,0x2,0x7f,0xfe,0x87,0xfe,0xa4,0x1,0x4,0x1,0x9,0xfe,0x49,0xc8,
  0xfe,0x5a,0x0,0xff,0xff,0x0,0xc1,0x0,0x0,0x5,0x83,0x7,0x48,0x12,0x26,0x0,
  0x31,0x0,0x0,0x11,0x7,0x0,0xc7,0x0,0xb2,0x1,0x52,0x0,0x8,0xb3,0x1,0x1a,
  0x5,0x26,0x0,0x2b,0x35,0x0,0x0,0xff,0xff,0x0,0x79,0xff,0xec,0x5,0xd3,0x7,
  0x73,0x12,0x26,0x0,0x32,0x0,0x0,0x11,0x7,0x0,0x43,0x0,0x77,0x1,0x52,0x0,
  0x8,0xb3,0x2,0x21,0x5,0x26,0x0,0x2b,0x35,0x0,0x0,0xff,0xff,0x0,0x79,0xff,
  0xec,0x5,0xd3,0x7,0x73,0x12,0x26,0x0,0x32,0x0,0x0,0x11,0x7,0x0,0x76,0x1,
  0x27,0x1,0x52,0x0,0x8,0xb3,0x2,0x21,0x5,0x26,0x0,0x2b,0x35,0x0,0x0,0xff,
  0xff,0x0,0x79,0xff,0xec,0x5,0xd3,0x7,0x73,0x12,0x26,0x0,0x32,0x0,0x0,0x11,
  0x7,0x0,0xc5,0x0,0xba,0x1,0x52,0x0,0x8,0xb3,0x2,0x24,0x5,0x26,0x0,0x2b,
  0x35,0x0,0x0,0xff,0xff,0x0,0x79,0xff,0xec,0x5,0xd3,0x7,0x48,0x12,0x26,0x0,
  0x32,0x0,0x0,0x11,0x7,0x0,0xc7,0x0,0xae,0x1,0x52,0x0,0x8,0xb3,0x2,0x20,
  0x5,0x26,0x0,0x2b,0x35,0x0,0x0,0xff,0xff,0x0,0x79,0xff,0xec,0x5,0xd3,0x7,
  0x3e,0x12,0x26,0x0,0x32,0x0,0x0,0x11,0x7,0x0,0x6a,0x0,0xcb,0x1,0x52,0x0,
  0xa,0xb4,0x3,0x2,0x2d,0x5,0x26,0x0,0x2b,0x35,0x35,0x0,0x1,0x0,0x83,0x1,
  0xe,0x4,0xe,0x4,0x98,0x0,0xb,0x0,0x1c,0x40,0xf,0x1,0x3,0x5,0x7,0x9,
  0xb,0x6,0xd,0xc,0x2f,0x0,0x5f,0x0,0x2,0x0,0x0,0x19,0x2f,0x5d,0x11,0x12,
  0x1,0x17,0x39,0x31,0x30,0x9,0x1,0x37,0x9,0x1,0x17,0x9,0x1,0x7,0x9,0x1,
  0x27,0x1,0xc9,0xfe,0xba,0x7d,0x1,0x48,0x1,0x49,0x7d,0xfe,0xb7,0x1,0x45,0x7b,
  0xfe,0xb7,0xfe,0xbc,0x7d,0x2,0xd3,0x1,0x46,0x7f,0xfe,0xba,0x1,0x46,0x7b,0xfe,
  0xb6,0xfe,0xb8,0x7d,0x1,0x46,0xfe,0xba,0x7d,0x0,0x0,0x0,0x3,0x0,0x79,0xff,
  0xb4,0x5,0xd3,0x5,0xfc,0x0,0x13,0x0,0x1b,0x0,0x23,0x0,0x4e,0x40,0x2d,0x16,
  0x17,0x1e,0x1f,0x4,0x14,0x1c,0x14,0x0,0x1c,0xa,0x0,0x5,0x8,0xa,0xf,0x5,
  0x25,0x24,0x17,0x1e,0x16,0x1f,0x4,0x21,0x19,0xf,0x12,0x8,0x5,0x4,0x3,0xd,
  0xd,0x21,0x4c,0x59,0xd,0x4,0x3,0x19,0x4c,0x59,0x3,0x13,0x0,0x3f,0x2b,0x0,
  0x18,0x3f,0x2b,0x11,0x12,0x0,0x17,0x39,0x11,0x12,0x17,0x39,0x11,0x12,0x1,0x17,
  0x39,0x11,0x33,0x11,0x33,0x11,0x12,0x17,0x39,0x31,0x30,0x1,0x10,0x0,0x21,0x22,
  0x27,0x7,0x27,0x37,0x26,0x11,0x10,0x0,0x21,0x32,0x17,0x37,0x17,0x7,0x16,0x3,
  0x34,0x27,0x1,0x16,0x33,0x32,0x12,0x1,0x14,0x17,0x1,0x26,0x23,0x22,0x2,0x5,
  0xd3,0xfe,0x9b,0xfe,0xb9,0xd5,0x94,0x5e,0x8d,0x62,0xbc,0x1,0x65,0x1,0x4b,0xc7,
  0x9b,0x5a,0x8e,0x63,0xc3,0xfe,0x50,0xfd,0xb6,0x61,0x8b,0xd5,0xd9,0xfc,0xa2,0x4e,
  0x2,0x4b,0x5c,0x8b,0xd7,0xdb,0x2,0xdd,0xfe,0x9b,0xfe,0x74,0x51,0x89,0x5e,0x90,
  0xc4,0x1,0x79,0x1,0x6a,0x1,0x84,0x52,0x81,0x5c,0x8c,0xc7,0xfe,0x90,0xe1,0x88,
  0xfc,0xae,0x3c,0x1,0x14,0x1,0x11,0xe7,0x83,0x3,0x52,0x3b,0xfe,0xea,0x0,0xff,
  0xff,0x0,0xb4,0xff,0xec,0x5,0x3b,0x7,0x73,0x12,0x26,0x0,0x38,0x0,0x0,0x11,
  0x7,0x0,0x43,0x0,0x37,0x1,0x52,0x0,0x8,0xb3,0x1,0x1b,0x5,0x26,0x0,0x2b,
  0x35,0x0,0x0,0xff,0xff,0x0,0xb4,0xff,0xec,0x5,0x3b,0x7,0x73,0x12,0x26,0x0,
  0x38,0x0,0x0,0x11,0x7,0x0,0x76,0x0,0xee,0x1,0x52,0x0,0x8,0xb3,0x1,0x1b,
  0x5,0x26,0x0,0x2b,0x35,0x0,0x0,0xff,0xff,0x0,0xb4,0xff,0xec,0x5,0x3b,0x7,
  0x73,0x12,0x26,0x0,0x38,0x0,0x0,0x11,0x7,0x0,0xc5,0x0,0x8b,0x1,0x52,0x0,
  0x8,0xb3,0x1,0x1e,0x5,0x26,0x0,0x2b,0x35,0x0,0x0,0xff,0xff,0x0,0xb4,0xff,
  0xec,0x5,0x3b,0x7,0x3e,0x12,0x26,0x0,0x38,0x0,0x0,0x11,0x7,0x0,0x6a,0x0,
  0x98,0x1,0x52,0x0,0xa,0xb4,0x2,0x1,0x27,0x5,0x26,0x0,0x2b,0x35,0x35,0xff,
  0xff,0x0,0x0,0x0,0x0,0x4,0xbc,0x7,0x73,0x12,0x26,0x0,0x3c,0x0,0x0,0x11,
  0x7,0x0,0x76,0x0,0x58,0x1,0x52,0x0,0x8,0xb3,0x1,0x12,0x5,0x26,0x0,0x2b,
  0x35,0x0,0x0,0x0,0x2,0x0,0xc1,0x0,0x0,0x4,0x91,0x5,0xb6,0x0,0xc,0x0,
  0x15,0x0,0x46,0x40,0x25,0x11,0x0,0xd,0x9,0x5,0x5,0x6,0x6,0x0,0x17,0x16,
  0x9,0x15,0x4c,0x59,0x0,0x9,0x10,0x9,0x2,0xc,0x3,0x9,0x9,0x6,0x7,0xd,
  0x4,0x4c,0x59,0xd,0xd,0x6,0x7,0x3,0x6,0x12,0x0,0x3f,0x3f,0x12,0x39,0x2f,
  0x2b,0x11,0x12,0x0,0x39,0x18,0x2f,0x5f,0x5e,0x5d,0x2b,0x11,0x12,0x1,0x39,0x39,
  0x11,0x33,0x11,0x33,0x33,0x11,0x33,0x31,0x30,0x1,0x14,0x4,0x21,0x23,0x11,0x23,
  0x11,0x33,0x15,0x33,0x20,0x4,0x1,0x33,0x32,0x36,0x35,0x34,0x26,0x2b,0x1,0x4,
  0x91,0xfe,0xdc,0xfe,0xeb,0xa8,0xef,0xef,0xc5,0x1,0xc,0x1,0x10,0xfd,0x1f,0x85,
  0xbb,0xac,0x9c,0xac,0xa4,0x3,0x8,0xe3,0xf4,0xfe,0xcf,0x5,0xb6,0xf3,0xe0,0xfe,
  0x15,0x7e,0x8c,0x7f,0x7b,0x0,0x0,0x0,0x1,0x0,0xa8,0xff,0xec,0x5,0x2,0x6,
  0x1f,0x0,0x33,0x0,0x41,0x40,0x22,0x25,0x0,0x6,0x1f,0x19,0xe,0x2c,0x2d,0x0,
  0xe,0x14,0x1f,0x2d,0x5,0x35,0x34,0x19,0x25,0x11,0x31,0x2d,0x15,0x31,0x28,0x46,
  0x59,0x31,0x0,0x11,0x17,0x48,0x59,0x11,0x16,0x0,0x3f,0x2b,0x0,0x18,0x3f,0x2b,
  0x0,0x18,0x3f,0x11,0x12,0x39,0x39,0x11,0x12,0x1,0x17,0x39,0x11,0x33,0x11,0x33,
  0x11,0x33,0x11,0x33,0x31,0x30,0x1,0x14,0x6,0x7,0xe,0x1,0x15,0x14,0x16,0x1f,
  0x1,0x1e,0x2,0x15,0x14,0x6,0x23,0x22,0x27,0x35,0x1e,0x1,0x33,0x32,0x35,0x34,
  0x26,0x27,0x2e,0x1,0x35,0x34,0x36,0x37,0x3e,0x1,0x35,0x34,0x26,0x23,0x22,0x6,
  0x15,0x11,0x23,0x11,0x34,0x24,0x33,0x32,0x4,0x4,0x7d,0x4d,0x42,0x5a,0x36,0x2d,
  0x39,0x5f,0x5c,0x57,0x2c,0xd6,0xcc,0xbe,0x6d,0x3a,0xa2,0x43,0xc0,0x45,0x79,0x77,
  0x68,0x44,0x47,0x4b,0x40,0x86,0x6f,0x7f,0x86,0xeb,0x1,0x1,0xef,0xe1,0x1,0x4,
  0x4,0xe5,0x4a,0x85,0x33,0x45,0x3a,0x1c,0x1e,0x33,0x26,0x40,0x3e,0x5f,0x70,0x47,
  0xa5,0xac,0x41,0xc7,0x25,0x31,0x97,0x3d,0x58,0x4a,0x49,0x7c,0x54,0x3f,0x69,0x35,
  0x37,0x55,0x33,0x48,0x51,0x6c,0x69,0xfb,0x73,0x4,0x91,0xc1,0xcd,0xa8,0x0,0xff,
  0xff,0x0,0x5a,0xff,0xec,0x4,0x4,0x6,0x21,0x12,0x26,0x0,0x44,0x0,0x0,0x11,
  0x6,0x0,0x43,0x99,0x0,0x0,0x8,0xb3,0x2,0x30,0x11,0x26,0x0,0x2b,0x35,0xff,
  0xff,0x0,0x5a,0xff,0xec,0x4,0x4,0x6,0x21,0x12,0x26,0x0,0x44,0x0,0x0,0x11,
  0x6,0x0,0x76,0x4c,0x0,0x0,0x8,0xb3,0x2,0x30,0x11,0x26,0x0,0x2b,0x35,0xff,
  0xff,0x0,0x5a,0xff,0xec,0x4,0x4,0x6,0x21,0x12,0x26,0x0,0x44,0x0,0x0,0x11,
  0x6,0x0,0xc5,0xe8,0x0,0x0,0x8,0xb3,0x2,0x33,0x11,0x26,0x0,0x2b,0x35,0xff,
  0xff,0x0,0x5a,0xff,0xec,0x4,0x4,0x5,0xf6,0x12,0x26,0x0,0x44,0x0,0x0,0x11,
  0x6,0x0,0xc7,0xe4,0x0,0x0,0x8,0xb3,0x2,0x2f,0x11,0x26,0x0,0x2b,0x35,0xff,
  0xff,0x0,0x5a,0xff,0xec,0x4,0x4,0x5,0xec,0x12,0x26,0x0,0x44,0x0,0x0,0x11,
  0x6,0x0,0x6a,0xf5,0x0,0x0,0xa,0xb4,0x3,0x2,0x3c,0x11,0x26,0x0,0x2b,0x35,
  0x35,0x0,0x0,0xff,0xff,0x0,0x5a,0xff,0xec,0x4,0x4,0x6,0x9c,0x12,0x26,0x0,
  0x44,0x0,0x0,0x11,0x6,0x0,0xc6,0xe,0x0,0x0,0xa,0xb4,0x3,0x2,0x2a,0x11,
  0x26,0x0,0x2b,0x35,0x35,0x0,0x0,0x0,0x3,0x0,0x5a,0xff,0xec,0x6,0xb8,0x4,
  0x66,0x0,0x26,0x0,0x30,0x0,0x37,0x0,0x73,0x40,0x3f,0x21,0xf,0x16,0x4,0x2d,
  0x34,0x16,0x16,0x2d,0x35,0x15,0x27,0x0,0x0,0xa,0x15,0x1a,0x2d,0x5,0x39,0x38,
  0xf,0x21,0x24,0xd,0x4,0x2d,0x4a,0x59,0x4,0x4,0x24,0xd,0x34,0x16,0x49,0x59,
  0x34,0x34,0x24,0xd,0x11,0x31,0x48,0x59,0xd,0x7,0x48,0x59,0x11,0xd,0x10,0x1e,
  0x18,0x47,0x59,0x24,0x29,0x48,0x59,0x1e,0x24,0x16,0x0,0x3f,0x33,0x2b,0x2b,0x0,
  0x18,0x3f,0x33,0x2b,0x2b,0x11,0x12,0x0,0x39,0x18,0x2f,0x2b,0x11,0x12,0x0,0x39,
  0x18,0x2f,0x2b,0x11,0x12,0x0,0x39,0x39,0x11,0x12,0x1,0x17,0x39,0x11,0x33,0x11,
  0x33,0x11,0x33,0x11,0x33,0x11,0x33,0x12,0x39,0x39,0x31,0x30,0x13,0x34,0x36,0x3f,
  0x1,0x35,0x34,0x23,0x22,0x7,0x27,0x3e,0x1,0x33,0x32,0x17,0x36,0x33,0x32,0x12,
  0x1d,0x1,0x21,0x12,0x21,0x32,0x37,0x15,0xe,0x1,0x23,0x22,0x26,0x27,0xe,0x1,
  0x23,0x22,0x26,0x37,0x14,0x33,0x32,0x36,0x3d,0x1,0x7,0xe,0x1,0x1,0x22,0x6,
  0x7,0x21,0x34,0x26,0x5a,0xf3,0xf9,0xbc,0xc9,0x8d,0xa6,0x4a,0x58,0xd1,0x63,0xf1,
  0x63,0x78,0xe2,0xce,0xf4,0xfd,0x38,0xa,0x1,0x23,0xb8,0xac,0x56,0xab,0x6e,0x8c,
  0xd9,0x43,0x5e,0xc1,0x91,0xa5,0xbb,0xf4,0xa6,0x7c,0x90,0x87,0x9b,0x90,0x3,0xa4,
  0x70,0x83,0x9,0x1,0xd9,0x75,0x1,0x3d,0xac,0xad,0x8,0x6,0x4c,0xc2,0x52,0xa6,
  0x2f,0x31,0x9b,0x9b,0xfe,0xf3,0xe4,0x7f,0xfe,0xb0,0x50,0xbf,0x29,0x22,0x6d,0x6e,
  0x7d,0x5e,0xb4,0x9b,0x9b,0x91,0x7f,0x60,0x6,0x6,0x61,0x2,0x11,0x8b,0x8b,0x82,
  0x94,0x0,0x0,0xff,0xff,0x0,0x66,0xfe,0x14,0x3,0xb4,0x4,0x66,0x12,0x26,0x0,
  0x46,0x0,0x0,0x10,0x7,0x0,0x7a,0x1,0x64,0x0,0x0,0xff,0xff,0x0,0x66,0xff,
  0xec,0x4,0x39,0x6,0x21,0x12,0x26,0x0,0x48,0x0,0x0,0x11,0x6,0x0,0x43,0xaf,
  0x0,0x0,0x8,0xb3,0x2,0x25,0x11,0x26,0x0,0x2b,0x35,0xff,0xff,0x0,0x66,0xff,
  0xec,0x4,0x39,0x6,0x21,0x12,0x26,0x0,0x48,0x0,0x0,0x11,0x6,0x0,0x76,0x60,
  0x0,0x0,0x8,0xb3,0x2,0x25,0x11,0x26,0x0,0x2b,0x35,0xff,0xff,0x0,0x66,0xff,
  0xec,0x4,0x39,0x6,0x21,0x12,0x26,0x0,0x48,0x0,0x0,0x11,0x6,0x0,0xc5,0x0,
  0x0,0x0,0x8,0xb3,0x2,0x28,0x11,0x26,0x0,0x2b,0x35,0xff,0xff,0x0,0x66,0xff,
  0xec,0x4,0x39,0x5,0xec,0x12,0x26,0x0,0x48,0x0,0x0,0x11,0x6,0x0,0x6a,0xe,
  0x0,0x0,0xa,0xb4,0x3,0x2,0x31,0x11,0x26,0x0,0x2b,0x35,0x35,0x0,0x0,0xff,
  0xff,0xff,0xbb,0x0,0x0,0x1,0xa1,0x6,0x21,0x12,0x26,0x0,0xc2,0x0,0x0,0x11,
  0x7,0x0,0x43,0xfe,0x51,0x0,0x0,0x0,0x8,0xb3,0x1,0xd,0x11,0x26,0x0,0x2b,
  0x35,0x0,0x0,0xff,0xff,0x0,0x9c,0x0,0x0,0x2,0x82,0x6,0x21,0x12,0x26,0x0,
  0xc2,0x0,0x0,0x11,0x7,0x0,0x76,0xff,0x32,0x0,0x0,0x0,0x8,0xb3,0x1,0xd,
  0x11,0x26,0x0,0x2b,0x35,0x0,0x0,0xff,0xff,0xff,0x9c,0x0,0x0,0x2,0x9e,0x6,
  0x21,0x12,0x26,0x0,0xc2,0x0,0x0,0x11,0x7,0x0,0xc5,0xfe,0xb9,0x0,0x0,0x0,
  0x8,0xb3,0x1,0x10,0x11,0x26,0x0,0x2b,0x35,0x0,0x0,0xff,0xff,0xff,0xe7,0x0,
  0x0,0x2,0x58,0x5,0xec,0x12,0x26,0x0,0xc2,0x0,0x0,0x11,0x7,0x0,0x6a,0xfe,
  0xc2,0x0,0x0,0x0,0xa,0xb4,0x2,0x1,0x19,0x11,0x26,0x0,0x2b,0x35,0x35,0x0,
  0x2,0x0,0x66,0xff,0xec,0x4,0x7d,0x6,0x21,0x0,0x1b,0x0,0x27,0x0,0x50,0x40,
  0x2b,0xc,0x1c,0x1c,0x0,0x22,0x6,0x0,0x6,0x10,0x13,0x18,0x5,0x29,0x28,0x16,
  0x19,0x11,0xe,0x10,0x5,0x17,0xf,0xf,0x14,0xc,0x3,0x9,0x9,0x1f,0x47,0x59,
  0x9,0x9,0x3,0x17,0x14,0x1,0x3,0x25,0x47,0x59,0x3,0x16,0x0,0x3f,0x2b,0x0,
  0x18,0x3f,0xc6,0x12,0x39,0x2f,0x2b,0x11,0x12,0x0,0x39,0x12,0x39,0x18,0x2f,0x12,
  0x17,0x39,0x11,0x12,0x1,0x17,0x39,0x11,0x33,0x11,0x33,0x11,0x33,0x31,0x30,0x1,
  0x10,0x0,0x23,0x22,0x0,0x35,0x34,0x0,0x33,0x32,0x17,0x37,0x26,0x27,0x7,0x27,
  0x37,0x26,0x27,0x37,0x16,0x17,0x37,0x17,0x7,0x16,0x12,0x3,0x34,0x26,0x23,0x22,
  0x6,0x15,0x14,0x16,0x33,0x32,0x36,0x4,0x7d,0xfe,0xed,0xfb,0xeb,0xfe,0xe2,0x1,
  0x6,0xdc,0xd6,0x57,0x8,0x3e,0xa5,0xfa,0x58,0xcc,0x56,0x51,0x54,0x8c,0x76,0xe7,
  0x58,0xbc,0x98,0x9f,0xf0,0x97,0x83,0x97,0x86,0x94,0x89,0x94,0x86,0x2,0x37,0xfe,
  0xe9,0xfe,0xcc,0x1,0x10,0xe5,0xe7,0x1,0xd,0x6f,0x4,0xbd,0x9c,0x96,0x85,0x77,
  0x3b,0x2b,0x92,0x3f,0x51,0x8a,0x81,0x71,0x8c,0xfe,0x84,0xfe,0xe9,0x7f,0x96,0xa4,
  0x9e,0x99,0xa2,0xb6,0x0,0x0,0x0,0xff,0xff,0x0,0xa8,0x0,0x0,0x4,0x75,0x5,
  0xf6,0x12,0x26,0x0,0x51,0x0,0x0,0x11,0x6,0x0,0xc7,0x21,0x0,0x0,0x8,0xb3,
  0x1,0x1c,0x11,0x26,0x0,0x2b,0x35,0xff,0xff,0x0,0x66,0xff,0xec,0x4,0x7d,0x6,
  0x21,0x12,0x26,0x0,0x52,0x0,0x0,0x11,0x6,0x0,0x43,0xbb,0x0,0x0,0x8,0xb3,
  0x2,0x1f,0x11,0x26,0x0,0x2b,0x35,0xff,0xff,0x0,0x66,0xff,0xec,0x4,0x7d,0x6,
  0x21,0x12,0x26,0x0,0x52,0x0,0x0,0x11,0x6,0x0,0x76,0x6f,0x0,0x0,0x8,0xb3,
  0x2,0x1f,0x11,0x26,0x0,0x2b,0x35,0xff,0xff,0x0,0x66,0xff,0xec,0x4,0x7d,0x6,
  0x21,0x12,0x26,0x0,0x52,0x0,0x0,0x11,0x6,0x0,0xc5,0xc,0x0,0x0,0x8,0xb3,
  0x2,0x22,0x11,0x26,0x0,0x2b,0x35,0xff,0xff,0x0,0x66,0xff,0xec,0x4,0x7d,0x5,
  0xf6,0x12,0x26,0x0,0x52,0x0,0x0,0x11,0x6,0x0,0xc7,0xff,0x0,0x0,0x8,0xb3,
  0x2,0x1e,0x11,0x26,0x0,0x2b,0x35,0xff,0xff,0x0,0x66,0xff,0xec,0x4,0x7d,0x5,
  0xec,0x12,0x26,0x0,0x52,0x0,0x0,0x11,0x6,0x0,0x6a,0x12,0x0,0x0,0xa,0xb4,
  0x3,0x2,0x2b,0x11,0x26,0x0,0x2b,0x35,0x35,0x0,0x0,0x0,0x3,0x0,0x60,0x0,
  0xec,0x4,0x31,0x4,0xb6,0x0,0x3,0x0,0xf,0x0,0x1b,0x0,0x34,0x40,0x1a,0x16,
  0x10,0xa,0x4,0x0,0x3,0x4,0x10,0x4,0x1d,0x1c,0x7,0xd,0x19,0x13,0xd,0x13,
  0x1,0x1,0x0,0x52,0x59,0x2f,0x1,0x1,0x1,0x0,0x2f,0x5d,0x2b,0x11,0x0,0x33,
  0x33,0x18,0x2f,0x33,0x2f,0x33,0x11,0x12,0x1,0x17,0x39,0x11,0x33,0x11,0x33,0x31,
  0x30,0x13,0x35,0x21,0x15,0x1,0x34,0x36,0x33,0x32,0x16,0x15,0x14,0x6,0x23,0x22,
  0x26,0x11,0x34,0x36,0x33,0x32,0x16,0x15,0x14,0x6,0x23,0x22,0x26,0x60,0x3,0xd1,
  0xfd,0x98,0x3f,0x40,0x3d,0x40,0x44,0x39,0x3c,0x43,0x3f,0x40,0x3d,0x40,0x44,0x39,
  0x3c,0x43,0x2,0x79,0xb2,0xb2,0xfe,0xfc,0x40,0x47,0x48,0x3f,0x3f,0x4a,0x47,0x2,
  0xfc,0x40,0x47,0x48,0x3f,0x3f,0x4a,0x47,0x0,0x0,0x0,0x0,0x3,0x0,0x66,0xff,
  0xb8,0x4,0x7d,0x4,0x8b,0x0,0x13,0x0,0x1b,0x0,0x22,0x0,0x4f,0x40,0x2e,0x16,
  0x17,0x1e,0x1f,0x4,0x1c,0x14,0x1c,0x0,0x14,0xa,0x0,0x5,0x8,0xa,0xf,0x12,
  0x6,0x24,0x23,0x17,0x1e,0x16,0x1f,0x4,0x21,0x19,0xf,0x12,0x8,0x5,0x4,0x3,
  0xd,0xd,0x19,0x46,0x59,0xd,0x10,0x3,0x21,0x46,0x59,0x3,0x16,0x0,0x3f,0x2b,
  0x0,0x18,0x3f,0x2b,0x11,0x12,0x0,0x17,0x39,0x11,0x12,0x17,0x39,0x11,0x12,0x1,
  0x17,0x39,0x11,0x33,0x11,0x33,0x11,0x12,0x17,0x39,0x31,0x30,0x1,0x10,0x0,0x23,
  0x22,0x27,0x7,0x27,0x37,0x26,0x11,0x10,0x0,0x33,0x32,0x17,0x37,0x17,0x7,0x16,
  0x1,0x14,0x17,0x1,0x26,0x23,0x22,0x6,0x5,0x34,0x27,0x1,0x16,0x33,0x20,0x4,
  0x7d,0xfe,0xea,0xf8,0x90,0x6a,0x4c,0x87,0x52,0x8e,0x1,0x14,0xfb,0x90,0x72,0x45,
  0x88,0x4e,0x87,0xfc,0xdb,0x25,0x1,0x87,0x3c,0x57,0x94,0x85,0x2,0x33,0x21,0xfe,
  0x7d,0x36,0x56,0x1,0x18,0x2,0x2b,0xfe,0xf1,0xfe,0xd0,0x39,0x6d,0x5a,0x75,0x9b,
  0x1,0x9,0x1,0xd,0x1,0x2e,0x3f,0x64,0x5c,0x6c,0x98,0xff,0x0,0x87,0x54,0x2,
  0x2f,0x27,0xc4,0xb7,0x79,0x52,0xfd,0xd7,0x21,0x0,0x0,0xff,0xff,0x0,0x9e,0xff,
  0xec,0x4,0x6d,0x6,0x21,0x12,0x26,0x0,0x58,0x0,0x0,0x11,0x6,0x0,0x43,0xb7,
  0x0,0x0,0x8,0xb3,0x1,0x1e,0x11,0x26,0x0,0x2b,0x35,0xff,0xff,0x0,0x9e,0xff,
  0xec,0x4,0x6d,0x6,0x21,0x12,0x26,0x0,0x58,0x0,0x0,0x11,0x7,0x0,0x76,0x0,
  0x8b,0x0,0x0,0x0,0x8,0xb3,0x1,0x1e,0x11,0x26,0x0,0x2b,0x35,0x0,0x0,0xff,
  0xff,0x0,0x9e,0xff,0xec,0x4,0x6d,0x6,0x21,0x12,0x26,0x0,0x58,0x0,0x0,0x11,
  0x6,0x0,0xc5,0x21,0x0,0x0,0x8,0xb3,0x1,0x21,0x11,0x26,0x0,0x2b,0x35,0xff,
  0xff,0x0,0x9e,0xff,0xec,0x4,0x6d,0x5,0xec,0x12,0x26,0x0,0x58,0x0,0x0,0x11,
  0x6,0x0,0x6a,0x27,0x0,0x0,0xa,0xb4,0x2,0x1,0x2a,0x11,0x26,0x0,0x2b,0x35,
  0x35,0x0,0x0,0xff,0xff,0x0,0x0,0xfe,0x14,0x4,0x4a,0x6,0x21,0x12,0x26,0x0,
  0x5c,0x0,0x0,0x11,0x6,0x0,0x76,0x27,0x0,0x0,0x8,0xb3,0x1,0x1e,0x11,0x26,
  0x0,0x2b,0x35,0x0,0x2,0x0,0xa8,0xfe,0x14,0x4,0x93,0x6,0x14,0x0,0x15,0x0,
  0x21,0x0,0x41,0x40,0x22,0x1f,0x6,0xc,0x12,0x15,0x1a,0x4,0xf,0xf,0x10,0x10,
  0x6,0x23,0x22,0xc,0x15,0x9,0x3,0x11,0x0,0x10,0x1b,0x3,0x16,0x46,0x59,0x3,
  0x10,0x9,0x1d,0x46,0x59,0x9,0x16,0x0,0x3f,0x2b,0x0,0x18,0x3f,0x2b,0x0,0x18,
  0x3f,0x3f,0x11,0x12,0x39,0x39,0x11,0x12,0x1,0x39,0x39,0x11,0x33,0x11,0x17,0x33,
  0x11,0x33,0x31,0x30,0x1,0x3e,0x1,0x33,0x32,0x12,0x11,0x10,0x2,0x23,0x22,0x27,
  0x23,0x1f,0x1,0x11,0x23,0x11,0x33,0x11,0xf,0x1,0x5,0x22,0x6,0x1d,0x1,0x14,
  0x16,0x33,0x32,0x11,0x34,0x26,0x1,0x93,0x3d,0xa3,0x6a,0xce,0xe8,0xe9,0xcd,0xdb,
  0x6f,0xe,0x8,0x6,0xeb,0xeb,0x7,0x3,0x1,0x19,0x8e,0x81,0x80,0x91,0xfe,0x7b,
  0x3,0xc1,0x56,0x4f,0xfe,0xd2,0xfe,0xf3,0xfe,0xf0,0xfe,0xd1,0x95,0x48,0x5c,0xfe,
  0x37,0x8,0x0,0xfe,0x52,0x8a,0x1b,0x1b,0xa4,0xb2,0x25,0xca,0xb5,0x1,0x81,0xbe,
  0xbb,0x0,0x0,0xff,0xff,0x0,0x0,0xfe,0x14,0x4,0x4a,0x5,0xec,0x12,0x26,0x0,
  0x5c,0x0,0x0,0x11,0x6,0x0,0x6a,0xca,0x0,0x0,0xa,0xb4,0x2,0x1,0x2a,0x11,
  0x26,0x0,0x2b,0x35,0x35,0x0,0x0,0x0,0x1,0x0,0xa8,0x0,0x0,0x1,0x93,0x4,
  0x52,0x0,0x3,0x0,0x16,0x40,0x9,0x0,0x1,0x1,0x5,0x4,0x2,0xf,0x1,0x15,
  0x0,0x3f,0x3f,0x11,0x12,0x1,0x39,0x11,0x33,0x31,0x30,0x21,0x23,0x11,0x33,0x1,
  0x93,0xeb,0xeb,0x4,0x52,0x0,0x0,0x0,0x2,0x0,0x79,0xff,0xec,0x7,0x1b,0x5,
  0xcd,0x0,0x14,0x0,0x1f,0x0,0x56,0x40,0x2f,0xd,0x0,0xf,0x13,0x13,0x1d,0x18,
  0x6,0x0,0x6,0x11,0x1d,0x4,0x21,0x20,0xf,0x12,0x4c,0x59,0xf,0xf,0x1,0xb,
  0xb,0xe,0x4c,0x59,0xb,0x3,0x9,0x15,0x4c,0x59,0x9,0x4,0x1,0x13,0x4c,0x59,
  0x1,0x13,0x3,0x1b,0x4c,0x59,0x3,0x12,0x0,0x3f,0x2b,0x0,0x18,0x3f,0x2b,0x0,
  0x18,0x3f,0x2b,0x0,0x18,0x3f,0x2b,0x11,0x12,0x0,0x39,0x18,0x2f,0x2b,0x11,0x12,
  0x1,0x17,0x39,0x11,0x33,0x11,0x33,0x11,0x33,0x11,0x33,0x31,0x30,0x29,0x1,0x6,
  0x23,0x20,0x0,0x11,0x10,0x0,0x21,0x32,0x17,0x21,0x15,0x21,0x11,0x21,0x15,0x21,
  0x11,0x21,0x1,0x22,0x2,0x11,0x10,0x12,0x33,0x32,0x37,0x11,0x26,0x7,0x1b,0xfc,
  0xcc,0x66,0x6d,0xfe,0xc0,0xfe,0xa5,0x1,0x58,0x1,0x3f,0x73,0x5e,0x3,0x3a,0xfd,
  0xc0,0x2,0x1b,0xfd,0xe5,0x2,0x40,0xfb,0xfe,0xd0,0xd6,0xd4,0xd0,0x81,0x54,0x50,
  0x14,0x1,0x89,0x1,0x6a,0x1,0x68,0x1,0x86,0x17,0xca,0xfe,0x72,0xc8,0xfe,0x35,
  0x4,0x35,0xfe,0xea,0xfe,0xf3,0xfe,0xf3,0xfe,0xe8,0x23,0x4,0x0,0x25,0x0,0x0,
  0x3,0x0,0x66,0xff,0xec,0x7,0x4c,0x4,0x66,0x0,0x1d,0x0,0x29,0x0,0x30,0x0,
  0x6f,0x40,0x3d,0xd,0x2,0x24,0x2d,0x14,0x14,0x24,0x2e,0x13,0x1e,0x7,0x7,0x13,
  0x1a,0x24,0x4,0x32,0x31,0xd,0x2,0x4,0xa,0x2d,0x14,0x48,0x59,0xc,0x2d,0x1c,
  0x2d,0x2,0x10,0x3,0x2d,0x2d,0x4,0xa,0xf,0x2a,0x48,0x59,0xf,0xa,0xa,0x27,
  0x46,0x59,0xa,0x10,0x0,0x17,0x47,0x59,0x0,0x4,0x4,0x21,0x46,0x59,0x4,0x16,
  0x0,0x3f,0x2b,0x11,0x0,0x33,0x2b,0x0,0x18,0x3f,0x2b,0x11,0x0,0x33,0x2b,0x11,
  0x12,0x0,0x39,0x18,0x2f,0x5f,0x5e,0x5d,0x2b,0x11,0x12,0x0,0x39,0x39,0x11,0x12,
  0x1,0x17,0x39,0x11,0x33,0x11,0x33,0x11,0x33,0x11,0x33,0x12,0x39,0x39,0x31,0x30,
  0x5,0x20,0x27,0x6,0x21,0x22,0x0,0x11,0x10,0x0,0x33,0x32,0x16,0x17,0x36,0x33,
  0x32,0x0,0x1d,0x1,0x21,0x1e,0x1,0x33,0x32,0x36,0x37,0x15,0xe,0x1,0x1,0x14,
  0x16,0x33,0x32,0x36,0x35,0x34,0x26,0x23,0x22,0x6,0x25,0x22,0x6,0x7,0x21,0x34,
  0x26,0x5,0x9e,0xfe,0xe7,0x8b,0x84,0xfe,0xf4,0xec,0xfe,0xe8,0x1,0x12,0xf5,0x79,
  0xcc,0x42,0x83,0xf8,0xdd,0x1,0x0,0xfd,0x1e,0xb,0x95,0x9a,0x66,0xaa,0x60,0x54,
  0xaf,0xfb,0x47,0x83,0x92,0x8d,0x83,0x84,0x91,0x8f,0x81,0x4,0x19,0x6e,0x87,0xb,
  0x1,0xf1,0x7e,0x14,0xc2,0xc2,0x1,0x36,0x1,0x9,0x1,0x10,0x1,0x2b,0x62,0x60,
  0xc2,0xfe,0xf5,0xe8,0x7f,0xa4,0xaa,0x25,0x2b,0xbf,0x28,0x23,0x2,0x3f,0xbd,0xc2,
  0xbf,0xbc,0xc0,0xbf,0xbe,0xcc,0x8b,0x8b,0x86,0x90,0x0,0x0,0x1,0x0,0xe3,0x4,
  0xd9,0x3,0xe5,0x6,0x21,0x0,0xc,0x0,0x28,0x40,0x12,0x9,0x8,0x2,0x0,0xc,
  0x4,0x5,0x2,0x5,0xc,0x3,0xe,0xd,0x2,0x9,0x80,0x5,0x0,0x0,0x2f,0x32,
  0x1a,0xcd,0x32,0x11,0x12,0x1,0x17,0x39,0x11,0x33,0x11,0x33,0x11,0x33,0x33,0x31,
  0x30,0x1,0x26,0x27,0x6,0x7,0x23,0x35,0x36,0x37,0x21,0x16,0x17,0x15,0x3,0x46,
  0x7b,0x69,0x67,0x7a,0x9e,0xbf,0x3f,0x1,0x4,0x3f,0xc1,0x4,0xd9,0x49,0x6b,0x67,
  0x4d,0x19,0xc6,0x69,0x6e,0xc1,0x19,0x0,0x2,0x1,0x60,0x4,0xd7,0x3,0x3b,0x6,
  0x9c,0x0,0xb,0x0,0x16,0x0,0x2a,0x40,0x16,0xc,0x0,0x12,0x6,0x6,0x0,0x18,
  0x17,0xf,0x70,0x9,0x1,0xf,0x9,0x1f,0x9,0x2f,0x9,0x3,0x9,0x14,0x3,0x0,
  0x2f,0x33,0xc4,0x5d,0x5d,0x32,0x11,0x12,0x1,0x39,0x39,0x11,0x33,0x11,0x33,0x31,
  0x30,0x1,0x14,0x6,0x23,0x22,0x26,0x35,0x34,0x36,0x33,0x32,0x16,0x7,0x34,0x26,
  0x23,0x22,0x6,0x15,0x14,0x33,0x32,0x36,0x3,0x3b,0x83,0x6c,0x6c,0x80,0x7f,0x6d,
  0x68,0x87,0x85,0x3c,0x2e,0x2f,0x3c,0x6b,0x2e,0x3c,0x5,0xbc,0x66,0x7f,0x7d,0x66,
  0x65,0x7d,0x7c,0x66,0x32,0x39,0x39,0x32,0x6a,0x37,0x0,0x0,0x1,0x0,0xec,0x4,
  0xd7,0x3,0xfe,0x5,0xf6,0x0,0x15,0x0,0x32,0x40,0x18,0x12,0x13,0x7,0x8,0x13,
  0x8,0x17,0x16,0x10,0x0,0x5,0xb,0x0,0xb,0x0,0xb,0x7f,0x13,0x8f,0x13,0x2,
  0x13,0x80,0x8,0x0,0x2f,0x1a,0xcc,0x5d,0x39,0x39,0x2f,0x2f,0x11,0x33,0x11,0x33,
  0x11,0x12,0x1,0x39,0x39,0x11,0x33,0x11,0x33,0x31,0x30,0x1,0x22,0x2e,0x2,0x23,
  0x22,0x7,0x23,0x3e,0x1,0x33,0x32,0x1e,0x2,0x33,0x32,0x37,0x33,0xe,0x1,0x3,
  0x8,0x2a,0x51,0x4e,0x4a,0x22,0x51,0x1c,0x7a,0xc,0x83,0x66,0x2b,0x52,0x4e,0x49,
  0x22,0x4f,0x1b,0x7d,0xc,0x82,0x4,0xd9,0x23,0x2b,0x23,0x73,0x8b,0x92,0x23,0x2b,
  0x23,0x73,0x86,0x97,0x0,0x0,0x0,0xff,0xff,0x0,0xc1,0x0,0x0,0x3,0xfc,0x7,
  0x73,0x12,0x26,0x0,0x28,0x0,0x0,0x11,0x7,0x0,0x43,0xff,0xa9,0x1,0x52,0x0,
  0x8,0xb3,0x1,0x15,0x5,0x26,0x0,0x2b,0x35,0x0,0x0,0xff,0xff,0x0,0xc1,0x0,
  0x0,0x3,0xfc,0x7,0x3e,0x12,0x26,0x0,0x28,0x0,0x0,0x11,0x7,0x0,0x6a,0x0,
  0xa,0x1,0x52,0x0,0xa,0xb4,0x2,0x1,0x21,0x5,0x26,0x0,0x2b,0x35,0x35,0x0,
  0x1,0x0,0x1d,0xff,0xec,0x5,0xa2,0x5,0xb6,0x0,0x1d,0x0,0x44,0x40,0x25,0x8,
  0x1b,0x16,0xe,0xe,0xf,0x3,0xf,0x11,0x14,0x1b,0x5,0x1f,0x1e,0x16,0xd,0x4c,
  0x59,0x16,0x16,0x12,0xf,0x12,0x15,0x11,0x12,0x11,0x4c,0x59,0x12,0x3,0x0,0x5,
  0x4c,0x59,0x0,0x13,0x0,0x3f,0x2b,0x0,0x18,0x3f,0x2b,0x11,0x0,0x33,0x18,0x3f,
  0x12,0x39,0x2f,0x2b,0x11,0x12,0x1,0x17,0x39,0x11,0x33,0x11,0x33,0x11,0x33,0x31,
  0x30,0x5,0x22,0x27,0x35,0x16,0x33,0x32,0x36,0x3d,0x1,0x34,0x26,0x23,0x21,0x11,
  0x23,0x11,0x21,0x35,0x21,0x15,0x21,0x11,0x21,0x32,0x16,0x1d,0x1,0x14,0x6,0x4,
  0x1d,0x67,0x49,0x54,0x4b,0x57,0x4f,0x68,0x77,0xfe,0x9a,0xf0,0xfe,0xa0,0x4,0x8,
  0xfe,0x48,0x1,0x72,0xda,0xe9,0xc8,0x14,0x1e,0xcb,0x1f,0x62,0x61,0x81,0x6c,0x5d,
  0xfd,0x3d,0x4,0xe9,0xcd,0xcd,0xfe,0xa6,0xc8,0xb5,0x89,0xc6,0xd7,0x0,0x0,0xff,
  0xff,0x0,0xc1,0x0,0x0,0x4,0x25,0x7,0x73,0x12,0x26,0x1,0x3d,0x0,0x0,0x11,
  0x7,0x0,0x76,0x0,0x6f,0x1,0x52,0x0,0x8,0xb3,0x1,0xf,0x5,0x26,0x0,0x2b,
  0x35,0x0,0x0,0x0,0x1,0x0,0x79,0xff,0xec,0x5,0x2,0x5,0xcb,0x0,0x1a,0x0,
  0x3a,0x40,0x1f,0x3,0x6,0x6,0x11,0x4,0xc,0x11,0x17,0x4,0x1c,0x1b,0x3,0x6,
  0x4c,0x59,0x3,0x3,0xe,0x15,0x15,0x0,0x4c,0x59,0x15,0x4,0xe,0x9,0x4c,0x59,
  0xe,0x13,0x0,0x3f,0x2b,0x0,0x18,0x3f,0x2b,0x11,0x12,0x0,0x39,0x18,0x2f,0x2b,
  0x11,0x12,0x1,0x17,0x39,0x11,0x33,0x11,0x33,0x31,0x30,0x1,0x22,0x6,0x7,0x21,
  0x15,0x21,0x1e,0x1,0x33,0x32,0x37,0x15,0x6,0x23,0x20,0x0,0x11,0x34,0x12,0x24,
  0x33,0x32,0x17,0x7,0x2e,0x1,0x3,0x46,0xc8,0xf1,0x14,0x2,0xa6,0xfd,0x58,0xa,
  0xe8,0xdd,0xa1,0xe4,0xb4,0xe6,0xfe,0xb0,0xfe,0x98,0xad,0x1,0x47,0xe1,0xe7,0xcd,
  0x5a,0x7d,0x96,0x4,0xfe,0xde,0xcc,0xcb,0xdf,0xf2,0x42,0xcd,0x41,0x1,0x80,0x1,
  0x6f,0xe4,0x1,0x55,0xb7,0x5e,0xc9,0x37,0x23,0x0,0x0,0xff,0xff,0x0,0x64,0xff,
  0xec,0x4,0xc,0x5,0xcb,0x12,0x6,0x0,0x36,0x0,0x0,0xff,0xff,0x0,0xc1,0x0,
  0x0,0x1,0xb0,0x5,0xb6,0x12,0x6,0x0,0x2c,0x0,0x0,0xff,0xff,0x0,0x1,0x0,
  0x0,0x2,0x72,0x7,0x3e,0x12,0x26,0x0,0x2c,0x0,0x0,0x11,0x7,0x0,0x6a,0xfe,
  0xdc,0x1,0x52,0x0,0xa,0xb4,0x2,0x1,0x19,0x5,0x26,0x0,0x2b,0x35,0x35,0xff,
  0xff,0xff,0x64,0xfe,0x68,0x1,0xaa,0x5,0xb6,0x12,0x6,0x0,0x2d,0x0,0x0,0x0,
  0x2,0x0,0x8,0xff,0xe9,0x7,0x62,0x5,0xb6,0x0,0x1a,0x0,0x23,0x0,0x4c,0x40,
  0x29,0x1f,0x0,0x17,0x1b,0x1b,0x4,0x6,0x15,0x0,0x4,0xf,0x15,0x4,0x25,0x24,
  0x17,0x23,0x4c,0x59,0x17,0x17,0x4,0x15,0x4,0x1b,0x4c,0x59,0x4,0x12,0x15,0x6,
  0x4c,0x59,0x15,0x3,0xc,0x11,0x4c,0x59,0xc,0x13,0x0,0x3f,0x2b,0x0,0x18,0x3f,
  0x2b,0x0,0x18,0x3f,0x2b,0x11,0x12,0x0,0x39,0x18,0x2f,0x2b,0x11,0x12,0x1,0x17,
  0x39,0x11,0x33,0x11,0x33,0x11,0x33,0x11,0x33,0x31,0x30,0x1,0x14,0x4,0x29,0x1,
  0x11,0x21,0x7,0xa,0x1,0xe,0x1,0x23,0x22,0x27,0x35,0x16,0x33,0x32,0x36,0x12,
  0x13,0x21,0x11,0x33,0x20,0x4,0x1,0x33,0x32,0x36,0x35,0x34,0x26,0x2b,0x1,0x7,
  0x62,0xfe,0xe3,0xfe,0xee,0xfe,0x92,0xfe,0xb8,0x1d,0x32,0x45,0x5a,0x8f,0x6d,0x49,
  0x42,0x39,0x36,0x48,0x53,0x66,0x3c,0x3,0x0,0x77,0x1,0x14,0x1,0x23,0xfd,0x52,
  0x71,0xa3,0xa5,0xa2,0xc1,0x56,0x1,0xb8,0xd9,0xdf,0x4,0xe9,0xdf,0xfe,0x88,0xfe,
  0x7d,0xc7,0x5f,0x19,0xc7,0x19,0xb3,0x2,0x77,0x1,0xdc,0xfd,0xae,0xdb,0xfe,0x40,
  0x71,0x7e,0x78,0x6c,0x0,0x0,0x0,0x0,0x2,0x0,0xc1,0x0,0x0,0x7,0x7d,0x5,
  0xb6,0x0,0x12,0x0,0x1b,0x0,0x4e,0x40,0x29,0x17,0x0,0xf,0xc,0x13,0x13,0x4,
  0xb,0x7,0x7,0x8,0x0,0x4,0x8,0x3,0x1d,0x1c,0xf,0x1b,0x4c,0x59,0xf,0xb,
  0xb,0x6,0x4c,0x59,0xb,0xb,0x4,0xd,0x9,0x3,0x8,0x12,0x4,0x13,0x4c,0x59,
  0x4,0x12,0x0,0x3f,0x2b,0x0,0x18,0x3f,0x3f,0x33,0x12,0x39,0x2f,0x2b,0x0,0x18,
  0x10,0xc4,0x2b,0x11,0x12,0x1,0x17,0x39,0x11,0x33,0x11,0x33,0x11,0x33,0x12,0x39,
  0x39,0x11,0x33,0x31,0x30,0x1,0x14,0x4,0x29,0x1,0x11,0x21,0x11,0x23,0x11,0x33,
  0x11,0x21,0x11,0x33,0x11,0x33,0x20,0x4,0x1,0x33,0x32,0x36,0x35,0x34,0x26,0x2b,
  0x1,0x7,0x7d,0xfe,0xe5,0xfe,0xee,0xfe,0x8f,0xfd,0xd1,0xef,0xef,0x2,0x2f,0xf2,
  0x75,0x1,0x16,0x1,0x21,0xfd,0x54,0x71,0xa1,0xa6,0xa1,0xc1,0x56,0x1,0xb8,0xd9,
  0xdf,0x2,0x93,0xfd,0x6d,0x5,0xb6,0xfd,0xaa,0x2,0x56,0xfd,0xae,0xdd,0xfe,0x42,
  0x71,0x7e,0x76,0x6e,0x0,0x0,0x0,0x0,0x1,0x0,0x1d,0x0,0x0,0x5,0xa2,0x5,
  0xb6,0x0,0x13,0x0,0x3b,0x40,0x1f,0x0,0x13,0xe,0x6,0x6,0x7,0x7,0x9,0xc,
  0x13,0x4,0x15,0x14,0xe,0x5,0x4c,0x59,0xe,0xe,0xa,0x0,0x7,0x12,0xd,0x9,
  0xa,0x9,0x4c,0x59,0xa,0x3,0x0,0x3f,0x2b,0x11,0x0,0x33,0x18,0x3f,0x33,0x12,
  0x39,0x2f,0x2b,0x11,0x12,0x1,0x17,0x39,0x11,0x33,0x11,0x33,0x11,0x33,0x31,0x30,
  0x21,0x11,0x34,0x26,0x23,0x21,0x11,0x23,0x11,0x21,0x35,0x21,0x15,0x21,0x11,0x21,
  0x32,0x16,0x15,0x11,0x4,0xb2,0x5f,0x70,0xfe,0x8a,0xf0,0xfe,0xa0,0x4,0x29,0xfe,
  0x27,0x1,0x87,0xcf,0xdf,0x1,0xfc,0x68,0x5f,0xfd,0x3d,0x4,0xe9,0xcd,0xcd,0xfe,
  0xa6,0xc7,0xb6,0xfd,0xee,0x0,0x0,0xff,0xff,0x0,0xc1,0x0,0x0,0x5,0x23,0x7,
  0x73,0x12,0x26,0x0,0xe2,0x0,0x0,0x11,0x7,0x0,0x76,0x0,0xcd,0x1,0x52,0x0,
  0x8,0xb3,0x1,0x14,0x5,0x26,0x0,0x2b,0x35,0x0,0x0,0xff,0xff,0x0,0xc1,0x0,
  0x0,0x5,0x98,0x7,0x73,0x12,0x26,0x0,0xe0,0x0,0x0,0x11,0x7,0x0,0x43,0x0,
  0x5e,0x1,0x52,0x0,0x8,0xb3,0x1,0x1a,0x5,0x26,0x0,0x2b,0x35,0x0,0x0,0xff,
  0xff,0x0,0xc,0xff,0xec,0x5,0x19,0x7,0x77,0x12,0x26,0x0,0xeb,0x0,0x0,0x11,
  0x7,0x1,0x42,0x0,0x50,0x1,0x52,0x0,0x8,0xb3,0x1,0x17,0x5,0x26,0x0,0x2b,
  0x35,0x0,0x0,0x0,0x1,0x0,0xc1,0xfe,0x6d,0x5,0x25,0x5,0xb6,0x0,0xb,0x0,
  0x30,0x40,0x18,0x9,0x0,0x8,0x5,0x2,0x3,0x0,0x3,0x5,0x3,0xd,0xc,0xa,
  0x6,0x3,0x3,0x23,0x5,0x8,0x4c,0x59,0x1,0x5,0x12,0x0,0x3f,0x33,0x2b,0x0,
  0x18,0x3f,0x3f,0x33,0x11,0x12,0x1,0x17,0x39,0x11,0x33,0x11,0x33,0x11,0x33,0x31,
  0x30,0x29,0x1,0x11,0x23,0x11,0x21,0x11,0x33,0x11,0x21,0x11,0x33,0x5,0x25,0xfe,
  0x41,0xed,0xfe,0x48,0xef,0x2,0x85,0xf0,0xfe,0x6d,0x1,0x93,0x5,0xb6,0xfb,0x17,
  0x4,0xe9,0x0,0xff,0xff,0x0,0x0,0x0,0x0,0x5,0x4a,0x5,0xbc,0x12,0x6,0x0,
  0x24,0x0,0x0,0x0,0x2,0x0,0xc1,0x0,0x0,0x4,0x9e,0x5,0xb6,0x0,0xa,0x0,
  0x13,0x0,0x3d,0x40,0x20,0xf,0x0,0x8,0xb,0xb,0x3,0x0,0x3,0x6,0x3,0x15,
  0x14,0x8,0x13,0x4c,0x59,0x8,0x8,0x3,0x4,0x4,0x7,0x4c,0x59,0x4,0x3,0x3,
  0xb,0x4c,0x59,0x3,0x12,0x0,0x3f,0x2b,0x0,0x18,0x3f,0x2b,0x11,0x12,0x0,0x39,
  0x18,0x2f,0x2b,0x11,0x12,0x1,0x17,0x39,0x11,0x33,0x11,0x33,0x11,0x33,0x31,0x30,
  0x1,0x10,0x29,0x1,0x11,0x21,0x15,0x21,0x11,0x33,0x20,0x1,0x33,0x32,0x36,0x35,
  0x34,0x26,0x2b,0x1,0x4,0x9e,0xfd,0xcc,0xfe,0x57,0x3,0x7c,0xfd,0x73,0xae,0x2,
  0x40,0xfd,0x12,0xac,0xac,0xa0,0xa1,0xc8,0x8f,0x1,0xb8,0xfe,0x48,0x5,0xb6,0xcd,
  0xfe,0x7b,0xfd,0x65,0x71,0x7e,0x79,0x6b,0x0,0x0,0x0,0xff,0xff,0x0,0xc1,0x0,
  0x0,0x4,0xd9,0x5,0xb6,0x12,0x6,0x0,0x25,0x0,0x0,0xff,0xff,0x0,0xc1,0x0,
  0x0,0x4,0x25,0x5,0xb6,0x12,0x6,0x1,0x3d,0x0,0x0,0x0,0x2,0x0,0xc,0xfe,
  0x6d,0x5,0x9e,0x5,0xb6,0x0,0xd,0x0,0x13,0x0,0x45,0x40,0x24,0x9,0x8,0x12,
  0x6,0xe,0x4,0x11,0x1,0xc,0xd,0x1,0x4,0x6,0x8,0xd,0x5,0x15,0x14,0x9,
  0xd,0x23,0x4,0xe,0x4c,0x59,0x4,0x3,0x6,0x11,0x0,0xb,0x0,0x4c,0x59,0xb,
  0x12,0x0,0x3f,0x2b,0x11,0x0,0x33,0x33,0x18,0x3f,0x2b,0x0,0x18,0x3f,0x33,0x11,
  0x12,0x1,0x17,0x39,0x11,0x33,0x11,0x33,0x11,0x33,0x11,0x33,0x11,0x33,0x31,0x30,
  0x37,0x33,0x1a,0x1,0x13,0x21,0x11,0x33,0x11,0x23,0x11,0x21,0x11,0x23,0x1,0x6,
  0x2,0x7,0x21,0x11,0xc,0x71,0x91,0xc4,0x1c,0x2,0xf3,0xbd,0xe6,0xfc,0x3a,0xe6,
  0x2,0xaa,0x16,0xb4,0x73,0x2,0x79,0xcd,0x1,0x9,0x2,0x94,0x1,0x4c,0xfb,0x17,
  0xfd,0xa0,0x1,0x93,0xfe,0x6d,0x6,0x7a,0xe3,0xfd,0xa9,0xe0,0x4,0x1a,0x0,0xff,
  0xff,0x0,0xc1,0x0,0x0,0x3,0xfc,0x5,0xb6,0x12,0x6,0x0,0x28,0x0,0x0,0x0,
  0x1,0x0,0x0,0x0,0x0,0x7,0x23,0x5,0xb6,0x0,0x11,0x0,0x4c,0x40,0x29,0x9,
  0x6,0xd,0x0,0x3,0xd,0x3,0xe,0x7,0x8,0x2,0x1,0xb,0xa,0x10,0x11,0x1,
  0x8,0xa,0xe,0x11,0x5,0x13,0x12,0x9,0xc,0x3,0x6,0xf,0x5,0x0,0x0,0x11,
  0x7,0x4,0x1,0x3,0xe,0xb,0x11,0x12,0x0,0x3f,0x33,0x33,0x3f,0x33,0x33,0x12,
  0x39,0x11,0x17,0x33,0x11,0x12,0x1,0x17,0x39,0x11,0x33,0x11,0x33,0x11,0x33,0x11,
  0x33,0x11,0x17,0x33,0x11,0x33,0x33,0x31,0x30,0x9,0x1,0x21,0x1,0x11,0x33,0x11,
  0x1,0x21,0x9,0x1,0x21,0x1,0x11,0x23,0x11,0x1,0x21,0x2,0x2f,0xfd,0xea,0x1,
  0x0,0x2,0x8,0xe3,0x2,0x8,0x1,0x0,0xfd,0xea,0x2,0x2d,0xfe,0xf8,0xfd,0xe9,
  0xe3,0xfd,0xe9,0xfe,0xf6,0x2,0xf4,0x2,0xc2,0xfd,0x3c,0x2,0xc4,0xfd,0x3c,0x2,
  0xc4,0xfd,0x3e,0xfd,0xc,0x2,0xe5,0xfd,0x1b,0x2,0xe5,0xfd,0x1b,0x0,0x0,0x0,
  0x1,0x0,0x58,0xff,0xec,0x4,0x85,0x5,0xcb,0x0,0x25,0x0,0x43,0x40,0x24,0x1a,
  0x0,0x12,0x7,0x0,0x4,0x7,0xc,0x16,0x21,0x6,0x27,0x26,0x3,0x16,0x17,0x17,
  0x16,0x4b,0x59,0x17,0x17,0xa,0x23,0x23,0x1d,0x4b,0x59,0x23,0x4,0xa,0x10,0x4b,
  0x59,0xa,0x13,0x0,0x3f,0x2b,0x0,0x18,0x3f,0x2b,0x11,0x12,0x0,0x39,0x18,0x2f,
  0x2b,0x11,0x12,0x0,0x39,0x11,0x12,0x1,0x17,0x39,0x11,0x33,0x11,0x33,0x31,0x30,
  0x1,0x14,0x6,0x7,0x15,0x1e,0x1,0x15,0x14,0x4,0x21,0x20,0x27,0x35,0x1e,0x1,
  0x33,0x20,0x35,0x34,0x26,0x2b,0x1,0x35,0x33,0x20,0x35,0x34,0x26,0x23,0x22,0x6,
  0x7,0x27,0x36,0x21,0x32,0x4,0x4,0x60,0xbd,0xa7,0xc0,0xc9,0xfe,0xc1,0xfe,0xe7,
  0xfe,0xdc,0xaf,0x61,0xf1,0x64,0x1,0x81,0xe7,0xe3,0xb0,0xa5,0x1,0xb5,0x95,0x86,
  0x6a,0xc0,0x67,0x6d,0xe1,0x1,0x31,0xe8,0x1,0xe,0x4,0x60,0x8f,0xb6,0x19,0x6,
  0x17,0xb5,0x92,0xcc,0xe6,0x4f,0xd1,0x2e,0x32,0xfc,0x74,0x7a,0xc0,0xe9,0x5d,0x6c,
  0x38,0x43,0xa2,0x9c,0xc6,0x0,0x0,0x0,0x1,0x0,0xc1,0x0,0x0,0x5,0x98,0x5,
  0xb6,0x0,0x10,0x0,0x32,0x40,0x17,0xd,0x7,0xa,0xa,0x9,0xf,0x5,0x1,0x1,
  0x0,0x9,0x0,0x12,0x11,0xe,0x5,0x10,0x7,0x0,0x3,0xa,0x10,0x12,0x0,0x3f,
  0x33,0x3f,0x32,0x11,0x39,0x39,0x11,0x12,0x1,0x39,0x39,0x11,0x33,0x11,0x33,0x33,
  0x11,0x33,0x11,0x33,0x33,0x31,0x30,0x13,0x33,0x11,0x14,0x6,0x7,0x33,0x1,0x21,
  0x11,0x23,0x11,0x34,0x37,0x23,0x1,0x21,0xc1,0xdb,0xc,0x3,0x9,0x2,0xeb,0x1,
  0x17,0xdc,0x13,0x8,0xfd,0x12,0xfe,0xe8,0x5,0xb6,0xfd,0x8,0x77,0xf3,0x2b,0x4,
  0x8d,0xfa,0x4a,0x2,0xf2,0xad,0xf7,0xfb,0x6a,0x0,0x0,0xff,0xff,0x0,0xc1,0x0,
  0x0,0x5,0x98,0x7,0x77,0x12,0x26,0x0,0xe0,0x0,0x0,0x11,0x7,0x1,0x42,0x0,
  0xee,0x1,0x52,0x0,0x8,0xb3,0x1,0x11,0x5,0x26,0x0,0x2b,0x35,0x0,0x0,0x0,
  0x1,0x0,0xc1,0x0,0x0,0x5,0x23,0x5,0xb6,0x0,0xa,0x0,0x36,0x40,0x1a,0x8,
  0x9,0x1,0x0,0xa,0x7,0x3,0x3,0x4,0x0,0x4,0x9,0x3,0xc,0xb,0x2,0x7,
  0xa,0xa,0x4,0x8,0x5,0x3,0x1,0x4,0x12,0x0,0x3f,0x33,0x3f,0x33,0x12,0x39,
  0x11,0x33,0x33,0x11,0x12,0x1,0x17,0x39,0x11,0x33,0x11,0x33,0x33,0x11,0x33,0x11,
  0x33,0x31,0x30,0x29,0x1,0x1,0x11,0x23,0x11,0x33,0x11,0x1,0x21,0x1,0x5,0x23,
  0xfe,0xe7,0xfd,0xa6,0xef,0xef,0x2,0x50,0x1,0x6,0xfd,0xb2,0x2,0xe5,0xfd,0x1b,
  0x5,0xb6,0xfd,0x3c,0x2,0xc4,0xfd,0x3e,0x0,0x0,0x0,0x0,0x1,0x0,0x8,0xff,
  0xe9,0x5,0xa,0x5,0xb6,0x0,0x11,0x0,0x2f,0x40,0x18,0x1,0x0,0x3,0x10,0x0,
  0x9,0x10,0x3,0x13,0x12,0x1,0x12,0x10,0x3,0x4c,0x59,0x10,0x3,0x7,0xc,0x4c,
  0x59,0x7,0x13,0x0,0x3f,0x2b,0x0,0x18,0x3f,0x2b,0x0,0x18,0x3f,0x11,0x12,0x1,
  0x17,0x39,0x11,0x33,0x11,0x33,0x31,0x30,0x21,0x23,0x11,0x21,0xa,0x1,0x6,0x27,
  0x22,0x27,0x35,0x16,0x33,0x32,0x36,0x12,0x13,0x21,0x5,0xa,0xef,0xfe,0x60,0x4f,
  0x5f,0xac,0x8e,0x49,0x42,0x39,0x36,0x48,0x51,0x61,0x43,0x3,0x56,0x4,0xe9,0xfd,
  0x80,0xfe,0x32,0xb5,0x3,0x19,0xc7,0x19,0xad,0x2,0x50,0x2,0x9,0x0,0x0,0xff,
  0xff,0x0,0xc1,0x0,0x0,0x6,0xa2,0x5,0xb6,0x12,0x6,0x0,0x30,0x0,0x0,0xff,
  0xff,0x0,0xc1,0x0,0x0,0x5,0x42,0x5,0xb6,0x12,0x6,0x0,0x2b,0x0,0x0,0xff,
  0xff,0x0,0x79,0xff,0xec,0x5,0xd3,0x5,0xcd,0x12,0x6,0x0,0x32,0x0,0x0,0xff,
  0xff,0x0,0xc1,0x0,0x0,0x5,0x25,0x5,0xb6,0x12,0x6,0x1,0x3e,0x0,0x0,0xff,
  0xff,0x0,0xc1,0x0,0x0,0x4,0x89,0x5,0xb6,0x12,0x6,0x0,0x33,0x0,0x0,0xff,
  0xff,0x0,0x79,0xff,0xec,0x4,0xcf,0x5,0xcb,0x12,0x6,0x0,0x26,0x0,0x0,0xff,
  0xff,0x0,0x1d,0x0,0x0,0x4,0x68,0x5,0xb6,0x12,0x6,0x0,0x37,0x0,0x0,0x0,
  0x1,0x0,0xc,0xff,0xec,0x5,0x19,0x5,0xb6,0x0,0x16,0x0,0x31,0x40,0x19,0x16,
  0x0,0xf,0xe,0x0,0x8,0xd,0xe,0x13,0x5,0x18,0x17,0xd,0x12,0x12,0x5,0x16,
  0xe,0x3,0x5,0xa,0x4c,0x59,0x5,0x13,0x0,0x3f,0x2b,0x0,0x18,0x3f,0x33,0x12,
  0x39,0x11,0x33,0x11,0x12,0x1,0x17,0x39,0x11,0x33,0x11,0x33,0x31,0x30,0x9,0x1,
  0xe,0x2,0x23,0x22,0x27,0x35,0x16,0x33,0x32,0x36,0x37,0x1,0x21,0x1,0x16,0x17,
  0x33,0x36,0x37,0x1,0x5,0x19,0xfe,0x33,0x55,0x8e,0xbb,0x85,0x74,0x63,0x62,0x6b,
  0x5b,0x7b,0x32,0xfd,0xe5,0x1,0x2,0x1,0x65,0x30,0xb,0xa,0x6,0x18,0x1,0x49,
  0x5,0xb6,0xfb,0xf0,0xbf,0xab,0x50,0x1e,0xd7,0x27,0x59,0x74,0x4,0x2f,0xfd,0x23,
  0x68,0x23,0x1a,0x39,0x3,0x15,0x0,0xff,0xff,0x0,0x62,0xff,0xec,0x6,0x3d,0x5,
  0xcb,0x12,0x6,0x1,0x3f,0x0,0x0,0xff,0xff,0x0,0x4,0x0,0x0,0x4,0xf6,0x5,
  0xb6,0x12,0x6,0x0,0x3b,0x0,0x0,0x0,0x1,0x0,0xc1,0xfe,0x6d,0x5,0xe7,0x5,
  0xb6,0x0,0xb,0x0,0x32,0x40,0x19,0x4,0x1,0x9,0x0,0x8,0x5,0x0,0x1,0x5,
  0x3,0xd,0xc,0xa,0x6,0x3,0x3,0x23,0x0,0x8,0x5,0x8,0x4c,0x59,0x5,0x12,
  0x0,0x3f,0x2b,0x11,0x0,0x33,0x18,0x3f,0x3f,0x33,0x11,0x12,0x1,0x17,0x39,0x11,
  0x33,0x11,0x33,0x11,0x33,0x31,0x30,0x25,0x33,0x11,0x23,0x11,0x21,0x11,0x33,0x11,
  0x21,0x11,0x33,0x5,0x25,0xc2,0xe7,0xfb,0xc1,0xef,0x2,0x85,0xf0,0xc7,0xfd,0xa6,
  0x1,0x93,0x5,0xb6,0xfb,0x17,0x4,0xe9,0x0,0x0,0x0,0x0,0x1,0x0,0x8b,0x0,
  0x0,0x4,0xf0,0x5,0xb6,0x0,0x13,0x0,0x38,0x40,0x1b,0x11,0x1,0x1,0x0,0xa,
  0x9,0x9,0x0,0x15,0x14,0x2,0x5,0x11,0xe,0x9,0x5,0xe,0x4c,0x59,0x5,0x5,
  0x1,0x12,0x9,0x3,0x1,0x12,0x0,0x3f,0x3f,0x33,0x12,0x39,0x2f,0x2b,0x11,0x12,
  0x0,0x39,0x12,0x39,0x11,0x12,0x1,0x39,0x39,0x11,0x33,0x11,0x33,0x11,0x33,0x31,
  0x30,0x21,0x23,0x11,0xe,0x1,0x23,0x22,0x26,0x35,0x11,0x33,0x11,0x14,0x16,0x33,
  0x32,0x36,0x37,0x11,0x33,0x4,0xf0,0xf0,0x87,0xd3,0x6b,0xcf,0xe1,0xf0,0x71,0x81,
  0x5f,0xb4,0x80,0xf0,0x2,0x48,0x30,0x2a,0xc3,0xb3,0x2,0x52,0xfd,0xe6,0x72,0x70,
  0x23,0x2b,0x2,0xae,0x0,0x0,0x0,0x0,0x1,0x0,0xc1,0x0,0x0,0x7,0xb0,0x5,
  0xb6,0x0,0xb,0x0,0x31,0x40,0x18,0x1,0x4,0x0,0x9,0x8,0x5,0x4,0x5,0x9,
  0x3,0xd,0xc,0xa,0x2,0x6,0x3,0x0,0x8,0x5,0x8,0x4c,0x59,0x5,0x12,0x0,
  0x3f,0x2b,0x11,0x0,0x33,0x18,0x3f,0x33,0x33,0x11,0x12,0x1,0x17,0x39,0x11,0x33,
  0x11,0x33,0x11,0x33,0x31,0x30,0x25,0x21,0x11,0x33,0x11,0x21,0x11,0x33,0x11,0x21,
  0x11,0x33,0x4,0xb0,0x2,0xe,0xf2,0xf9,0x11,0xef,0x2,0xe,0xf2,0xcd,0x4,0xe9,
  0xfa,0x4a,0x5,0xb6,0xfb,0x17,0x4,0xe9,0x0,0x0,0x0,0x0,0x1,0x0,0xc1,0xfe,
  0x6d,0x8,0x62,0x5,0xb6,0x0,0xf,0x0,0x3b,0x40,0x1e,0x1,0x4,0x7,0x6,0x0,
  0xd,0xc,0x9,0x4,0x6,0x9,0xd,0x4,0x11,0x10,0xe,0x2,0xa,0x3,0x7,0x23,
  0x4,0x0,0xc,0x9,0xc,0x4c,0x59,0x9,0x12,0x0,0x3f,0x2b,0x11,0x0,0x33,0x33,
  0x18,0x3f,0x3f,0x33,0x33,0x11,0x12,0x1,0x17,0x39,0x11,0x33,0x11,0x33,0x11,0x33,
  0x11,0x33,0x31,0x30,0x25,0x21,0x11,0x33,0x11,0x33,0x11,0x23,0x11,0x21,0x11,0x33,
  0x11,0x21,0x11,0x33,0x4,0xa8,0x2,0x8,0xf0,0xc2,0xe7,0xf9,0x46,0xef,0x2,0x6,
  0xf2,0xcd,0x4,0xe9,0xfb,0x11,0xfd,0xa6,0x1,0x93,0x5,0xb6,0xfb,0x17,0x4,0xe9,
  0x0,0x0,0x0,0x0,0x2,0x0,0x8,0x0,0x0,0x5,0x46,0x5,0xb6,0x0,0xc,0x0,
  0x15,0x0,0x39,0x40,0x1e,0x11,0x0,0xd,0x4,0x0,0x4,0x6,0x3,0x17,0x16,0x9,
  0x15,0x4c,0x59,0x9,0x9,0x4,0x7,0x7,0x6,0x4c,0x59,0x7,0x3,0x4,0xd,0x4c,
  0x59,0x4,0x12,0x0,0x3f,0x2b,0x0,0x18,0x3f,0x2b,0x11,0x12,0x0,0x39,0x18,0x2f,
  0x2b,0x11,0x12,0x1,0x17,0x39,0x11,0x33,0x11,0x33,0x31,0x30,0x1,0x14,0x4,0x29,
  0x1,0x11,0x21,0x35,0x21,0x11,0x33,0x20,0x4,0x1,0x33,0x32,0x36,0x35,0x34,0x26,
  0x2b,0x1,0x5,0x46,0xfe,0xe5,0xfe,0xee,0xfe,0x4f,0xfe,0xa0,0x2,0x50,0xb6,0x1,
  0x14,0x1,0x24,0xfd,0x12,0xb2,0xa1,0xa5,0xa1,0xbf,0x98,0x1,0xb8,0xd9,0xdf,0x4,
  0xe9,0xcd,0xfd,0xae,0xdb,0xfe,0x40,0x71,0x7e,0x76,0x6e,0x0,0x3,0x0,0xc1,0x0,
  0x0,0x6,0x48,0x5,0xb6,0x0,0xa,0x0,0x13,0x0,0x17,0x0,0x3d,0x40,0x20,0x15,
  0x14,0xf,0x0,0x7,0xb,0xb,0x4,0x0,0x4,0x14,0x3,0x19,0x18,0x7,0x13,0x4c,
  0x59,0x7,0x7,0x4,0x16,0x5,0x3,0x15,0x12,0x4,0xb,0x4c,0x59,0x4,0x12,0x0,
  0x3f,0x2b,0x0,0x18,0x3f,0x3f,0x33,0x12,0x39,0x2f,0x2b,0x11,0x12,0x1,0x17,0x39,
  0x11,0x33,0x11,0x33,0x11,0x33,0x11,0x33,0x31,0x30,0x1,0x14,0x4,0x29,0x1,0x11,
  0x33,0x11,0x33,0x20,0x4,0x1,0x33,0x32,0x36,0x35,0x34,0x26,0x2b,0x1,0x1,0x23,
  0x11,0x33,0x4,0x8b,0xfe,0xe7,0xfe,0xf0,0xfe,0x5f,0xef,0xaa,0x1,0x12,0x1,0x1f,
  0xfd,0x25,0xa4,0xa0,0xa4,0x9d,0xbc,0x8f,0x4,0x98,0xf0,0xf0,0x1,0xb8,0xd9,0xdf,
  0x5,0xb6,0xfd,0xae,0xdc,0xfe,0x3f,0x73,0x7e,0x77,0x6b,0xfd,0x66,0x5,0xb6,0x0,
  0x2,0x0,0xc1,0x0,0x0,0x4,0xbc,0x5,0xb6,0x0,0xa,0x0,0x13,0x0,0x32,0x40,
  0x19,0xf,0x0,0x7,0xb,0xb,0x4,0x4,0x0,0x15,0x14,0x7,0x13,0x4c,0x59,0x7,
  0x7,0x4,0x5,0x3,0x4,0xb,0x4c,0x59,0x4,0x12,0x0,0x3f,0x2b,0x0,0x18,0x3f,
  0x12,0x39,0x2f,0x2b,0x11,0x12,0x1,0x39,0x39,0x11,0x33,0x11,0x33,0x11,0x33,0x31,
  0x30,0x1,0x14,0x4,0x29,0x1,0x11,0x33,0x11,0x33,0x20,0x4,0x1,0x33,0x32,0x36,
  0x35,0x34,0x26,0x2b,0x1,0x4,0xbc,0xfe,0xdf,0xfe,0xee,0xfe,0x38,0xef,0xcf,0x1,
  0x16,0x1,0x27,0xfc,0xf4,0xc9,0xa1,0xad,0xa6,0xc3,0xae,0x1,0xb8,0xd7,0xe1,0x5,
  0xb6,0xfd,0xae,0xdd,0xfe,0x42,0x71,0x7e,0x76,0x6e,0x0,0x0,0x1,0x0,0x42,0xff,
  0xec,0x4,0xb0,0x5,0xcb,0x0,0x19,0x0,0x3a,0x40,0x1f,0x17,0x14,0x14,0x8,0x3,
  0x8,0xd,0x15,0x4,0x1b,0x1a,0x16,0x15,0x4c,0x59,0x16,0x16,0xb,0x5,0x5,0x0,
  0x4c,0x59,0x5,0x4,0xb,0x11,0x4c,0x59,0xb,0x13,0x0,0x3f,0x2b,0x0,0x18,0x3f,
  0x2b,0x11,0x12,0x0,0x39,0x18,0x2f,0x2b,0x11,0x12,0x1,0x17,0x39,0x11,0x33,0x11,
  0x33,0x31,0x30,0x1,0x22,0x7,0x27,0x36,0x33,0x20,0x0,0x11,0x10,0x0,0x21,0x22,
  0x27,0x35,0x1e,0x1,0x33,0x32,0x36,0x37,0x21,0x35,0x21,0x2e,0x1,0x1,0xfe,0xa6,
  0xc0,0x56,0xc9,0xf7,0x1,0x46,0x1,0x68,0xfe,0x93,0xfe,0xa9,0xe4,0xb4,0x64,0xba,
  0x63,0xe6,0xef,0x8,0xfd,0x5c,0x2,0xa2,0xe,0xe8,0x4,0xfe,0x56,0xc5,0x5e,0xfe,
  0x77,0xfe,0xa5,0xfe,0x90,0xfe,0x75,0x41,0xcd,0x1d,0x25,0xed,0xe6,0xcb,0xc8,0xe0,
  0x0,0x0,0x0,0x0,0x2,0x0,0xc1,0xff,0xec,0x8,0x0,0x5,0xcd,0x0,0x12,0x0,
  0x1e,0x0,0x47,0x40,0x26,0x19,0x0,0x13,0xd,0x6,0xc,0x8,0x8,0x9,0x0,0x9,
  0x6,0x3,0x20,0x1f,0xc,0x7,0x4c,0x59,0xc,0xc,0x9,0xa,0x3,0x9,0x12,0x10,
  0x1c,0x4c,0x59,0x10,0x4,0x3,0x16,0x4c,0x59,0x3,0x13,0x0,0x3f,0x2b,0x0,0x18,
  0x3f,0x2b,0x0,0x18,0x3f,0x3f,0x12,0x39,0x2f,0x2b,0x11,0x12,0x1,0x17,0x39,0x11,
  0x33,0x11,0x33,0x11,0x33,0x33,0x11,0x33,0x31,0x30,0x1,0x10,0x0,0x21,0x20,0x0,
  0x3,0x21,0x11,0x23,0x11,0x33,0x11,0x21,0x12,0x0,0x21,0x20,0x0,0x1,0x10,0x12,
  0x33,0x32,0x12,0x11,0x10,0x2,0x23,0x22,0x2,0x8,0x0,0xfe,0xad,0xfe,0xca,0xfe,
  0xd7,0xfe,0xb1,0x11,0xfe,0xc2,0xef,0xef,0x1,0x42,0x1c,0x1,0x4c,0x1,0x1d,0x1,
  0x35,0x1,0x54,0xfb,0xe5,0xca,0xc6,0xc9,0xc8,0xca,0xc3,0xc8,0xcc,0x2,0xdd,0xfe,
  0x9a,0xfe,0x75,0x1,0x63,0x1,0x44,0xfd,0x6d,0x5,0xb6,0xfd,0xaa,0x1,0x2d,0x1,
  0x40,0xfe,0x74,0xfe,0x9c,0xfe,0xf1,0xfe,0xea,0x1,0x18,0x1,0xd,0x1,0xf,0x1,
  0x14,0xfe,0xea,0x0,0x2,0x0,0x14,0x0,0x0,0x4,0x73,0x5,0xb6,0x0,0xc,0x0,
  0x15,0x0,0x44,0x40,0x23,0x15,0xb,0xb,0xa,0x3,0x0,0x11,0x5,0x1,0x2,0x0,
  0x2,0x5,0xa,0x4,0x17,0x16,0x3,0x0,0x14,0x0,0x4b,0x59,0x14,0x14,0x8,0xb,
  0x2,0x12,0x8,0xe,0x4c,0x59,0x8,0x3,0x0,0x3f,0x2b,0x0,0x18,0x3f,0x33,0x12,
  0x39,0x2f,0x2b,0x11,0x0,0x33,0x11,0x12,0x1,0x17,0x39,0x11,0x33,0x11,0x33,0x11,
  0x33,0x11,0x33,0x11,0x33,0x31,0x30,0x9,0x1,0x21,0x1,0x24,0x11,0x34,0x24,0x29,
  0x1,0x11,0x23,0x19,0x1,0x23,0x22,0x6,0x15,0x14,0x16,0x3b,0x1,0x2,0x8f,0xfe,
  0x96,0xfe,0xef,0x1,0x9c,0xfe,0xe8,0x1,0x16,0x1,0xe,0x1,0xb7,0xf0,0xbe,0x97,
  0xa1,0x9c,0xa4,0xb6,0x2,0x4a,0xfd,0xb6,0x2,0x81,0x61,0x1,0x37,0xc9,0xd4,0xfa,
  0x4a,0x2,0x4a,0x2,0xa4,0x6b,0x79,0x76,0x84,0x0,0x0,0xff,0xff,0x0,0x5a,0xff,
  0xec,0x4,0x4,0x4,0x66,0x12,0x6,0x0,0x44,0x0,0x0,0x0,0x2,0x0,0x68,0xff,
  0xec,0x4,0x79,0x6,0x23,0x0,0x17,0x0,0x22,0x0,0x3d,0x40,0x1f,0x1a,0x12,0xb,
  0x20,0x20,0x0,0x0,0x6,0x12,0x3,0x24,0x23,0xb,0x15,0xf,0xf,0x1c,0x47,0x59,
  0xf,0xf,0x15,0x6,0x5,0x1,0x15,0x18,0x46,0x59,0x15,0x16,0x0,0x3f,0x2b,0x0,
  0x18,0x3f,0x33,0x12,0x39,0x2f,0x2b,0x11,0x12,0x0,0x39,0x11,0x12,0x1,0x17,0x39,
  0x11,0x33,0x11,0x33,0x11,0x33,0x31,0x30,0x13,0x10,0x12,0x25,0x36,0x25,0x17,0x4,
  0x7,0xe,0x1,0x7,0x33,0x3e,0x1,0x33,0x32,0x12,0x15,0x10,0x0,0x23,0x22,0x0,
  0x5,0x20,0x11,0x10,0x23,0x22,0xe,0x1,0x7,0x14,0x16,0x68,0xfb,0x1,0x12,0xcf,
  0x1,0xe,0x21,0xfe,0xb8,0x98,0x9d,0x8b,0xb,0xf,0x39,0xb8,0x69,0xcc,0xe4,0xfe,
  0xeb,0xf5,0xf3,0xfe,0xec,0x2,0x17,0x1,0x6,0xed,0x41,0x7a,0x67,0x1c,0x96,0x2,
  0x98,0x1,0x72,0x1,0x8e,0x39,0x2a,0x28,0xcf,0x32,0x1c,0x1d,0xc8,0xc9,0x53,0x5b,
  0xfe,0xfe,0xe9,0xfe,0xf5,0xfe,0xdc,0x1,0x68,0xa8,0x1,0x58,0x1,0x4c,0x38,0x5c,
  0x31,0xec,0xf3,0x0,0x3,0x0,0xa8,0x0,0x0,0x4,0x8b,0x4,0x52,0x0,0xd,0x0,
  0x15,0x0,0x1e,0x0,0x56,0x40,0x2e,0x3,0x13,0x16,0x0,0xe,0x6,0x1b,0x13,0x13,
  0xa,0x0,0x6,0xa,0x3,0x20,0x1f,0x2,0x12,0x1b,0x1b,0x12,0x48,0x59,0xc,0x1b,
  0x1c,0x1b,0x2,0x10,0x3,0x1b,0x1b,0xa,0xb,0xb,0x1a,0x48,0x59,0xb,0xf,0xa,
  0x13,0x48,0x59,0xa,0x15,0x0,0x3f,0x2b,0x0,0x18,0x3f,0x2b,0x11,0x12,0x0,0x39,
  0x18,0x2f,0x5f,0x5e,0x5d,0x2b,0x11,0x12,0x0,0x39,0x11,0x12,0x1,0x17,0x39,0x11,
  0x33,0x11,0x33,0x11,0x33,0x11,0x33,0x12,0x39,0x31,0x30,0x1,0x14,0x7,0x15,0x1e,
  0x1,0x15,0x14,0x6,0x23,0x21,0x11,0x21,0x20,0x3,0x34,0x26,0x23,0x21,0x11,0x21,
  0x32,0x3,0x34,0x26,0x23,0x21,0x11,0x33,0x32,0x36,0x4,0x68,0xe5,0x80,0x88,0xef,
  0xe4,0xfd,0xf0,0x2,0xe,0x1,0xb2,0xce,0x7c,0x7c,0xfe,0xf1,0x1,0x15,0xf2,0x1d,
  0x67,0x66,0xfe,0xe3,0xfa,0x76,0x7a,0x3,0x37,0xc4,0x29,0x8,0xf,0x84,0x69,0x9d,
  0xa9,0x4,0x52,0xfd,0x2,0x50,0x43,0xfe,0xc7,0x2,0x75,0x42,0x3b,0xfe,0xf6,0x3d,
  0x0,0x0,0x0,0x0,0x1,0x0,0xa8,0x0,0x0,0x3,0x73,0x4,0x52,0x0,0x5,0x0,
  0x1f,0x40,0xe,0x3,0x4,0x4,0x1,0x7,0x6,0x4,0x15,0x5,0x2,0x47,0x59,0x5,
  0xf,0x0,0x3f,0x2b,0x0,0x18,0x3f,0x11,0x12,0x1,0x39,0x39,0x11,0x33,0x31,0x30,
  0x1,0x15,0x21,0x11,0x23,0x11,0x3,0x73,0xfe,0x20,0xeb,0x4,0x52,0xb8,0xfc,0x66,
  0x4,0x52,0x0,0x0,0x2,0x0,0x23,0xfe,0x79,0x4,0xcd,0x4,0x52,0x0,0xd,0x0,
  0x13,0x0,0x45,0x40,0x24,0x2,0xd,0xe,0xc,0x10,0xa,0x13,0x7,0x3,0x6,0x6,
  0x7,0xa,0xc,0xd,0x5,0x15,0x14,0x1,0x5,0x22,0xa,0x10,0x48,0x59,0xa,0xf,
  0xc,0x13,0x6,0x3,0x6,0x47,0x59,0x3,0x15,0x0,0x3f,0x2b,0x11,0x0,0x33,0x33,
  0x18,0x3f,0x2b,0x0,0x18,0x3f,0x33,0x11,0x12,0x1,0x17,0x39,0x11,0x33,0x11,0x33,
  0x11,0x33,0x11,0x33,0x11,0x33,0x31,0x30,0x1,0x23,0x11,0x21,0x11,0x23,0x11,0x33,
  0x36,0x12,0x13,0x21,0x11,0x33,0x21,0x11,0x23,0x6,0x2,0x7,0x4,0xcd,0xdb,0xfd,
  0xa,0xd9,0x5a,0x76,0x8b,0xd,0x2,0xa0,0xa2,0xfe,0x77,0xee,0x13,0x79,0x57,0xfe,
  0x79,0x1,0x87,0xfe,0x79,0x2,0x3d,0xa9,0x1,0xdf,0x1,0x14,0xfc,0x64,0x2,0xe8,
  0xce,0xfe,0x70,0x8a,0x0,0x0,0x0,0xff,0xff,0x0,0x66,0xff,0xec,0x4,0x39,0x4,
  0x66,0x12,0x6,0x0,0x48,0x0,0x0,0x0,0x1,0x0,0x2,0x0,0x0,0x6,0x6d,0x4,
  0x52,0x0,0x11,0x0,0x4c,0x40,0x28,0x4,0x5,0x8,0x7,0x6,0x3,0xa,0xa,0xf,
  0x0,0xb,0x11,0x10,0xd,0xe,0x5,0x7,0xb,0xe,0x10,0x5,0x13,0x12,0x3,0x0,
  0xc,0x9,0x6,0x5,0xf,0xf,0xe,0x4,0x1,0x10,0xf,0xb,0x8,0xe,0x15,0x0,
  0x3f,0x33,0x33,0x3f,0x33,0x33,0x12,0x39,0x11,0x17,0x33,0x11,0x12,0x1,0x17,0x39,
  0x11,0x33,0x11,0x33,0x11,0x33,0x33,0x33,0x11,0x33,0x33,0x11,0x33,0x11,0x33,0x31,
  0x30,0x1,0x11,0x33,0x11,0x1,0x33,0x9,0x1,0x21,0x1,0x11,0x23,0x11,0x1,0x21,
  0x9,0x1,0x33,0x2,0xc9,0xdb,0x1,0xaa,0xf8,0xfe,0x4d,0x1,0xda,0xfe,0xfd,0xfe,
  0x3a,0xdb,0xfe,0x3b,0xfe,0xfe,0x1,0xd9,0xfe,0x4e,0xf8,0x2,0x39,0x2,0x19,0xfd,
  0xe7,0x2,0x19,0xfd,0xe9,0xfd,0xc5,0x2,0x31,0xfd,0xcf,0x2,0x31,0xfd,0xcf,0x2,
  0x3b,0x2,0x17,0x0,0x1,0x0,0x48,0xff,0xec,0x3,0xd1,0x4,0x66,0x0,0x23,0x0,
  0x4d,0x40,0x2b,0x3,0xd,0x1e,0x13,0x8,0xd,0x10,0x13,0x19,0x23,0x6,0x25,0x24,
  0xf,0x22,0x23,0x23,0x22,0x48,0x59,0xc,0x23,0x1c,0x23,0x2,0x10,0x3,0x23,0x23,
  0x16,0xa,0xa,0x5,0x47,0x59,0xa,0x10,0x16,0x1b,0x47,0x59,0x16,0x16,0x0,0x3f,
  0x2b,0x0,0x18,0x3f,0x2b,0x11,0x12,0x0,0x39,0x18,0x2f,0x5f,0x5e,0x5d,0x2b,0x11,
  0x12,0x0,0x39,0x11,0x12,0x1,0x17,0x39,0x11,0x33,0x11,0x33,0x31,0x30,0x1,0x32,
  0x36,0x35,0x34,0x23,0x22,0x7,0x27,0x36,0x33,0x32,0x16,0x15,0x14,0x7,0x15,0x1e,
  0x1,0x15,0x14,0x4,0x23,0x20,0x27,0x35,0x16,0x33,0x32,0x36,0x35,0x34,0x26,0x2b,
  0x1,0x35,0x1,0x9c,0xa1,0x98,0xf0,0xa0,0xa7,0x4c,0xc1,0xe9,0xce,0xe4,0xd5,0x85,
  0x73,0xfe,0xf5,0xef,0xfe,0xfb,0x8a,0xb7,0xc4,0x8d,0x99,0x9a,0xa1,0x87,0x2,0x98,
  0x47,0x4a,0x87,0x48,0xaf,0x4f,0x97,0x8d,0xba,0x3a,0x8,0x24,0x86,0x63,0x98,0xb5,
  0x45,0xcb,0x56,0x4f,0x51,0x53,0x4e,0xb1,0x0,0x0,0x0,0x0,0x1,0x0,0xa8,0x0,
  0x0,0x4,0xc3,0x4,0x52,0x0,0xe,0x0,0x32,0x40,0x17,0xb,0x4,0x7,0xc,0x3,
  0x0,0x7,0x6,0x0,0xd,0xd,0x6,0x10,0xf,0xb,0x3,0xd,0x4,0xe,0xf,0x7,
  0xd,0x15,0x0,0x3f,0x33,0x3f,0x33,0x12,0x39,0x39,0x11,0x12,0x1,0x39,0x39,0x11,
  0x33,0x11,0x33,0x11,0x33,0x33,0x11,0x33,0x33,0x31,0x30,0x1,0x11,0x14,0x7,0x1,
  0x21,0x11,0x23,0x11,0x34,0x36,0x37,0x1,0x21,0x11,0x1,0x89,0x10,0x2,0x2b,0x1,
  0x1f,0xe2,0xb,0x4,0xfd,0xd7,0xfe,0xe1,0x4,0x52,0xfd,0xc9,0x63,0xc0,0x3,0x5a,
  0xfb,0xae,0x2,0x2d,0x2e,0xce,0x2f,0xfc,0xa8,0x4,0x52,0xff,0xff,0x0,0xa8,0x0,
  0x0,0x4,0xc3,0x6,0x25,0x12,0x26,0x1,0x0,0x0,0x0,0x11,0x6,0x1,0x42,0x68,
  0x0,0x0,0x8,0xb3,0x1,0xf,0x11,0x26,0x0,0x2b,0x35,0x0,0x1,0x0,0xa8,0x0,
  0x0,0x4,0x7f,0x4,0x52,0x0,0xa,0x0,0x36,0x40,0x1a,0x0,0x1,0x4,0x3,0xa,
  0x2,0x6,0x6,0x7,0x1,0x3,0x7,0x3,0xc,0xb,0x5,0xa,0x2,0x2,0x7,0x0,
  0x8,0xf,0x4,0x7,0x15,0x0,0x3f,0x33,0x3f,0x33,0x12,0x39,0x11,0x33,0x33,0x11,
  0x12,0x1,0x17,0x39,0x11,0x33,0x11,0x33,0x33,0x11,0x33,0x11,0x33,0x31,0x30,0x1,
  0x21,0x9,0x1,0x21,0x1,0x11,0x23,0x11,0x33,0x11,0x3,0x56,0x1,0x2,0xfe,0x37,
  0x1,0xf0,0xfe,0xf2,0xfe,0x22,0xeb,0xeb,0x4,0x52,0xfd,0xeb,0xfd,0xc3,0x2,0x31,
  0xfd,0xcf,0x4,0x52,0xfd,0xe7,0x0,0x0,0x1,0x0,0x8,0xff,0xee,0x4,0x35,0x4,
  0x52,0x0,0x10,0x0,0x2f,0x40,0x18,0x1,0x0,0x3,0xf,0x0,0x9,0xf,0x3,0x12,
  0x11,0x1,0x15,0xf,0x3,0x47,0x59,0xf,0xf,0x7,0xc,0x46,0x59,0x7,0x16,0x0,
  0x3f,0x2b,0x0,0x18,0x3f,0x2b,0x0,0x18,0x3f,0x11,0x12,0x1,0x17,0x39,0x11,0x33,
  0x11,0x33,0x31,0x30,0x21,0x23,0x11,0x21,0xa,0x1,0x6,0x23,0x22,0x27,0x35,0x16,
  0x33,0x32,0x12,0x13,0x21,0x4,0x35,0xed,0xfe,0xcf,0x1c,0x5f,0x99,0x7a,0x4d,0x34,
  0x25,0x25,0x66,0x75,0x21,0x2,0xe7,0x3,0x9a,0xfe,0x9c,0xfe,0x70,0xb8,0x16,0xb8,
  0xe,0x1,0xcb,0x1,0xd9,0x0,0x0,0x0,0x1,0x0,0xa8,0x0,0x0,0x5,0xa8,0x4,
  0x52,0x0,0x16,0x0,0x3a,0x40,0x1d,0xd,0xc,0x0,0x4,0x7,0x7,0x6,0x14,0x11,
  0x11,0x12,0x0,0x6,0x12,0x3,0x18,0x17,0x10,0x8,0x0,0x3,0x12,0x4,0x13,0xf,
  0xd,0x7,0x12,0x15,0x0,0x3f,0x33,0x33,0x3f,0x33,0x12,0x17,0x39,0x11,0x12,0x1,
  0x17,0x39,0x11,0x33,0x11,0x33,0x11,0x33,0x11,0x33,0x11,0x33,0x33,0x31,0x30,0x25,
  0x37,0x36,0x37,0x13,0x21,0x11,0x23,0x11,0x7,0x6,0x7,0x3,0x23,0x3,0x26,0x27,
  0x11,0x23,0x11,0x21,0x13,0x16,0x3,0x23,0xd,0x29,0x1e,0xf8,0x1,0x39,0xd9,0x12,
  0x2d,0x1f,0xf2,0xb2,0xf2,0x32,0x2a,0xd7,0x1,0x37,0xf0,0x20,0xe1,0x30,0x95,0x50,
  0x2,0x5c,0xfb,0xae,0x3,0x7d,0x3c,0xa1,0x4c,0xfd,0xac,0x2,0x58,0x82,0xa3,0xfc,
  0x83,0x4,0x52,0xfd,0xb6,0x51,0x0,0x0,0x1,0x0,0xa8,0x0,0x0,0x4,0x87,0x4,
  0x52,0x0,0xb,0x0,0x33,0x40,0x19,0x2,0x6,0x6,0x5,0x1,0x9,0x9,0xa,0xa,
  0x5,0xd,0xc,0x1,0x8,0x47,0x59,0x1,0x1,0xa,0x3,0xb,0xf,0x6,0xa,0x15,
  0x0,0x3f,0x33,0x3f,0x33,0x12,0x39,0x2f,0x2b,0x11,0x12,0x1,0x39,0x39,0x11,0x33,
  0x11,0x33,0x11,0x33,0x11,0x33,0x31,0x30,0x1,0x11,0x21,0x11,0x33,0x11,0x23,0x11,
  0x21,0x11,0x23,0x11,0x1,0x93,0x2,0x9,0xeb,0xeb,0xfd,0xf7,0xeb,0x4,0x52,0xfe,
  0x44,0x1,0xbc,0xfb,0xae,0x1,0xdd,0xfe,0x23,0x4,0x52,0xff,0xff,0x0,0x66,0xff,
  0xec,0x4,0x7d,0x4,0x66,0x12,0x6,0x0,0x52,0x0,0x0,0x0,0x1,0x0,0xa8,0x0,
  0x0,0x4,0x6f,0x4,0x52,0x0,0x7,0x0,0x25,0x40,0x11,0x2,0x1,0x5,0x6,0x6,
  0x1,0x9,0x8,0x2,0x6,0x15,0x7,0x4,0x47,0x59,0x7,0xf,0x0,0x3f,0x2b,0x0,
  0x18,0x3f,0x33,0x11,0x12,0x1,0x39,0x39,0x11,0x33,0x11,0x33,0x31,0x30,0x1,0x11,
  0x23,0x11,0x21,0x11,0x23,0x11,0x4,0x6f,0xec,0xfe,0x10,0xeb,0x4,0x52,0xfb,0xae,
  0x3,0x98,0xfc,0x68,0x4,0x52,0x0,0xff,0xff,0x0,0xa8,0xfe,0x14,0x4,0x93,0x4,
  0x66,0x12,0x6,0x0,0x53,0x0,0x0,0xff,0xff,0x0,0x66,0xff,0xec,0x3,0xb4,0x4,
  0x66,0x12,0x6,0x0,0x46,0x0,0x0,0x0,0x1,0x0,0x2b,0x0,0x0,0x3,0xe7,0x4,
  0x52,0x0,0x7,0x0,0x25,0x40,0x12,0x3,0x4,0x1,0x4,0x6,0x3,0x9,0x8,0x4,
  0x15,0x2,0x6,0x7,0x6,0x47,0x59,0x7,0xf,0x0,0x3f,0x2b,0x11,0x0,0x33,0x18,
  0x3f,0x11,0x12,0x1,0x17,0x39,0x11,0x33,0x31,0x30,0x1,0x15,0x21,0x11,0x23,0x11,
  0x21,0x35,0x3,0xe7,0xfe,0x98,0xec,0xfe,0x98,0x4,0x52,0xb8,0xfc,0x66,0x3,0x9a,
  0xb8,0x0,0x0,0xff,0xff,0x0,0x0,0xfe,0x14,0x4,0x4a,0x4,0x52,0x12,0x6,0x0,
  0x5c,0x0,0x0,0x0,0x3,0x0,0x66,0xfe,0x14,0x5,0xb6,0x6,0x14,0x0,0x11,0x0,
  0x18,0x0,0x1f,0x0,0x4b,0x40,0x28,0xc,0xf,0x15,0x1d,0x4,0x4,0x4,0x5,0x19,
  0x0,0x12,0x9,0x0,0x5,0x9,0x3,0x21,0x20,0xd,0x0,0x5,0x1b,0x1c,0x16,0xc,
  0x16,0x47,0x59,0xf,0xc,0x10,0x1d,0x15,0x6,0x15,0x47,0x59,0x3,0x6,0x16,0x0,
  0x3f,0x33,0x2b,0x11,0x0,0x33,0x18,0x3f,0x33,0x2b,0x11,0x0,0x33,0x18,0x3f,0x3f,
  0x11,0x12,0x1,0x17,0x39,0x11,0x33,0x11,0x33,0x11,0x33,0x12,0x17,0x39,0x31,0x30,
  0x1,0x14,0x0,0x5,0x11,0x23,0x11,0x24,0x0,0x35,0x34,0x0,0x25,0x11,0x33,0x11,
  0x4,0x0,0x5,0x14,0x16,0x17,0x11,0xe,0x1,0x5,0x34,0x26,0x27,0x11,0x3e,0x1,
  0x5,0xb6,0xfe,0xd3,0xfe,0xf6,0xdf,0xfe,0xf9,0xfe,0xcd,0x1,0x2a,0x1,0x12,0xdd,
  0x1,0xa,0x1,0x2d,0xfb,0xa4,0xa4,0xa4,0xa5,0xa3,0x3,0x69,0xa3,0xa1,0xa3,0xa1,
  0x2,0x29,0xf9,0xfe,0xd8,0x14,0xfe,0x20,0x1,0xe0,0x14,0x1,0x2d,0xf4,0xfd,0x1,
  0x25,0x13,0x1,0xb6,0xfe,0x4a,0x18,0xfe,0xd6,0xf3,0xa4,0xc8,0x11,0x2,0xfa,0x13,
  0xc6,0xa4,0xa2,0xc4,0x13,0xfd,0xa,0x13,0xc7,0x0,0x0,0xff,0xff,0x0,0x19,0x0,
  0x0,0x4,0x4e,0x4,0x52,0x12,0x6,0x0,0x5b,0x0,0x0,0x0,0x1,0x0,0xa8,0xfe,
  0x7b,0x5,0x21,0x4,0x52,0x0,0xb,0x0,0x32,0x40,0x19,0x3,0x2,0x9,0x0,0x8,
  0x5,0x0,0x2,0x5,0x3,0xd,0xc,0xa,0x6,0xf,0x3,0x22,0x0,0x8,0x5,0x8,
  0x47,0x59,0x5,0x15,0x0,0x3f,0x2b,0x11,0x0,0x33,0x18,0x3f,0x3f,0x33,0x11,0x12,
  0x1,0x17,0x39,0x11,0x33,0x11,0x33,0x11,0x33,0x31,0x30,0x25,0x33,0x11,0x23,0x11,
  0x21,0x11,0x33,0x11,0x21,0x11,0x33,0x4,0x81,0xa0,0xdd,0xfc,0x64,0xeb,0x2,0x3,
  0xeb,0xb6,0xfd,0xc5,0x1,0x85,0x4,0x52,0xfc,0x68,0x3,0x98,0x0,0x0,0x0,0x0,
  0x1,0x0,0x8b,0x0,0x0,0x4,0x66,0x4,0x52,0x0,0x12,0x0,0x38,0x40,0x1b,0x6,
  0xa,0xa,0x9,0x1,0x11,0x11,0x9,0x14,0x13,0x6,0x3,0xb,0x12,0xe,0xe,0x3,
  0x48,0x59,0xe,0xe,0xa,0x7,0x12,0xf,0xa,0x15,0x0,0x3f,0x3f,0x33,0x12,0x39,
  0x2f,0x2b,0x11,0x12,0x0,0x39,0x11,0x39,0x11,0x12,0x1,0x39,0x39,0x11,0x33,0x11,
  0x33,0x11,0x33,0x31,0x30,0x1,0x11,0x14,0x33,0x32,0x36,0x37,0x11,0x33,0x11,0x23,
  0x11,0xe,0x1,0x23,0x22,0x26,0x35,0x11,0x1,0x77,0xb0,0x55,0xa2,0x5d,0xeb,0xeb,
  0x61,0xb5,0x6b,0xad,0xc2,0x4,0x52,0xfe,0x6c,0xaa,0x2f,0x34,0x1,0xdb,0xfb,0xae,
  0x1,0xd5,0x3c,0x39,0xb3,0xa1,0x1,0x9e,0x0,0x0,0x0,0x0,0x1,0x0,0xa8,0x0,
  0x0,0x6,0xc7,0x4,0x52,0x0,0xb,0x0,0x31,0x40,0x18,0x9,0x0,0x8,0x5,0x4,
  0x1,0x0,0x1,0x5,0x3,0xd,0xc,0xa,0x6,0x2,0xf,0x8,0x4,0x1,0x4,0x47,
  0x59,0x1,0x15,0x0,0x3f,0x2b,0x11,0x0,0x33,0x18,0x3f,0x33,0x33,0x11,0x12,0x1,
  0x17,0x39,0x11,0x33,0x11,0x33,0x11,0x33,0x31,0x30,0x29,0x1,0x11,0x33,0x11,0x21,
  0x11,0x33,0x11,0x21,0x11,0x33,0x6,0xc7,0xf9,0xe1,0xeb,0x1,0xaf,0xeb,0x1,0xae,
  0xec,0x4,0x52,0xfc,0x68,0x3,0x98,0xfc,0x68,0x3,0x98,0x0,0x1,0x0,0xa8,0xfe,
  0x7b,0x7,0x66,0x4,0x52,0x0,0xf,0x0,0x3b,0x40,0x1e,0x3,0x2,0xd,0x0,0xc,
  0x9,0x8,0x5,0x0,0x2,0x5,0x9,0x4,0x11,0x10,0xe,0xa,0x6,0xf,0x3,0x22,
  0x0,0xc,0x8,0x5,0x8,0x47,0x59,0x5,0x15,0x0,0x3f,0x2b,0x11,0x0,0x33,0x33,
  0x18,0x3f,0x3f,0x33,0x33,0x11,0x12,0x1,0x17,0x39,0x11,0x33,0x11,0x33,0x11,0x33,
  0x11,0x33,0x31,0x30,0x25,0x33,0x11,0x23,0x11,0x21,0x11,0x33,0x11,0x21,0x11,0x33,
  0x11,0x21,0x11,0x33,0x6,0xc7,0x9f,0xdd,0xfa,0x1f,0xeb,0x1,0xaf,0xeb,0x1,0xae,
  0xec,0xb6,0xfd,0xc5,0x1,0x85,0x4,0x52,0xfc,0x68,0x3,0x98,0xfc,0x68,0x3,0x98,
  0x0,0x0,0x0,0x0,0x2,0x0,0x14,0x0,0x0,0x5,0x42,0x4,0x52,0x0,0xc,0x0,
  0x14,0x0,0x3d,0x40,0x20,0xd,0x5,0x1,0x12,0x12,0x9,0x5,0x9,0xb,0x3,0x16,
  0x15,0x1,0x11,0x48,0x59,0x1,0x1,0x9,0xc,0xc,0xb,0x47,0x59,0xc,0xf,0x9,
  0x12,0x48,0x59,0x9,0x15,0x0,0x3f,0x2b,0x0,0x18,0x3f,0x2b,0x11,0x12,0x0,0x39,
  0x18,0x2f,0x2b,0x11,0x12,0x1,0x17,0x39,0x11,0x33,0x11,0x33,0x11,0x33,0x31,0x30,
  0x1,0x11,0x21,0x32,0x16,0x15,0x14,0x6,0x23,0x21,0x11,0x21,0x35,0x1,0x34,0x26,
  0x23,0x21,0x11,0x21,0x32,0x2,0x60,0x1,0x8,0xf1,0xe9,0xec,0xe9,0xfe,0x8,0xfe,
  0x9f,0x4,0x42,0x79,0x7b,0xfe,0xfe,0x1,0x8,0xee,0x4,0x52,0xfe,0x46,0xa0,0xa0,
  0xa9,0xaf,0x3,0x9a,0xb8,0xfd,0x0,0x53,0x42,0xfe,0xc7,0x0,0x3,0x0,0xa8,0x0,
  0x0,0x5,0xd3,0x4,0x52,0x0,0xa,0x0,0x13,0x0,0x17,0x0,0x37,0x40,0x1c,0x15,
  0x14,0x0,0x10,0x10,0x8,0x14,0x8,0x19,0x18,0x0,0xf,0x48,0x59,0x0,0x0,0x8,
  0x16,0x9,0xf,0x15,0x15,0x8,0x10,0x48,0x59,0x8,0x15,0x0,0x3f,0x2b,0x0,0x18,
  0x3f,0x3f,0x33,0x12,0x39,0x2f,0x2b,0x11,0x12,0x1,0x39,0x39,0x11,0x33,0x11,0x33,
  0x11,0x33,0x31,0x30,0x1,0x33,0x32,0x16,0x15,0x14,0x6,0x23,0x21,0x11,0x33,0x1,
  0x34,0x26,0x2b,0x1,0x11,0x33,0x32,0x36,0x5,0x23,0x11,0x33,0x1,0x93,0xe0,0xe8,
  0xde,0xe7,0xdf,0xfe,0x35,0xeb,0x1,0xbd,0x7b,0x73,0xcf,0xb1,0x8e,0x7e,0x2,0x83,
  0xec,0xec,0x2,0x98,0xa0,0xa0,0xab,0xad,0x4,0x52,0xfd,0x0,0x53,0x42,0xfe,0xc7,
  0x50,0xfe,0x4,0x52,0x0,0x0,0x0,0x0,0x2,0x0,0xa8,0x0,0x0,0x4,0x77,0x4,
  0x52,0x0,0x9,0x0,0x12,0x0,0x32,0x40,0x19,0xa,0x3,0x0,0xf,0xf,0x7,0x7,
  0x3,0x14,0x13,0x0,0xe,0x48,0x59,0x0,0x0,0x7,0x8,0xf,0x7,0xf,0x48,0x59,
  0x7,0x15,0x0,0x3f,0x2b,0x0,0x18,0x3f,0x12,0x39,0x2f,0x2b,0x11,0x12,0x1,0x39,
  0x39,0x11,0x33,0x11,0x33,0x11,0x33,0x31,0x30,0x1,0x21,0x20,0x11,0x14,0x6,0x23,
  0x21,0x11,0x33,0x1,0x34,0x26,0x23,0x21,0x11,0x21,0x32,0x36,0x1,0x93,0x1,0x15,
  0x1,0xcf,0xec,0xe3,0xfe,0x0,0xeb,0x1,0xf8,0x7e,0x73,0xfe,0xf9,0x1,0xb,0x74,
  0x79,0x2,0x98,0xfe,0xc0,0xa9,0xaf,0x4,0x52,0xfd,0x0,0x53,0x42,0xfe,0xc7,0x54,
  0x0,0x0,0x0,0x0,0x1,0x0,0x42,0xff,0xec,0x3,0x9c,0x4,0x66,0x0,0x18,0x0,
  0x44,0x40,0x26,0xa,0x7,0x7,0x16,0x2,0x8,0x10,0x16,0x4,0x1a,0x19,0x9,0x8,
  0x48,0x59,0xc,0x9,0x1c,0x9,0x2,0x10,0x3,0x9,0x9,0x0,0x13,0x13,0xd,0x47,
  0x59,0x13,0x10,0x0,0x5,0x47,0x59,0x0,0x16,0x0,0x3f,0x2b,0x0,0x18,0x3f,0x2b,
  0x11,0x12,0x0,0x39,0x18,0x2f,0x5f,0x5e,0x5d,0x2b,0x11,0x12,0x1,0x17,0x39,0x11,
  0x33,0x11,0x33,0x31,0x30,0x5,0x22,0x27,0x35,0x16,0x33,0x20,0x13,0x21,0x35,0x21,
  0x2e,0x1,0x23,0x22,0x7,0x27,0x3e,0x1,0x33,0x20,0x0,0x11,0x10,0x0,0x1,0x7b,
  0xb9,0x80,0x9f,0x96,0x1,0x1e,0x13,0xfe,0x19,0x1,0xe7,0xc,0x8a,0x83,0x62,0xa0,
  0x41,0x43,0xaf,0x55,0x1,0x5,0x1,0x4,0xfe,0xe9,0x14,0x3f,0xc1,0x46,0x1,0x39,
  0xac,0x95,0x8c,0x39,0xae,0x1f,0x26,0xfe,0xe0,0xfe,0xe9,0xfe,0xe9,0xfe,0xd4,0x0,
  0x2,0x0,0xa8,0xff,0xec,0x6,0x6d,0x4,0x66,0x0,0x12,0x0,0x1e,0x0,0x51,0x40,
  0x2d,0x19,0x0,0x13,0xd,0x6,0xc,0x8,0x8,0x9,0x0,0x6,0x9,0x3,0x20,0x1f,
  0xc,0x7,0x47,0x59,0xc,0xc,0x1c,0xc,0x2,0x10,0x3,0xc,0xc,0x9,0xa,0xf,
  0x9,0x15,0x10,0x1c,0x46,0x59,0x10,0x10,0x3,0x16,0x46,0x59,0x3,0x16,0x0,0x3f,
  0x2b,0x0,0x18,0x3f,0x2b,0x0,0x18,0x3f,0x3f,0x12,0x39,0x2f,0x5f,0x5e,0x5d,0x2b,
  0x11,0x12,0x1,0x17,0x39,0x11,0x33,0x11,0x33,0x11,0x33,0x33,0x11,0x33,0x31,0x30,
  0x1,0x10,0x0,0x23,0x22,0x0,0x27,0x23,0x11,0x23,0x11,0x33,0x11,0x33,0x36,0x24,
  0x33,0x32,0x0,0x1,0x14,0x16,0x33,0x32,0x36,0x35,0x34,0x26,0x23,0x22,0x6,0x6,
  0x6d,0xfe,0xf7,0xed,0xda,0xfe,0xff,0x15,0xf4,0xeb,0xeb,0xf6,0x19,0x1,0x3,0xd6,
  0xe6,0x1,0xc,0xfd,0xa,0x79,0x89,0x88,0x7a,0x7a,0x88,0x89,0x79,0x2,0x2b,0xfe,
  0xf0,0xfe,0xd1,0x1,0x1,0xf0,0xfe,0x23,0x4,0x52,0xfe,0x44,0xdc,0xf4,0xfe,0xcb,
  0xfe,0xfa,0xbd,0xc2,0xc2,0xbd,0xbb,0xc0,0xc0,0x0,0x0,0x0,0x2,0x0,0x12,0x0,
  0x0,0x3,0xf0,0x4,0x52,0x0,0xd,0x0,0x16,0x0,0x44,0x40,0x23,0x2,0xd,0x12,
  0xb,0xb,0xa,0xe,0x5,0x0,0x1,0x1,0x5,0xa,0xd,0x4,0x18,0x17,0x2,0xd,
  0x11,0xd,0x48,0x59,0x11,0x11,0x8,0xb,0x1,0x15,0x8,0x14,0x48,0x59,0x8,0xf,
  0x0,0x3f,0x2b,0x0,0x18,0x3f,0x33,0x12,0x39,0x2f,0x2b,0x11,0x0,0x33,0x11,0x12,
  0x1,0x17,0x39,0x11,0x33,0x11,0x33,0x11,0x33,0x11,0x33,0x11,0x33,0x31,0x30,0x29,
  0x1,0x1,0x2e,0x1,0x35,0x34,0x36,0x33,0x21,0x11,0x23,0x11,0x23,0x3,0x14,0x16,
  0x3b,0x1,0x11,0x21,0x22,0x6,0x1,0x19,0xfe,0xf9,0x1,0x34,0x70,0x80,0xe0,0xc2,
  0x1,0xf8,0xec,0xdf,0xea,0x81,0x6d,0xdb,0xff,0x0,0x60,0x69,0x1,0xc5,0x20,0xa5,
  0x7a,0x9d,0xb1,0xfb,0xae,0x1,0xaa,0x1,0x58,0x55,0x55,0x1,0x48,0x52,0x0,0xff,
  0xff,0x0,0x66,0xff,0xec,0x4,0x39,0x6,0x21,0x12,0x26,0x0,0x48,0x0,0x0,0x11,
  0x6,0x0,0x43,0xb1,0x0,0x0,0x8,0xb3,0x2,0x25,0x11,0x26,0x0,0x2b,0x35,0xff,
  0xff,0x0,0x66,0xff,0xec,0x4,0x39,0x5,0xec,0x12,0x26,0x0,0x48,0x0,0x0,0x11,
  0x6,0x0,0x6a,0x4,0x0,0x0,0xa,0xb4,0x3,0x2,0x31,0x11,0x26,0x0,0x2b,0x35,
  0x35,0x0,0x0,0x0,0x1,0x0,0xc,0xfe,0x14,0x4,0x75,0x6,0x14,0x0,0x26,0x0,
  0x77,0x40,0x48,0x7,0x24,0x16,0x19,0x1d,0x3,0xe,0x13,0xe,0xf,0x3,0xf,0x11,
  0x18,0x24,0x5,0x28,0x27,0x1d,0xf,0x21,0x19,0x11,0x12,0x11,0x49,0x59,0x16,0x12,
  0x12,0x21,0x14,0x21,0xa,0x46,0x59,0xf,0x21,0x1,0xaf,0x21,0xbf,0x21,0xcf,0x21,
  0xef,0x21,0xff,0x21,0x5,0x0,0x21,0x10,0x21,0x20,0x21,0x3,0x9,0x3,0x21,0x21,
  0xf,0x14,0x0,0xf,0x15,0x0,0x5,0x46,0x59,0x0,0x1b,0x0,0x3f,0x2b,0x0,0x18,
  0x3f,0x3f,0x12,0x39,0x2f,0x5f,0x5e,0x5d,0x5d,0x71,0x2b,0x11,0x12,0x0,0x39,0x18,
  0x2f,0x33,0x2b,0x11,0x0,0x33,0x11,0x12,0x39,0x11,0x12,0x1,0x17,0x39,0x11,0x33,
  0x33,0x11,0x17,0x33,0x11,0x33,0x31,0x30,0x1,0x22,0x27,0x35,0x16,0x33,0x32,0x35,
  0x11,0x34,0x23,0x22,0x6,0x15,0x11,0x23,0x11,0x23,0x35,0x33,0x35,0x33,0x15,0x21,
  0x15,0x21,0x15,0x14,0x6,0x7,0x33,0x3e,0x1,0x33,0x20,0x19,0x1,0x14,0x6,0x3,
  0x35,0x5b,0x42,0x3a,0x3a,0x7d,0xd7,0x94,0x8b,0xeb,0x9c,0x9c,0xeb,0x1,0x67,0xfe,
  0x99,0x4,0x8,0xf,0x36,0xaf,0x6a,0x1,0x90,0xa5,0xfe,0x14,0x19,0xbc,0x12,0xaa,
  0x3,0x0,0xf4,0xb4,0xcd,0xfe,0xc,0x4,0xc3,0xa3,0xae,0xae,0xa3,0x6b,0x1d,0x51,
  0x5d,0x57,0x51,0xfe,0x6b,0xfc,0xd1,0xa8,0xb5,0x0,0x0,0xff,0xff,0x0,0xa8,0x0,
  0x0,0x3,0x73,0x6,0x21,0x12,0x26,0x0,0xfb,0x0,0x0,0x11,0x6,0x0,0x76,0x6,
  0x0,0x0,0x8,0xb3,0x1,0xf,0x11,0x26,0x0,0x2b,0x35,0x0,0x1,0x0,0x66,0xff,
  0xec,0x3,0xcd,0x4,0x66,0x0,0x18,0x0,0x44,0x40,0x26,0xe,0x11,0x11,0x3,0x3,
  0x8,0xf,0x16,0x4,0x1a,0x19,0xe,0x11,0x48,0x59,0xc,0xe,0x1c,0xe,0x2,0x10,
  0x3,0xe,0xe,0x0,0x6,0x6,0xb,0x47,0x59,0x6,0x10,0x0,0x14,0x47,0x59,0x0,
  0x16,0x0,0x3f,0x2b,0x0,0x18,0x3f,0x2b,0x11,0x12,0x0,0x39,0x18,0x2f,0x5f,0x5e,
  0x5d,0x2b,0x11,0x12,0x1,0x17,0x39,0x11,0x33,0x11,0x33,0x31,0x30,0x5,0x20,0x0,
  0x11,0x10,0x0,0x21,0x32,0x17,0x7,0x26,0x23,0x22,0x6,0x7,0x21,0x15,0x21,0x1e,
  0x1,0x33,0x32,0x37,0x15,0x6,0x2,0x83,0xfe,0xf8,0xfe,0xeb,0x1,0xf,0x1,0x10,
  0xb7,0x91,0x46,0x9a,0x6e,0x86,0x8e,0x11,0x1,0xe8,0xfe,0x18,0xb,0x8c,0x88,0x98,
  0xa3,0x84,0x14,0x1,0x22,0x1,0x15,0x1,0x1d,0x1,0x26,0x41,0xb2,0x39,0x8e,0x93,
  0xac,0xa1,0x98,0x46,0xbf,0x41,0x0,0xff,0xff,0x0,0x62,0xff,0xec,0x3,0x8f,0x4,
  0x66,0x12,0x6,0x0,0x56,0x0,0x0,0xff,0xff,0x0,0x9a,0x0,0x0,0x1,0xa2,0x5,
  0xfa,0x12,0x6,0x0,0x4c,0x0,0x0,0xff,0xff,0xff,0xe9,0x0,0x0,0x2,0x5a,0x5,
  0xec,0x12,0x26,0x0,0xc2,0x0,0x0,0x11,0x7,0x0,0x6a,0xfe,0xc4,0x0,0x0,0x0,
  0xa,0xb4,0x2,0x1,0x19,0x11,0x26,0x0,0x2b,0x35,0x35,0xff,0xff,0xff,0x87,0xfe,
  0x14,0x1,0xa2,0x5,0xfa,0x12,0x6,0x0,0x4d,0x0,0x0,0x0,0x2,0x0,0x8,0xff,
  0xf0,0x6,0x89,0x4,0x52,0x0,0x17,0x0,0x20,0x0,0x4c,0x40,0x29,0x18,0x14,0x10,
  0x1d,0x1d,0x0,0x2,0xe,0x0,0x8,0xe,0x14,0x4,0x22,0x21,0x10,0x1c,0x48,0x59,
  0x10,0x10,0x0,0xe,0xe,0x2,0x47,0x59,0xe,0xf,0x0,0x1d,0x48,0x59,0x0,0x15,
  0x6,0xb,0x46,0x59,0x6,0x16,0x0,0x3f,0x2b,0x0,0x18,0x3f,0x2b,0x0,0x18,0x3f,
  0x2b,0x11,0x12,0x0,0x39,0x18,0x2f,0x2b,0x11,0x12,0x1,0x17,0x39,0x11,0x33,0x11,
  0x33,0x11,0x33,0x11,0x33,0x31,0x30,0x21,0x11,0x23,0xa,0x1,0x6,0x23,0x22,0x27,
  0x35,0x16,0x33,0x32,0x12,0x13,0x21,0x11,0x33,0x32,0x16,0x15,0x14,0x6,0x23,0x13,
  0x34,0x26,0x2b,0x1,0x11,0x33,0x32,0x36,0x3,0xe,0xf7,0x1c,0x5e,0x99,0x79,0x54,
  0x2f,0x25,0x25,0x66,0x75,0x21,0x2,0xb8,0xc1,0xe6,0xdc,0xe9,0xe2,0xe0,0x79,0x75,
  0xb4,0xb8,0x73,0x77,0x3,0x9a,0xfe,0x97,0xfe,0x75,0xb6,0x14,0xb8,0xe,0x1,0xcb,
  0x1,0xd9,0xfe,0x46,0xa0,0xa0,0xab,0xad,0x1,0x52,0x53,0x42,0xfe,0xc7,0x54,0x0,
  0x2,0x0,0xa8,0x0,0x0,0x6,0xba,0x4,0x52,0x0,0x12,0x0,0x1a,0x0,0x4e,0x40,
  0x29,0x13,0x4,0x10,0x0,0x18,0x18,0x8,0xf,0xb,0xb,0xc,0x4,0x8,0xc,0x3,
  0x1c,0x1b,0x0,0x17,0x48,0x59,0x0,0xf,0xf,0xa,0x47,0x59,0xf,0xf,0x8,0x11,
  0xd,0xf,0xc,0x15,0x8,0x18,0x48,0x59,0x8,0x15,0x0,0x3f,0x2b,0x0,0x18,0x3f,
  0x3f,0x33,0x12,0x39,0x2f,0x2b,0x0,0x18,0x10,0xc4,0x2b,0x11,0x12,0x1,0x17,0x39,
  0x11,0x33,0x11,0x33,0x11,0x33,0x12,0x39,0x39,0x11,0x33,0x31,0x30,0x1,0x33,0x32,
  0x16,0x15,0x14,0x6,0x23,0x21,0x11,0x21,0x11,0x23,0x11,0x33,0x11,0x21,0x11,0x33,
  0x1,0x34,0x26,0x2b,0x1,0x11,0x33,0x32,0x4,0x2f,0xc7,0xe8,0xdc,0xe5,0xe3,0xfe,
  0x4d,0xfe,0x57,0xee,0xee,0x1,0xac,0xed,0x1,0xa2,0x79,0x75,0xb6,0xba,0xea,0x2,
  0x98,0xa0,0xa0,0xaa,0xae,0x1,0xdd,0xfe,0x23,0x4,0x52,0xfe,0x44,0x1,0xbc,0xfd,
  0x0,0x53,0x42,0xfe,0xc7,0x0,0x0,0x0,0x1,0x0,0xc,0x0,0x0,0x4,0x75,0x6,
  0x14,0x0,0x1e,0x0,0x69,0x40,0x40,0x1,0x0,0xe,0x11,0x14,0x18,0x4,0x9,0x9,
  0xa,0x0,0xa,0xc,0x13,0x4,0x20,0x1f,0x18,0xa,0x1c,0x14,0xc,0xd,0xc,0x49,
  0x59,0x11,0xd,0xd,0x1c,0xf,0x1c,0x5,0x46,0x59,0xf,0x1c,0x1,0xaf,0x1c,0xbf,
  0x1c,0xcf,0x1c,0xef,0x1c,0xff,0x1c,0x5,0x0,0x1c,0x10,0x1c,0x20,0x1c,0x3,0x1c,
  0x1c,0xa,0xf,0x0,0x1,0xa,0x15,0x0,0x3f,0x33,0x3f,0x12,0x39,0x2f,0x5d,0x5d,
  0x71,0x2b,0x11,0x12,0x0,0x39,0x18,0x2f,0x33,0x2b,0x11,0x0,0x33,0x11,0x12,0x39,
  0x11,0x12,0x1,0x17,0x39,0x11,0x33,0x12,0x17,0x39,0x11,0x33,0x31,0x30,0x21,0x23,
  0x11,0x34,0x26,0x23,0x22,0x6,0x15,0x11,0x23,0x11,0x23,0x35,0x33,0x35,0x33,0x15,
  0x21,0x15,0x21,0x15,0x14,0x6,0x7,0x33,0x3e,0x1,0x33,0x20,0x11,0x4,0x75,0xec,
  0x67,0x70,0x94,0x8b,0xeb,0x9c,0x9c,0xeb,0x1,0x7d,0xfe,0x83,0x4,0x8,0xf,0x36,
  0xaf,0x6a,0x1,0x90,0x2,0x77,0x7f,0x7f,0xb1,0xd0,0xfe,0xc,0x4,0xc3,0xa3,0xae,
  0xae,0xa3,0x6b,0x1d,0x51,0x5d,0x57,0x51,0xfe,0x6b,0x0,0xff,0xff,0x0,0xa8,0x0,
  0x0,0x4,0x7f,0x6,0x21,0x12,0x26,0x1,0x2,0x0,0x0,0x11,0x6,0x0,0x76,0x71,
  0x0,0x0,0x8,0xb3,0x1,0x14,0x11,0x26,0x0,0x2b,0x35,0xff,0xff,0x0,0xa8,0x0,
  0x0,0x4,0xc3,0x6,0x21,0x12,0x26,0x1,0x0,0x0,0x0,0x11,0x6,0x0,0x43,0xf5,
  0x0,0x0,0x8,0xb3,0x1,0x18,0x11,0x26,0x0,0x2b,0x35,0xff,0xff,0x0,0x0,0xfe,
  0x14,0x4,0x4a,0x6,0x25,0x12,0x26,0x0,0x5c,0x0,0x0,0x11,0x6,0x1,0x42,0xda,
  0x0,0x0,0x8,0xb3,0x1,0x15,0x11,0x26,0x0,0x2b,0x35,0x0,0x1,0x0,0xa8,0xfe,
  0x7b,0x4,0x83,0x4,0x52,0x0,0xb,0x0,0x30,0x40,0x18,0x8,0xb,0x4,0x7,0x3,
  0x0,0x0,0x7,0xb,0x3,0xd,0xc,0x5,0x1,0xf,0xa,0x22,0x0,0x3,0x47,0x59,
  0x8,0x0,0x15,0x0,0x3f,0x32,0x2b,0x0,0x18,0x3f,0x3f,0x33,0x11,0x12,0x1,0x17,
  0x39,0x11,0x33,0x11,0x33,0x11,0x33,0x31,0x30,0x33,0x11,0x33,0x11,0x21,0x11,0x33,
  0x11,0x21,0x11,0x23,0x11,0xa8,0xeb,0x2,0x5,0xeb,0xfe,0x83,0xdb,0x4,0x52,0xfc,
  0x68,0x3,0x98,0xfb,0xae,0xfe,0x7b,0x1,0x85,0x0,0x0,0x0,0x1,0x0,0xc1,0x0,
  0x0,0x4,0x42,0x6,0xe7,0x0,0x7,0x0,0x2f,0x40,0x17,0x3,0x6,0x0,0x1,0x6,
  0x1,0x9,0x8,0x1,0x12,0xf,0x4,0x1,0xa,0x3,0x4,0x2,0x2,0x7,0x4c,0x59,
  0x2,0x3,0x0,0x3f,0x2b,0x0,0x18,0x10,0xc6,0x5f,0x5e,0x5d,0x3f,0x11,0x12,0x1,
  0x39,0x39,0x11,0x33,0x11,0x33,0x31,0x30,0x21,0x23,0x11,0x21,0x11,0x33,0x11,0x21,
  0x1,0xb0,0xef,0x2,0xa9,0xd8,0xfd,0x6e,0x5,0xb6,0x1,0x31,0xfe,0x2,0x0,0x0,
  0x1,0x0,0xa8,0x0,0x0,0x3,0x89,0x5,0x8b,0x0,0x7,0x0,0x27,0x40,0x12,0x3,
  0x6,0x0,0x1,0x6,0x1,0x9,0x8,0x4,0x2,0x1,0x15,0x2,0x7,0x48,0x59,0x2,
  0xf,0x0,0x3f,0x2b,0x0,0x18,0x3f,0x10,0xc6,0x11,0x12,0x1,0x39,0x39,0x11,0x33,
  0x11,0x33,0x31,0x30,0x21,0x23,0x11,0x21,0x11,0x33,0x11,0x21,0x1,0x93,0xeb,0x2,
  0x4,0xdd,0xfe,0xa,0x4,0x52,0x1,0x39,0xfe,0x15,0x0,0x0,0x1,0x0,0x0,0x0,
  0x0,0x4,0xbc,0x5,0xb6,0x0,0x10,0x0,0x48,0x40,0x26,0x0,0x3,0xe,0x3,0x8,
  0x8,0x9,0x1,0x2,0x10,0xf,0x2,0x6,0x9,0xb,0xf,0x5,0x12,0x11,0x7,0xb,
  0xc,0xb,0x4c,0x59,0x4,0xc,0xc,0x3,0xe,0x0,0x0,0x9,0x1,0xf,0x3,0x9,
  0x12,0x0,0x3f,0x3f,0x33,0x12,0x39,0x11,0x33,0x33,0x39,0x2f,0x33,0x2b,0x11,0x0,
  0x33,0x11,0x12,0x1,0x17,0x39,0x11,0x33,0x11,0x33,0x11,0x33,0x12,0x17,0x39,0x31,
  0x30,0x9,0x1,0x21,0x1,0x15,0x21,0x15,0x21,0x11,0x23,0x11,0x21,0x35,0x21,0x35,
  0x1,0x21,0x2,0x5e,0x1,0x5a,0x1,0x4,0xfe,0x19,0x1,0x35,0xfe,0xcb,0xf0,0xfe,
  0xcb,0x1,0x35,0xfe,0x1b,0x1,0x4,0x3,0x1b,0x2,0x9b,0xfc,0x81,0x31,0xcd,0xfe,
  0xc7,0x1,0x39,0xcd,0x29,0x3,0x87,0x0,0x1,0x0,0x0,0xfe,0x14,0x4,0x4c,0x4,
  0x52,0x0,0x13,0x0,0x40,0x40,0x22,0x12,0x13,0xb,0xa,0x0,0x9,0xe,0x3,0x3,
  0x3,0x6,0x1,0x6,0x8,0xa,0x13,0x5,0x15,0x14,0x5,0x1b,0x3,0x7,0x8,0x7,
  0x48,0x59,0xe,0x0,0x8,0x15,0x12,0xa,0xf,0x0,0x3f,0x33,0x3f,0x33,0x33,0x2b,
  0x11,0x0,0x33,0x18,0x3f,0x11,0x12,0x1,0x17,0x39,0x11,0x33,0x12,0x17,0x39,0x11,
  0x33,0x11,0x33,0x31,0x30,0x29,0x1,0x15,0x21,0x11,0x23,0x11,0x21,0x35,0x21,0x1,
  0x33,0x13,0x16,0x17,0x33,0x36,0x37,0x13,0x33,0x2,0x9e,0x1,0x1a,0xfe,0xe4,0xec,
  0xfe,0xe3,0x1,0x1b,0xfe,0x52,0xfe,0xdb,0x27,0x21,0xa,0x21,0x2b,0xd9,0xfc,0xb2,
  0xfe,0xc6,0x1,0x3a,0xb2,0x4,0x52,0xfd,0xac,0x6c,0x98,0x84,0x7a,0x2,0x5a,0x0,
  0x1,0x0,0x52,0x1,0xc7,0x3,0xae,0x2,0x85,0x0,0x3,0x0,0x11,0xb5,0x3,0x0,
  0x5,0x4,0x0,0x1,0x0,0x2f,0x33,0x11,0x12,0x1,0x39,0x39,0x31,0x30,0x13,0x35,
  0x21,0x15,0x52,0x3,0x5c,0x1,0xc7,0xbe,0xbe,0x0,0x0,0x0,0x1,0x0,0x52,0x1,
  0xc7,0x7,0xae,0x2,0x85,0x0,0x3,0x0,0x11,0xb5,0x3,0x0,0x5,0x4,0x0,0x1,
  0x0,0x2f,0x33,0x11,0x12,0x1,0x39,0x39,0x31,0x30,0x13,0x35,0x21,0x15,0x52,0x7,
  0x5c,0x1,0xc7,0xbe,0xbe,0x0,0x0,0x0,0x1,0x0,0x19,0x3,0xc1,0x1,0x73,0x5,
  0xb6,0x0,0x7,0x0,0x17,0x40,0x9,0x1,0x7,0x7,0x5,0x9,0x8,0x0,0x4,0x3,
  0x0,0x3f,0xcd,0x11,0x12,0x1,0x39,0x39,0x11,0x33,0x31,0x30,0x13,0x27,0x36,0x12,
  0x37,0x33,0x2,0x7,0x25,0xc,0x14,0x66,0x36,0xaa,0x40,0x25,0x3,0xc1,0x16,0x53,
  0x1,0x1a,0x72,0xff,0x0,0xf5,0x0,0x0,0x1,0x0,0x19,0x3,0xc1,0x1,0x73,0x5,
  0xb6,0x0,0x6,0x0,0x17,0x40,0x9,0x1,0x6,0x6,0x4,0x8,0x7,0x4,0x6,0x3,
  0x0,0x3f,0xc6,0x11,0x12,0x1,0x39,0x39,0x11,0x33,0x31,0x30,0x1,0x17,0x6,0x3,
  0x23,0x12,0x37,0x1,0x64,0xf,0x35,0x7b,0xaa,0x45,0x1f,0x5,0xb6,0x16,0xd1,0xfe,
  0xf2,0x1,0x21,0xd4,0x0,0x0,0x0,0x0,0x1,0x0,0x3f,0xfe,0xf8,0x1,0x9c,0x0,
  0xee,0x0,0x6,0x0,0x1e,0x40,0xf,0x0,0x5,0x5,0x3,0x8,0x7,0x3,0x40,0x6,
  0x50,0x6,0xd0,0x6,0x3,0x6,0x0,0x2f,0x5d,0xcd,0x11,0x12,0x1,0x39,0x39,0x11,
  0x33,0x31,0x30,0x25,0x6,0x3,0x23,0x12,0x37,0x33,0x1,0x9c,0x30,0x80,0xad,0x45,
  0x22,0xe7,0xd7,0xba,0xfe,0xdb,0x1,0xe,0xe8,0x0,0x0,0x0,0x2,0x0,0x19,0x3,
  0xc1,0x3,0x14,0x5,0xb6,0x0,0x6,0x0,0xe,0x0,0x22,0x40,0x10,0x7,0xd,0x0,
  0x5,0x3,0x5,0xb,0xd,0x4,0x10,0xf,0x6,0xe,0x2,0xa,0x3,0x0,0x3f,0x33,
  0xcd,0x32,0x11,0x12,0x1,0x17,0x39,0x11,0x33,0x11,0x33,0x31,0x30,0x1,0x36,0x13,
  0x33,0x2,0x7,0x23,0x25,0x36,0x12,0x37,0x33,0x2,0x7,0x23,0x1,0xb8,0x35,0x7d,
  0xaa,0x45,0x1f,0xe9,0xfe,0x52,0x14,0x66,0x36,0xaa,0x40,0x25,0xe9,0x3,0xd7,0xcb,
  0x1,0x14,0xfe,0xd8,0xcd,0x16,0x53,0x1,0x1a,0x72,0xff,0x0,0xf5,0x0,0x0,0x0,
  0x2,0x0,0x19,0x3,0xc1,0x3,0x14,0x5,0xb6,0x0,0x6,0x0,0xd,0x0,0x22,0x40,
  0x10,0x7,0xc,0x0,0x5,0x3,0x5,0xa,0xc,0x4,0xf,0xe,0xa,0x3,0xc,0x5,
  0x3,0x0,0x3f,0x33,0xc6,0x32,0x11,0x12,0x1,0x17,0x39,0x11,0x33,0x11,0x33,0x31,
  0x30,0x1,0x6,0x3,0x23,0x12,0x37,0x33,0x5,0x6,0x3,0x23,0x12,0x37,0x33,0x1,
  0x73,0x35,0x7b,0xaa,0x45,0x1f,0xe7,0x1,0xb0,0x35,0x7b,0xac,0x45,0x22,0xe7,0x5,
  0xa0,0xd1,0xfe,0xf2,0x1,0x21,0xd4,0x16,0xd1,0xfe,0xf2,0x1,0xf,0xe6,0x0,0x0,
  0x2,0x0,0x2b,0xfe,0xf8,0x3,0x29,0x0,0xee,0x0,0x6,0x0,0xd,0x0,0x29,0x40,
  0x16,0x7,0xc,0x0,0x5,0x3,0x5,0xa,0xc,0x4,0xf,0xe,0xa,0x3,0xc,0x40,
  0x6,0x50,0x6,0xd0,0x6,0x3,0x6,0x0,0x2f,0x5d,0x33,0xcd,0x32,0x11,0x12,0x1,
  0x17,0x39,0x11,0x33,0x11,0x33,0x31,0x30,0x25,0x6,0x3,0x23,0x12,0x37,0x33,0x5,
  0x6,0x3,0x23,0x12,0x37,0x33,0x1,0x87,0x37,0x79,0xac,0x42,0x24,0xe8,0x1,0xb0,
  0x30,0x80,0xac,0x42,0x24,0xe8,0xd7,0xd6,0xfe,0xf7,0x1,0x4,0xf2,0x17,0xba,0xfe,
  0xdb,0x1,0x4,0xf2,0x0,0x0,0x0,0x0,0x1,0x0,0x83,0x1,0xd1,0x2,0x7f,0x4,
  0x6,0x0,0xb,0x0,0x13,0xb6,0x6,0x0,0x0,0xd,0xc,0x9,0x3,0x0,0x2f,0xcd,
  0x11,0x12,0x1,0x39,0x11,0x33,0x31,0x30,0x13,0x34,0x36,0x33,0x32,0x16,0x15,0x14,
  0x6,0x23,0x22,0x26,0x83,0x84,0x7a,0x79,0x85,0x86,0x78,0x78,0x86,0x2,0xec,0x8a,
  0x90,0x91,0x89,0x87,0x94,0x91,0x0,0x0,0x1,0x0,0x52,0x0,0x68,0x2,0x5e,0x3,
  0xe1,0x0,0x6,0x0,0x18,0x40,0xa,0x3,0x6,0x2,0x4,0x6,0x3,0x8,0x7,0x5,
  0x1,0x0,0x2f,0xc4,0x11,0x12,0x1,0x17,0x39,0x11,0x33,0x31,0x30,0x13,0x1,0x17,
  0x9,0x1,0x7,0x1,0x52,0x1,0x64,0xa8,0xfe,0xe6,0x1,0x1a,0xa8,0xfe,0x9c,0x2,
  0x31,0x1,0xb0,0x5e,0xfe,0xa2,0xfe,0xa4,0x61,0x1,0xaf,0x0,0x1,0x0,0x50,0x0,
  0x68,0x2,0x5e,0x3,0xe1,0x0,0x6,0x0,0x18,0x40,0xa,0x3,0x0,0x0,0x2,0x4,
  0x3,0x8,0x7,0x1,0x5,0x0,0x2f,0xc4,0x11,0x12,0x1,0x17,0x39,0x11,0x33,0x31,
  0x30,0x9,0x1,0x27,0x9,0x1,0x37,0x1,0x2,0x5e,0xfe,0x9a,0xa8,0x1,0x1a,0xfe,
  0xe6,0xa8,0x1,0x66,0x2,0x17,0xfe,0x51,0x61,0x1,0x5c,0x1,0x5e,0x5e,0xfe,0x50,
  0x0,0x0,0x0,0x0,0x1,0xfe,0x77,0x0,0x0,0x2,0x8f,0x5,0xb6,0x0,0x3,0x0,
  0x1a,0x40,0xb,0x3,0x0,0x5,0x1,0x2,0x2,0x4,0x3,0x3,0x2,0x12,0x0,0x3f,
  0x3f,0x11,0x1,0x33,0x11,0x33,0x11,0x33,0x32,0x31,0x30,0x9,0x1,0x23,0x1,0x2,
  0x8f,0xfc,0xa8,0xc0,0x3,0x5a,0x5,0xb6,0xfa,0x4a,0x5,0xb6,0x0,0x0,0x0,0x0,
  0x2,0x0,0x10,0x2,0x4a,0x2,0xd5,0x5,0xbc,0x0,0xa,0x0,0x11,0x0,0x3e,0x40,
  0x20,0x9,0x1,0x1,0xb,0x7,0x4,0x11,0x6,0x0,0x4,0x6,0x3,0x13,0x12,0x1,
  0x5,0x5,0x6,0x9,0xf,0x11,0x1f,0x11,0x2,0x11,0x11,0x7,0x3,0x20,0xe,0x7,
  0x1e,0x0,0x3f,0x33,0x3f,0x12,0x39,0x2f,0x5d,0x33,0x33,0x33,0x11,0x33,0x11,0x12,
  0x1,0x17,0x39,0x11,0x33,0x11,0x33,0x33,0x33,0x11,0x33,0x31,0x30,0x1,0x23,0x15,
  0x23,0x35,0x21,0x35,0x1,0x33,0x11,0x33,0x21,0x35,0x34,0x37,0x6,0xf,0x1,0x2,
  0xd5,0x7d,0xc0,0xfe,0x78,0x1,0x8c,0xbc,0x7d,0xfe,0xc3,0x6,0x34,0x24,0x94,0x2,
  0xfa,0xb0,0xb0,0x7f,0x2,0x43,0xfd,0xcd,0xb2,0x61,0x64,0x68,0x36,0xd9,0x0,0x0,
  0x1,0x0,0x3f,0xff,0xec,0x4,0x85,0x5,0xc5,0x0,0x26,0x0,0x71,0x40,0x42,0xc,
  0x3,0x8,0x8,0x16,0x1f,0x3,0x1b,0x5,0xa,0x11,0x18,0x1b,0x1d,0x24,0x7,0x28,
  0x27,0x6,0x1d,0x1e,0x1d,0x50,0x59,0x3,0xf,0x1e,0x1f,0x1e,0x2f,0x1e,0xbf,0x1e,
  0x4,0x9,0x3,0x1e,0x17,0x9,0x18,0x17,0x18,0x50,0x59,0xc,0x3,0x17,0x1,0x14,
  0x3,0x17,0x17,0x13,0x22,0x22,0x0,0x4d,0x59,0x22,0x7,0x13,0xe,0x4d,0x59,0x13,
  0x19,0x0,0x3f,0x2b,0x0,0x18,0x3f,0x2b,0x11,0x12,0x0,0x39,0x18,0x2f,0x5f,0x5e,
  0x5d,0x33,0x2b,0x11,0x0,0x33,0x18,0x10,0xc6,0x5f,0x5e,0x5d,0x32,0x2b,0x11,0x0,
  0x33,0x11,0x12,0x1,0x17,0x39,0x11,0x17,0x33,0x11,0x33,0x33,0x31,0x30,0x1,0x22,
  0x6,0x7,0x21,0x15,0x21,0x7,0x15,0x17,0x21,0x15,0x21,0x12,0x21,0x32,0x37,0x15,
  0x6,0x23,0x22,0x0,0x27,0x23,0x35,0x33,0x27,0x35,0x37,0x23,0x35,0x33,0x36,0x0,
  0x33,0x32,0x17,0x7,0x26,0x3,0x1f,0x8d,0xb3,0x1e,0x1,0xc8,0xfe,0x29,0x2,0x2,
  0x1,0x98,0xfe,0x79,0x40,0x1,0x2c,0x8f,0x96,0x83,0xae,0xf1,0xfe,0xd3,0x2e,0x98,
  0x88,0x2,0x2,0x88,0x96,0x26,0x1,0x32,0xf2,0xc8,0x9e,0x54,0x9a,0x4,0xfe,0xa8,
  0xaa,0x9a,0x2d,0x37,0x27,0x99,0xfe,0xc8,0x3e,0xcb,0x3d,0x1,0x8,0xfa,0x99,0x25,
  0x25,0x41,0x9a,0xfb,0x1,0x1e,0x58,0xbb,0x4c,0x0,0x0,0x0,0x4,0x0,0xa8,0x0,
  0x0,0x7,0xd7,0x5,0xb6,0x0,0xf,0x0,0x1b,0x0,0x27,0x0,0x2b,0x0,0x59,0x40,
  0x2f,0x22,0x10,0x1c,0x16,0xb,0x1,0xe,0xe,0x0,0x9,0x3,0x6,0x6,0x7,0x0,
  0x7,0x10,0x16,0x29,0x2a,0x6,0x2d,0x2c,0x3,0xb,0x28,0x8,0x25,0x19,0x1f,0xf,
  0x13,0x1f,0x13,0x2,0x13,0x13,0x28,0xe,0x8,0x3,0x29,0x28,0x28,0x1,0x7,0x12,
  0x0,0x3f,0x33,0x33,0x11,0x33,0x3f,0x33,0x12,0x39,0x2f,0x5d,0x33,0xc4,0x32,0x11,
  0x12,0x39,0x39,0x11,0x12,0x1,0x17,0x39,0x11,0x33,0x11,0x33,0x33,0x11,0x33,0x11,
  0x33,0x33,0x11,0x33,0x11,0x33,0x31,0x30,0x29,0x1,0x1,0x23,0x16,0x15,0x11,0x23,
  0x11,0x21,0x1,0x33,0x26,0x35,0x11,0x33,0x1,0x14,0x6,0x23,0x22,0x26,0x35,0x34,
  0x36,0x33,0x32,0x16,0x5,0x14,0x16,0x33,0x32,0x36,0x35,0x34,0x26,0x23,0x22,0x6,
  0x3,0x35,0x21,0x15,0x4,0xcb,0xfe,0xfe,0xfd,0xa8,0xd,0x15,0xd1,0x1,0x6,0x2,
  0x52,0xc,0x12,0xd1,0x3,0xc,0xab,0x99,0x91,0xae,0xab,0x99,0x92,0xad,0xfe,0x23,
  0x48,0x54,0x51,0x48,0x48,0x51,0x52,0x4a,0x85,0x2,0x3f,0x4,0x71,0xff,0x99,0xfd,
  0x27,0x5,0xb6,0xfb,0x94,0xf8,0x91,0x2,0xe3,0xfc,0xbf,0xa8,0xbb,0xbc,0xa7,0xa7,
  0xbb,0xc2,0xa0,0x6b,0x6c,0x6c,0x6b,0x6c,0x69,0x69,0xfd,0x1f,0xa2,0xa2,0x0,0x0,
  0x1,0x0,0x60,0x2,0x79,0x4,0x31,0x3,0x2b,0x0,0x3,0x0,0x19,0x40,0xc,0x3,
  0x0,0x5,0x4,0x1,0x0,0x52,0x59,0x2f,0x1,0x1,0x1,0x0,0x2f,0x5d,0x2b,0x11,
  0x12,0x1,0x39,0x39,0x31,0x30,0x13,0x35,0x21,0x15,0x60,0x3,0xd1,0x2,0x79,0xb2,
  0xb2,0x0,0x0,0x0,0x1,0x0,0xc1,0x0,0x0,0x4,0x25,0x5,0xb6,0x0,0x5,0x0,
  0x1b,0x40,0xc,0x4,0x1,0x7,0x6,0x4,0x12,0x5,0x2,0x4c,0x59,0x5,0x3,0x0,
  0x3f,0x2b,0x0,0x18,0x3f,0x11,0x12,0x1,0x39,0x39,0x31,0x30,0x1,0x15,0x21,0x11,
  0x23,0x11,0x4,0x25,0xfd,0x8b,0xef,0x5,0xb6,0xcd,0xfb,0x17,0x5,0xb6,0x0,0x0,
  0x1,0x0,0xc1,0x0,0x0,0x5,0x25,0x5,0xb6,0x0,0x7,0x0,0x25,0x40,0x11,0x1,
  0x0,0x4,0x5,0x5,0x0,0x9,0x8,0x1,0x5,0x12,0x6,0x3,0x4c,0x59,0x6,0x3,
  0x0,0x3f,0x2b,0x0,0x18,0x3f,0x33,0x11,0x12,0x1,0x39,0x39,0x11,0x33,0x11,0x33,
  0x31,0x30,0x21,0x23,0x11,0x21,0x11,0x23,0x11,0x21,0x5,0x25,0xf0,0xfd,0x7b,0xef,
  0x4,0x64,0x4,0xe9,0xfb,0x17,0x5,0xb6,0x0,0x0,0x0,0x0,0x3,0x0,0x62,0xff,
  0xec,0x6,0x3d,0x5,0xcb,0x0,0x8,0x0,0x22,0x0,0x2b,0x0,0x61,0x40,0x37,0x0,
  0x14,0x17,0x2b,0x4,0x22,0x22,0x9,0x4,0x1c,0x27,0xf,0x9,0xf,0x1c,0x3,0x2d,
  0x2c,0x8,0x24,0x13,0x24,0x4b,0x59,0x17,0x13,0x0,0x13,0x10,0x13,0x2,0x10,0x3,
  0x0,0x2b,0xa,0x2b,0x4b,0x59,0x21,0xa,0x50,0xa,0x60,0xa,0x2,0x13,0xa,0x13,
  0xa,0x9,0x15,0x4,0x9,0x13,0x0,0x3f,0x3f,0x12,0x39,0x39,0x2f,0x2f,0x5d,0x11,
  0x33,0x2b,0x11,0x0,0x33,0x5f,0x5e,0x5d,0x11,0x33,0x2b,0x11,0x0,0x33,0x11,0x12,
  0x1,0x17,0x39,0x11,0x33,0x11,0x33,0x11,0x33,0x12,0x17,0x39,0x31,0x30,0x1,0x33,
  0x32,0x36,0x35,0x34,0x26,0x2b,0x1,0x3,0x35,0x23,0x22,0x24,0x2,0x35,0x34,0x36,
  0x24,0x3b,0x1,0x35,0x33,0x15,0x33,0x32,0x4,0x16,0x15,0x14,0x2,0x4,0x2b,0x1,
  0x15,0x3,0x23,0x22,0x6,0x15,0x14,0x16,0x3b,0x1,0x3,0xc1,0x14,0xb4,0xcb,0xbd,
  0xa5,0x31,0xe2,0x21,0xb3,0xfe,0xf1,0x9a,0x8c,0x1,0x6,0xb0,0x3b,0xe2,0x3d,0xb1,
  0x1,0x5,0x89,0x9a,0xfe,0xf3,0xb5,0x20,0xe2,0x31,0xa6,0xbc,0xca,0xb7,0x12,0x1,
  0x8b,0xc1,0xac,0xa0,0xbc,0xfb,0x98,0xe1,0x83,0x1,0x6,0xa0,0x9b,0xf9,0x8d,0xb4,
  0xb4,0x8c,0xf7,0x9e,0xa3,0xfe,0xfc,0x82,0xe1,0x4,0x68,0xbd,0x9f,0xaa,0xc3,0xff,
  0xff,0x0,0x23,0x0,0x0,0x4,0x89,0x6,0x1f,0x10,0x26,0x0,0x49,0x0,0x0,0x10,
  0x7,0x0,0x4c,0x2,0xe7,0x0,0x0,0xff,0xff,0x0,0x23,0x0,0x0,0x4,0x7a,0x6,
  0x1f,0x10,0x26,0x0,0x49,0x0,0x0,0x10,0x7,0x0,0x4f,0x2,0xe7,0x0,0x0,0x0,
  0x1,0x0,0xa2,0x4,0xd9,0x3,0xf8,0x6,0x25,0x0,0xe,0x0,0x20,0x40,0xd,0xb,
  0xc,0x4,0x3,0xc,0x3,0x10,0xf,0xb,0x4,0x80,0x8,0x0,0x0,0x2f,0x32,0x1a,
  0xcc,0x32,0x11,0x12,0x1,0x39,0x39,0x11,0x33,0x11,0x33,0x31,0x30,0x1,0x22,0x26,
  0x27,0x33,0x1e,0x2,0x33,0x32,0x36,0x37,0x33,0xe,0x1,0x2,0x46,0xd4,0xc5,0xb,
  0xd5,0x6,0x2b,0x51,0x53,0x62,0x66,0xb,0xd9,0xf,0xd4,0x4,0xd9,0x99,0xb3,0x48,
  0x50,0x23,0x57,0x64,0xac,0xa0,0x0,0xff,0xff,0x0,0x23,0x0,0x0,0x7,0x71,0x6,
  0x1f,0x10,0x26,0x0,0x49,0x0,0x0,0x10,0x27,0x0,0x49,0x2,0xe7,0x0,0x0,0x10,
  0x7,0x0,0x4c,0x5,0xcf,0x0,0x0,0xff,0xff,0x0,0x23,0x0,0x0,0x7,0x62,0x6,
  0x1f,0x10,0x26,0x0,0x49,0x0,0x0,0x10,0x27,0x0,0x49,0x2,0xe7,0x0,0x0,0x10,
  0x7,0x0,0x4f,0x5,0xcf,0x0,0x0,0xff,0xff,0x0,0x23,0x0,0x0,0x6,0x29,0x6,
  0x1f,0x10,0x26,0x0,0x49,0x0,0x0,0x10,0x7,0x0,0x49,0x2,0xe7,0x0,0x0,0x0,
  0x0,0x0,0xe,0x0,0xae,0x0,0x1,0x0,0x0,0x0,0x0,0x0,0x1,0x0,0x12,0x0,
  0x26,0x0,0x1,0x0,0x0,0x0,0x0,0x0,0x2,0x0,0x7,0x0,0x49,0x0,0x1,0x0,
  0x0,0x0,0x0,0x0,0x3,0x0,0x27,0x0,0xa1,0x0,0x1,0x0,0x0,0x0,0x0,0x0,
  0x4,0x0,0x12,0x0,0xef,0x0,0x1,0x0,0x0,0x0,0x0,0x0,0x5,0x0,0xc,0x1,
  0x1c,0x0,0x1,0x0,0x0,0x0,0x0,0x0,0x6,0x0,0x11,0x1,0x4d,0x0,0x1,0x0,
  0x0,0x0,0x0,0x0,0xe,0x0,0x2a,0x1,0xb5,0x0,0x3,0x0,0x1,0x4,0x9,0x0,
  0x1,0x0,0x24,0x0,0x0,0x0,0x3,0x0,0x1,0x4,0x9,0x0,0x2,0x0,0xe,0x0,
  0x39,0x0,0x3,0x0,0x1,0x4,0x9,0x0,0x3,0x0,0x4e,0x0,0x51,0x0,0x3,0x0,
  0x1,0x4,0x9,0x0,0x4,0x0,0x24,0x0,0xc9,0x0,0x3,0x0,0x1,0x4,0x9,0x0,
  0x5,0x0,0x18,0x1,0x2,0x0,0x3,0x0,0x1,0x4,0x9,0x0,0x6,0x0,0x22,0x1,
  0x29,0x0,0x3,0x0,0x1,0x4,0x9,0x0,0xe,0x0,0x54,0x1,0x5f,0x0,0x4f,0x0,
  0x70,0x0,0x65,0x0,0x6e,0x0,0x20,0x0,0x53,0x0,0x61,0x0,0x6e,0x0,0x73,0x0,
  0x20,0x0,0x53,0x0,0x65,0x0,0x6d,0x0,0x69,0x0,0x62,0x0,0x6f,0x0,0x6c,0x0,
  0x64,0x0,0x0,0x4f,0x70,0x65,0x6e,0x20,0x53,0x61,0x6e,0x73,0x20,0x53,0x65,0x6d,
  0x69,0x62,0x6f,0x6c,0x64,0x0,0x0,0x52,0x0,0x65,0x0,0x67,0x0,0x75,0x0,0x6c,
  0x0,0x61,0x0,0x72,0x0,0x0,0x52,0x65,0x67,0x75,0x6c,0x61,0x72,0x0,0x0,0x41,
  0x0,0x73,0x0,0x63,0x0,0x65,0x0,0x6e,0x0,0x64,0x0,0x65,0x0,0x72,0x0,0x20,
  0x0,0x2d,0x0,0x20,0x0,0x4f,0x0,0x70,0x0,0x65,0x0,0x6e,0x0,0x20,0x0,0x53,
  0x0,0x61,0x0,0x6e,0x0,0x73,0x0,0x20,0x0,0x53,0x0,0x65,0x0,0x6d,0x0,0x69,
  0x0,0x62,0x0,0x6f,0x0,0x6c,0x0,0x64,0x0,0x20,0x0,0x42,0x0,0x75,0x0,0x69,
  0x0,0x6c,0x0,0x64,0x0,0x20,0x0,0x31,0x0,0x30,0x0,0x30,0x0,0x0,0x41,0x73,
  0x63,0x65,0x6e,0x64,0x65,0x72,0x20,0x2d,0x20,0x4f,0x70,0x65,0x6e,0x20,0x53,0x61,
  0x6e,0x73,0x20,0x53,0x65,0x6d,0x69,0x62,0x6f,0x6c,0x64,0x20,0x42,0x75,0x69,0x6c,
  0x64,0x20,0x31,0x30,0x30,0x0,0x0,0x4f,0x0,0x70,0x0,0x65,0x0,0x6e,0x0,0x20,
  0x0,0x53,0x0,0x61,0x0,0x6e,0x0,0x73,0x0,0x20,0x0,0x53,0x0,0x65,0x0,0x6d,
  0x0,0x69,0x0,0x62,0x0,0x6f,0x0,0x6c,0x0,0x64,0x0,0x0,0x4f,0x70,0x65,0x6e,
  0x20,0x53,0x61,0x6e,0x73,0x20,0x53,0x65,0x6d,0x69,0x62,0x6f,0x6c,0x64,0x0,0x0,
  0x56,0x0,0x65,0x0,0x72,0x0,0x73,0x0,0x69,0x0,0x6f,0x0,0x6e,0x0,0x20,0x0,
  0x31,0x0,0x2e,0x0,0x31,0x0,0x30,0x0,0x0,0x56,0x65,0x72,0x73,0x69,0x6f,0x6e,
  0x20,0x31,0x2e,0x31,0x30,0x0,0x0,0x4f,0x0,0x70,0x0,0x65,0x0,0x6e,0x0,0x53,
  0x0,0x61,0x0,0x6e,0x0,0x73,0x0,0x2d,0x0,0x53,0x0,0x65,0x0,0x6d,0x0,0x69,
  0x0,0x62,0x0,0x6f,0x0,0x6c,0x0,0x64,0x0,0x0,0x4f,0x70,0x65,0x6e,0x53,0x61,
  0x6e,0x73,0x2d,0x53,0x65,0x6d,0x69,0x62,0x6f,0x6c,0x64,0x0,0x0,0x68,0x0,0x74,
  0x0,0x74,0x0,0x70,0x0,0x3a,0x0,0x2f,0x0,0x2f,0x0,0x77,0x0,0x77,0x0,0x77,
  0x0,0x2e,0x0,0x61,0x0,0x70,0x0,0x61,0x0,0x63,0x0,0x68,0x0,0x65,0x0,0x2e,
  0x0,0x6f,0x0,0x72,0x0,0x67,0x0,0x2f,0x0,0x6c,0x0,0x69,0x0,0x63,0x0,0x65,
  0x0,0x6e,0x0,0x73,0x0,0x65,0x0,0x73,0x0,0x2f,0x0,0x4c,0x0,0x49,0x0,0x43,
  0x0,0x45,0x0,0x4e,0x0,0x53,0x0,0x45,0x0,0x2d,0x0,0x32,0x0,0x2e,0x0,0x30,
  0x0,0x0,0x68,0x74,0x74,0x70,0x3a,0x2f,0x2f,0x77,0x77,0x77,0x2e,0x61,0x70,0x61,
  0x63,0x68,0x65,0x2e,0x6f,0x72,0x67,0x2f,0x6c,0x69,0x63,0x65,0x6e,0x73,0x65,0x73,
  0x2f,0x4c,0x49,0x43,0x45,0x4e,0x53,0x45,0x2d,0x32,0x2e,0x30,0x0,0x0,0x0,0x0,
  0x2,0x0,0x0,0x0,0x0,0x0,0x0,0xff,0x66,0x0,0x66,0x0,0x0,0x0,0x0,0x0,
  0x0,0x0,0x0,0x0,0x0,0x0,0x0,0x0,0x0,0x0,0x0,0x0,0x0,0x0,0x0,0x1,
  0x46,0x0,0x0,0x0,0x1,0x0,0x2,0x0,0x3,0x0,0x4,0x0,0x5,0x0,0x6,0x0,
  0x7,0x0,0x8,0x0,0x9,0x0,0xa,0x0,0xb,0x0,0xc,0x0,0xd,0x0,0xe,0x0,
  0xf,0x0,0x10,0x0,0x11,0x0,0x12,0x0,0x13,0x0,0x14,0x0,0x15,0x0,0x16,0x0,
  0x17,0x0,0x18,0x0,0x19,0x0,0x1a,0x0,0x1b,0x0,0x1c,0x0,0x1d,0x0,0x1e,0x0,
  0x1f,0x0,0x20,0x0,0x21,0x0,0x22,0x0,0x23,0x0,0x24,0x0,0x25,0x0,0x26,0x0,
  0x27,0x0,0x28,0x0,0x29,0x0,0x2a,0x0,0x2b,0x0,0x2c,0x0,0x2d,0x0,0x2e,0x0,
  0x2f,0x0,0x30,0x0,0x31,0x0,0x32,0x0,0x33,0x0,0x34,0x0,0x35,0x0,0x36,0x0,
  0x37,0x0,0x38,0x0,0x39,0x0,0x3a,0x0,0x3b,0x0,0x3c,0x0,0x3d,0x0,0x3e,0x0,
  0x3f,0x0,0x40,0x0,0x41,0x0,0x42,0x0,0x43,0x0,0x44,0x0,0x45,0x0,0x46,0x0,
  0x47,0x0,0x48,0x0,0x49,0x0,0x4a,0x0,0x4b,0x0,0x4c,0x0,0x4d,0x0,0x4e,0x0,
  0x4f,0x0,0x50,0x0,0x51,0x0,0x52,0x0,0x53,0x0,0x54,0x0,0x55,0x0,0x56,0x0,
  0x57,0x0,0x58,0x0,0x59,0x0,0x5a,0x0,0x5b,0x0,0x5c,0x0,0x5d,0x0,0x5e,0x0,
  0x5f,0x0,0x60,0x0,0x61,0x0,0xac,0x0,0xa3,0x0,0x84,0x0,0x85,0x0,0xbd,0x0,
  0x96,0x0,0xe8,0x0,0x86,0x0,0x8e,0x0,0x8b,0x0,0x9d,0x0,0xa9,0x0,0xa4,0x1,
  0x2,0x0,0x8a,0x1,0x3,0x0,0x83,0x0,0x93,0x0,0xf2,0x0,0xf3,0x0,0x8d,0x0,
  0x97,0x0,0x88,0x0,0xc3,0x0,0xde,0x0,0xf1,0x0,0x9e,0x0,0xaa,0x0,0xf5,0x0,
  0xf4,0x0,0xf6,0x0,0xa2,0x0,0xad,0x0,0xc9,0x0,0xc7,0x0,0xae,0x0,0x62,0x0,
  0x63,0x0,0x90,0x0,0x64,0x0,0xcb,0x0,0x65,0x0,0xc8,0x0,0xca,0x0,0xcf,0x0,
  0xcc,0x0,0xcd,0x0,0xce,0x0,0xe9,0x0,0x66,0x0,0xd3,0x0,0xd0,0x0,0xd1,0x0,
  0xaf,0x0,0x67,0x0,0xf0,0x0,0x91,0x0,0xd6,0x0,0xd4,0x0,0xd5,0x0,0x68,0x0,
  0xeb,0x0,0xed,0x0,0x89,0x0,0x6a,0x0,0x69,0x0,0x6b,0x0,0x6d,0x0,0x6c,0x0,
  0x6e,0x0,0xa0,0x0,0x6f,0x0,0x71,0x0,0x70,0x0,0x72,0x0,0x73,0x0,0x75,0x0,
  0x74,0x0,0x76,0x0,0x77,0x0,0xea,0x0,0x78,0x0,0x7a,0x0,0x79,0x0,0x7b,0x0,
  0x7d,0x0,0x7c,0x0,0xb8,0x0,0xa1,0x0,0x7f,0x0,0x7e,0x0,0x80,0x0,0x81,0x0,
  0xec,0x0,0xee,0x0,0xba,0x0,0xd7,0x0,0xb0,0x0,0xb1,0x0,0xd8,0x0,0xdd,0x0,
  0xd9,0x1,0x4,0x1,0x5,0x1,0x6,0x1,0x7,0x1,0x8,0x1,0x9,0x1,0xa,0x1,
  0xb,0x1,0xc,0x1,0xd,0x1,0xe,0x1,0xf,0x1,0x10,0x1,0x11,0x1,0x12,0x1,
  0x13,0x1,0x14,0x1,0x15,0x1,0x16,0x1,0x17,0x1,0x18,0x1,0x19,0x1,0x1a,0x1,
  0x1b,0x1,0x1c,0x1,0x1d,0x1,0x1e,0x1,0x1f,0x1,0x20,0x1,0x21,0x1,0x22,0x1,
  0x23,0x1,0x24,0x1,0x25,0x1,0x26,0x1,0x27,0x1,0x28,0x1,0x29,0x1,0x2a,0x1,
  0x2b,0x1,0x2c,0x1,0x2d,0x1,0x2e,0x1,0x2f,0x1,0x30,0x1,0x31,0x1,0x32,0x1,
  0x33,0x1,0x34,0x1,0x35,0x1,0x36,0x1,0x37,0x1,0x38,0x1,0x39,0x1,0x3a,0x1,
  0x3b,0x1,0x3c,0x1,0x3d,0x1,0x3e,0x1,0x3f,0x1,0x40,0x1,0x41,0x1,0x42,0x1,
  0x43,0x1,0x44,0x1,0x45,0x1,0x46,0x1,0x47,0x1,0x48,0x1,0x49,0x1,0x4a,0x1,
  0x4b,0x1,0x4c,0x1,0x4d,0x1,0x4e,0x1,0x4f,0x1,0x50,0x1,0x51,0x1,0x52,0x1,
  0x53,0x1,0x54,0x1,0x55,0x1,0x56,0x1,0x57,0x1,0x58,0x1,0x59,0x1,0x5a,0x1,
  0x5b,0x1,0x5c,0x1,0x5d,0x1,0x5e,0x1,0x5f,0x1,0x60,0x1,0x61,0x1,0x62,0x1,
  0x63,0x1,0x64,0x1,0x65,0x1,0x66,0x1,0x67,0x0,0xb2,0x0,0xb3,0x0,0xb6,0x0,
  0xb7,0x0,0xc4,0x0,0xb4,0x0,0xb5,0x0,0xc5,0x0,0x87,0x0,0xbe,0x0,0xbf,0x0,
  0xbc,0x1,0x68,0x1,0x69,0x1,0x6a,0x0,0xef,0x1,0x6b,0x1,0x6c,0x1,0x6d,0x1,
  0x6e,0x1,0x6f,0x1,0x70,0x1,0x71,0x1,0x72,0x1,0x73,0x1,0x74,0x7,0x75,0x6e,
  0x69,0x30,0x30,0x41,0x44,0x9,0x6f,0x76,0x65,0x72,0x73,0x63,0x6f,0x72,0x65,0x7,
  0x75,0x6e,0x69,0x30,0x34,0x30,0x30,0x9,0x61,0x66,0x69,0x69,0x31,0x30,0x30,0x32,
  0x33,0x9,0x61,0x66,0x69,0x69,0x31,0x30,0x30,0x35,0x31,0x9,0x61,0x66,0x69,0x69,
  0x31,0x30,0x30,0x35,0x32,0x9,0x61,0x66,0x69,0x69,0x31,0x30,0x30,0x35,0x33,0x9,
  0x61,0x66,0x69,0x69,0x31,0x30,0x30,0x35,0x34,0x9,0x61,0x66,0x69,0x69,0x31,0x30,
  0x30,0x35,0x35,0x9,0x61,0x66,0x69,0x69,0x31,0x30,0x30,0x35,0x36,0x9,0x61,0x66,
  0x69,0x69,0x31,0x30,0x30,0x35,0x37,0x9,0x61,0x66,0x69,0x69,0x31,0x30,0x30,0x35,
  0x38,0x9,0x61,0x66,0x69,0x69,0x31,0x30,0x30,0x35,0x39,0x9,0x61,0x66,0x69,0x69,
  0x31,0x30,0x30,0x36,0x30,0x9,0x61,0x66,0x69,0x69,0x31,0x30,0x30,0x36,0x31,0x7,
  0x75,0x6e,0x69,0x30,0x34,0x30,0x44,0x9,0x61,0x66,0x69,0x69,0x31,0x30,0x30,0x36,
  0x32,0x9,0x61,0x66,0x69,0x69,0x31,0x30,0x31,0x34,0x35,0x9,0x61,0x66,0x69,0x69,
  0x31,0x30,0x30,0x31,0x37,0x9,0x61,0x66,0x69,0x69,0x31,0x30,0x30,0x31,0x38,0x9,
  0x61,0x66,0x69,0x69,0x31,0x30,0x30,0x31,0x39,0x9,0x61,0x66,0x69,0x69,0x31,0x30,
  0x30,0x32,0x30,0x9,0x61,0x66,0x69,0x69,0x31,0x30,0x30,0x32,0x31,0x9,0x61,0x66,
  0x69,0x69,0x31,0x30,0x30,0x32,0x32,0x9,0x61,0x66,0x69,0x69,0x31,0x30,0x30,0x32,
  0x34,0x9,0x61,0x66,0x69,0x69,0x31,0x30,0x30,0x32,0x35,0x9,0x61,0x66,0x69,0x69,
  0x31,0x30,0x30,0x32,0x36,0x9,0x61,0x66,0x69,0x69,0x31,0x30,0x30,0x32,0x37,0x9,
  0x61,0x66,0x69,0x69,0x31,0x30,0x30,0x32,0x38,0x9,0x61,0x66,0x69,0x69,0x31,0x30,
  0x30,0x32,0x39,0x9,0x61,0x66,0x69,0x69,0x31,0x30,0x30,0x33,0x30,0x9,0x61,0x66,
  0x69,0x69,0x31,0x30,0x30,0x33,0x31,0x9,0x61,0x66,0x69,0x69,0x31,0x30,0x30,0x33,
  0x32,0x9,0x61,0x66,0x69,0x69,0x31,0x30,0x30,0x33,0x33,0x9,0x61,0x66,0x69,0x69,
  0x31,0x30,0x30,0x33,0x34,0x9,0x61,0x66,0x69,0x69,0x31,0x30,0x30,0x33,0x35,0x9,
  0x61,0x66,0x69,0x69,0x31,0x30,0x30,0x33,0x36,0x9,0x61,0x66,0x69,0x69,0x31,0x30,
  0x30,0x33,0x37,0x9,0x61,0x66,0x69,0x69,0x31,0x30,0x30,0x33,0x38,0x9,0x61,0x66,
  0x69,0x69,0x31,0x30,0x30,0x33,0x39,0x9,0x61,0x66,0x69,0x69,0x31,0x30,0x30,0x34,
  0x30,0x9,0x61,0x66,0x69,0x69,0x31,0x30,0x30,0x34,0x31,0x9,0x61,0x66,0x69,0x69,
  0x31,0x30,0x30,0x34,0x32,0x9,0x61,0x66,0x69,0x69,0x31,0x30,0x30,0x34,0x33,0x9,
  0x61,0x66,0x69,0x69,0x31,0x30,0x30,0x34,0x34,0x9,0x61,0x66,0x69,0x69,0x31,0x30,
  0x30,0x34,0x35,0x9,0x61,0x66,0x69,0x69,0x31,0x30,0x30,0x34,0x36,0x9,0x61,0x66,
  0x69,0x69,0x31,0x30,0x30,0x34,0x37,0x9,0x61,0x66,0x69,0x69,0x31,0x30,0x30,0x34,
  0x38,0x9,0x61,0x66,0x69,0x69,0x31,0x30,0x30,0x34,0x39,0x9,0x61,0x66,0x69,0x69,
  0x31,0x30,0x30,0x36,0x35,0x9,0x61,0x66,0x69,0x69,0x31,0x30,0x30,0x36,0x36,0x9,
  0x61,0x66,0x69,0x69,0x31,0x30,0x30,0x36,0x37,0x9,0x61,0x66,0x69,0x69,0x31,0x30,
  0x30,0x36,0x38,0x9,0x61,0x66,0x69,0x69,0x31,0x30,0x30,0x36,0x39,0x9,0x61,0x66,
  0x69,0x69,0x31,0x30,0x30,0x37,0x30,0x9,0x61,0x66,0x69,0x69,0x31,0x30,0x30,0x37,
  0x32,0x9,0x61,0x66,0x69,0x69,0x31,0x30,0x30,0x37,0x33,0x9,0x61,0x66,0x69,0x69,
  0x31,0x30,0x30,0x37,0x34,0x9,0x61,0x66,0x69,0x69,0x31,0x30,0x30,0x37,0x35,0x9,
  0x61,0x66,0x69,0x69,0x31,0x30,0x30,0x37,0x36,0x9,0x61,0x66,0x69,0x69,0x31,0x30,
  0x30,0x37,0x37,0x9,0x61,0x66,0x69,0x69,0x31,0x30,0x30,0x37,0x38,0x9,0x61,0x66,
  0x69,0x69,0x31,0x30,0x30,0x37,0x39,0x9,0x61,0x66,0x69,0x69,0x31,0x30,0x30,0x38,
  0x30,0x9,0x61,0x66,0x69,0x69,0x31,0x30,0x30,0x38,0x31,0x9,0x61,0x66,0x69,0x69,
  0x31,0x30,0x30,0x38,0x32,0x9,0x61,0x66,0x69,0x69,0x31,0x30,0x30,0x38,0x33,0x9,
  0x61,0x66,0x69,0x69,0x31,0x30,0x30,0x38,0x34,0x9,0x61,0x66,0x69,0x69,0x31,0x30,
  0x30,0x38,0x35,0x9,0x61,0x66,0x69,0x69,0x31,0x30,0x30,0x38,0x36,0x9,0x61,0x66,
  0x69,0x69,0x31,0x30,0x30,0x38,0x37,0x9,0x61,0x66,0x69,0x69,0x31,0x30,0x30,0x38,
  0x38,0x9,0x61,0x66,0x69,0x69,0x31,0x30,0x30,0x38,0x39,0x9,0x61,0x66,0x69,0x69,
  0x31,0x30,0x30,0x39,0x30,0x9,0x61,0x66,0x69,0x69,0x31,0x30,0x30,0x39,0x31,0x9,
  0x61,0x66,0x69,0x69,0x31,0x30,0x30,0x39,0x32,0x9,0x61,0x66,0x69,0x69,0x31,0x30,
  0x30,0x39,0x33,0x9,0x61,0x66,0x69,0x69,0x31,0x30,0x30,0x39,0x34,0x9,0x61,0x66,
  0x69,0x69,0x31,0x30,0x30,0x39,0x35,0x9,0x61,0x66,0x69,0x69,0x31,0x30,0x30,0x39,
  0x36,0x9,0x61,0x66,0x69,0x69,0x31,0x30,0x30,0x39,0x37,0x7,0x75,0x6e,0x69,0x30,
  0x34,0x35,0x30,0x9,0x61,0x66,0x69,0x69,0x31,0x30,0x30,0x37,0x31,0x9,0x61,0x66,
  0x69,0x69,0x31,0x30,0x30,0x39,0x39,0x9,0x61,0x66,0x69,0x69,0x31,0x30,0x31,0x30,
  0x30,0x9,0x61,0x66,0x69,0x69,0x31,0x30,0x31,0x30,0x31,0x9,0x61,0x66,0x69,0x69,
  0x31,0x30,0x31,0x30,0x32,0x9,0x61,0x66,0x69,0x69,0x31,0x30,0x31,0x30,0x33,0x9,
  0x61,0x66,0x69,0x69,0x31,0x30,0x31,0x30,0x34,0x9,0x61,0x66,0x69,0x69,0x31,0x30,
  0x31,0x30,0x35,0x9,0x61,0x66,0x69,0x69,0x31,0x30,0x31,0x30,0x36,0x9,0x61,0x66,
  0x69,0x69,0x31,0x30,0x31,0x30,0x37,0x9,0x61,0x66,0x69,0x69,0x31,0x30,0x31,0x30,
  0x38,0x9,0x61,0x66,0x69,0x69,0x31,0x30,0x31,0x30,0x39,0x7,0x75,0x6e,0x69,0x30,
  0x34,0x35,0x44,0x9,0x61,0x66,0x69,0x69,0x31,0x30,0x31,0x31,0x30,0x9,0x61,0x66,
  0x69,0x69,0x31,0x30,0x31,0x39,0x33,0x9,0x61,0x66,0x69,0x69,0x31,0x30,0x30,0x35,
  0x30,0x9,0x61,0x66,0x69,0x69,0x31,0x30,0x30,0x39,0x38,0x7,0x75,0x6e,0x69,0x30,
  0x34,0x42,0x30,0x7,0x75,0x6e,0x69,0x30,0x34,0x42,0x31,0xc,0x66,0x6f,0x75,0x72,
  0x73,0x75,0x70,0x65,0x72,0x69,0x6f,0x72,0x4,0x45,0x75,0x72,0x6f,0x9,0x61,0x66,
  0x69,0x69,0x36,0x31,0x33,0x35,0x32,0x4,0x6e,0x75,0x6c,0x6c,0x5,0x47,0x61,0x6d,
  0x6d,0x61,0x2,0x50,0x69,0x3,0x50,0x68,0x69,0x7,0x75,0x6e,0x69,0x46,0x42,0x30,
  0x31,0x7,0x75,0x6e,0x69,0x46,0x42,0x30,0x32,0xd,0x63,0x79,0x72,0x69,0x6c,0x6c,
  0x69,0x63,0x62,0x72,0x65,0x76,0x65,0x7,0x75,0x6e,0x69,0x46,0x42,0x30,0x33,0x7,
  0x75,0x6e,0x69,0x46,0x42,0x30,0x34,0x2,0x66,0x66,0x0,0x0,0x1,0x0,0x2,0x0,
  0x8,0x0,0xa,0xff,0xff,0x0,0xf,0x0,0x1,0x0,0x0,0x0,0xe,0x0,0x0,0x0,
  0x18,0x0,0x0,0x0,0x0,0x0,0x2,0x0,0x1,0x0,0x0,0x1,0x45,0x0,0x1,0x0,
  0x4,0x0,0x0,0x0,0x2,0x0,0x0,0x0,0x1,0x0,0x0,0x0,0xa,0x0,0x3e,0x0,
  0x4c,0x0,0x3,0x44,0x46,0x4c,0x54,0x0,0x14,0x63,0x79,0x72,0x6c,0x0,0x1e,0x6c,
  0x61,0x74,0x6e,0x0,0x28,0x0,0x4,0x0,0x0,0x0,0x0,0xff,0xff,0x0,0x0,0x0,
  0x4,0x0,0x0,0x0,0x0,0xff,0xff,0x0,0x0,0x0,0x4,0x0,0x0,0x0,0x0,0xff,
  0xff,0x0,0x1,0x0,0x0,0x0,0x1,0x6c,0x69,0x67,0x61,0x0,0x8,0x0,0x0,0x0,
  0x1,0x0,0x0,0x0,0x1,0x0,0x4,0x0,0x4,0x0,0x0,0x0,0x1,0x0,0x8,0x0,
  0x1,0x0,0x36,0x0,0x1,0x0,0x8,0x0,0x5,0x0,0xc,0x0,0x14,0x0,0x1c,0x0,
  0x22,0x0,0x28,0x1,0x44,0x0,0x3,0x0,0x49,0x0,0x4f,0x1,0x43,0x0,0x3,0x0,
  0x49,0x0,0x4c,0x1,0x45,0x0,0x2,0x0,0x49,0x1,0x41,0x0,0x2,0x0,0x4f,0x1,
  0x40,0x0,0x2,0x0,0x4c,0x0,0x1,0x0,0x1,0x0,0x49,0x0,0x1,0x0,0x0,0x0,
  0xa,0x0,0x42,0x0,0x50,0x0,0x3,0x44,0x46,0x4c,0x54,0x0,0x14,0x63,0x79,0x72,
  0x6c,0x0,0x20,0x6c,0x61,0x74,0x6e,0x0,0x2c,0x0,0x4,0x0,0x0,0x0,0x0,0xff,
  0xff,0x0,0x1,0x0,0x0,0x0,0x4,0x0,0x0,0x0,0x0,0xff,0xff,0x0,0x1,0x0,
  0x0,0x0,0x4,0x0,0x0,0x0,0x0,0xff,0xff,0x0,0x1,0x0,0x0,0x0,0x1,0x6b,
  0x65,0x72,0x6e,0x0,0x8,0x0,0x0,0x0,0x1,0x0,0x0,0x0,0x1,0x0,0x4,0x0,
  0x2,0x0,0x0,0x0,0x1,0x0,0x8,0x0,0x1,0xa,0xc4,0x0,0x4,0x0,0x0,0x0,
  0x60,0x0,0xca,0x0,0xca,0x1,0xcc,0x1,0xd2,0x2,0x60,0x1,0xd2,0x2,0x7e,0x2,
  0xd8,0x3,0x26,0x2,0xd8,0x3,0x58,0x3,0x5e,0x3,0x26,0x3,0x90,0x2,0xd8,0x3,
  0xfa,0x2,0xd8,0x4,0x30,0x5,0x4a,0x5,0x78,0x5,0x78,0x3,0x26,0x6,0x6a,0x7,
  0x60,0x1,0xcc,0x7,0x92,0x7,0xa4,0x7,0xce,0x7,0xa4,0x7,0xe0,0x7,0x92,0x7,
  0xf2,0x7,0x92,0x7,0x92,0x7,0xa4,0x7,0xa4,0x8,0x3c,0x7,0xce,0x8,0xb6,0x8,
  0xb6,0x7,0xf2,0x8,0xb6,0x1,0xcc,0x2,0x7e,0x2,0x7e,0x2,0x7e,0x2,0x7e,0x2,
  0x7e,0x2,0x7e,0x3,0x58,0x3,0x26,0x3,0x58,0x3,0x58,0x3,0x58,0x3,0x58,0x2,
  0xd8,0x2,0xd8,0x2,0xd8,0x2,0xd8,0x2,0xd8,0x2,0xd8,0x2,0xd8,0x5,0x4a,0x5,
  0x4a,0x5,0x4a,0x5,0x4a,0x6,0x6a,0x3,0xfa,0x7,0x92,0x7,0x92,0x7,0x92,0x7,
  0x92,0x7,0x92,0x7,0x92,0x7,0xa4,0x7,0xa4,0x7,0xa4,0x7,0xa4,0x7,0xa4,0x7,
  0xa4,0x7,0xa4,0x7,0xa4,0x8,0xdc,0x7,0xa4,0x8,0xb6,0x7,0xa4,0x8,0xb6,0x3,
  0x58,0x8,0xee,0x9,0x38,0xa,0x26,0x8,0xee,0x8,0xee,0x8,0xee,0xa,0x3c,0xa,
  0x56,0x0,0x40,0x0,0x24,0xff,0x71,0x0,0x37,0x0,0x29,0x0,0x39,0x0,0x29,0x0,
  0x3a,0x0,0x29,0x0,0x3c,0x0,0x14,0x0,0x44,0xff,0xae,0x0,0x46,0xff,0x85,0x0,
  0x47,0xff,0x85,0x0,0x48,0xff,0x85,0x0,0x4a,0xff,0xc3,0x0,0x50,0xff,0xc3,0x0,
  0x51,0xff,0xc3,0x0,0x52,0xff,0x85,0x0,0x53,0xff,0xc3,0x0,0x54,0xff,0x85,0x0,
  0x55,0xff,0xc3,0x0,0x56,0xff,0xc3,0x0,0x58,0xff,0xc3,0x0,0x82,0xff,0x71,0x0,
  0x83,0xff,0x71,0x0,0x84,0xff,0x71,0x0,0x85,0xff,0x71,0x0,0x86,0xff,0x71,0x0,
  0x87,0xff,0x71,0x0,0x9f,0x0,0x14,0x0,0xa2,0xff,0x85,0x0,0xa3,0xff,0xae,0x0,
  0xa4,0xff,0xae,0x0,0xa5,0xff,0xae,0x0,0xa6,0xff,0xae,0x0,0xa7,0xff,0xae,0x0,
  0xa8,0xff,0xae,0x0,0xa9,0xff,0x85,0x0,0xaa,0xff,0x85,0x0,0xab,0xff,0x85,0x0,
  0xac,0xff,0x85,0x0,0xad,0xff,0x85,0x0,0xb4,0xff,0x85,0x0,0xb5,0xff,0x85,0x0,
  0xb6,0xff,0x85,0x0,0xb7,0xff,0x85,0x0,0xb8,0xff,0x85,0x0,0xba,0xff,0x85,0x0,
  0xbb,0xff,0xc3,0x0,0xbc,0xff,0xc3,0x0,0xbd,0xff,0xc3,0x0,0xbe,0xff,0xc3,0x0,
  0xc4,0xff,0x85,0x0,0xd1,0xff,0x85,0x0,0xd8,0xff,0x71,0x0,0xdc,0xff,0x85,0x0,
  0xe3,0xff,0x85,0x0,0xf8,0xff,0xd7,0x0,0xfc,0xff,0x71,0x0,0xfd,0xff,0x85,0x1,
  0x3,0xff,0x71,0x1,0x6,0xff,0x85,0x1,0x9,0xff,0x85,0x1,0xc,0xff,0x85,0x1,
  0x18,0xff,0x85,0x1,0x19,0xff,0x85,0x1,0x1c,0xff,0x85,0x1,0x1d,0xff,0xc3,0x1,
  0x21,0xff,0x71,0x0,0x1,0x0,0x2d,0x0,0xb8,0x0,0x23,0x0,0x26,0xff,0x9a,0x0,
  0x2a,0xff,0x9a,0x0,0x32,0xff,0x9a,0x0,0x34,0xff,0x9a,0x0,0x37,0xff,0x71,0x0,
  0x38,0xff,0xd7,0x0,0x39,0xff,0x85,0x0,0x3a,0xff,0x85,0x0,0x3c,0xff,0x85,0x0,
  0x89,0xff,0x9a,0x0,0x94,0xff,0x9a,0x0,0x95,0xff,0x9a,0x0,0x96,0xff,0x9a,0x0,
  0x97,0xff,0x9a,0x0,0x98,0xff,0x9a,0x0,0x9a,0xff,0x9a,0x0,0x9b,0xff,0xd7,0x0,
  0x9c,0xff,0xd7,0x0,0x9d,0xff,0xd7,0x0,0x9e,0xff,0xd7,0x0,0x9f,0xff,0x85,0x0,
  0xc3,0xff,0x9a,0x0,0xca,0xff,0x71,0x0,0xcc,0xff,0x9a,0x0,0xd3,0xff,0x71,0x0,
  0xe6,0xff,0x9a,0x0,0xe9,0xff,0x9a,0x0,0xea,0xff,0x71,0x0,0xec,0xff,0xae,0x0,
  0xef,0xff,0x5c,0x0,0xf2,0xff,0x71,0x1,0xa,0xff,0x9a,0x1,0xf,0xff,0x85,0x1,
  0x12,0xff,0x9a,0x1,0x2a,0xff,0x85,0x0,0x7,0x0,0x37,0xff,0xae,0x0,0xca,0xff,
  0xae,0x0,0xd3,0xff,0xae,0x0,0xea,0xff,0xae,0x0,0xf2,0xff,0xae,0x1,0xa,0xff,
  0xd7,0x1,0x12,0xff,0xd7,0x0,0x16,0x0,0x5,0xff,0x71,0x0,0xa,0xff,0x71,0x0,
  0x26,0xff,0xd7,0x0,0x2a,0xff,0xd7,0x0,0x2d,0x1,0xa,0x0,0x32,0xff,0xd7,0x0,
  0x34,0xff,0xd7,0x0,0x37,0xff,0x71,0x0,0x39,0xff,0xae,0x0,0x3a,0xff,0xae,0x0,
  0x3c,0xff,0x85,0x0,0x89,0xff,0xd7,0x0,0x94,0xff,0xd7,0x0,0x95,0xff,0xd7,0x0,
  0x96,0xff,0xd7,0x0,0x97,0xff,0xd7,0x0,0x98,0xff,0xd7,0x0,0x9a,0xff,0xd7,0x0,
  0x9f,0xff,0x85,0x0,0xc3,0xff,0xd7,0x1,0x2f,0xff,0x71,0x1,0x32,0xff,0x71,0x0,
  0x13,0x0,0xf,0xff,0xae,0x0,0x11,0xff,0xae,0x0,0x24,0xff,0xd7,0x0,0x37,0xff,
  0xc3,0x0,0x39,0xff,0xec,0x0,0x3a,0xff,0xec,0x0,0x3b,0xff,0xd7,0x0,0x3c,0xff,
  0xec,0x0,0x3d,0xff,0xec,0x0,0x82,0xff,0xd7,0x0,0x83,0xff,0xd7,0x0,0x84,0xff,
  0xd7,0x0,0x85,0xff,0xd7,0x0,0x86,0xff,0xd7,0x0,0x87,0xff,0xd7,0x0,0x9f,0xff,
  0xec,0x0,0xcd,0xff,0xec,0x1,0x30,0xff,0xae,0x1,0x33,0xff,0xae,0x0,0xc,0x0,
  0x26,0xff,0xd7,0x0,0x2a,0xff,0xd7,0x0,0x32,0xff,0xd7,0x0,0x34,0xff,0xd7,0x0,
  0x89,0xff,0xd7,0x0,0x94,0xff,0xd7,0x0,0x95,0xff,0xd7,0x0,0x96,0xff,0xd7,0x0,
  0x97,0xff,0xd7,0x0,0x98,0xff,0xd7,0x0,0x9a,0xff,0xd7,0x0,0xc3,0xff,0xd7,0x0,
  0x1,0x0,0x2d,0x0,0x7b,0x0,0xc,0x0,0xf,0xff,0x85,0x0,0x11,0xff,0x85,0x0,
  0x22,0x0,0x29,0x0,0x24,0xff,0xd7,0x0,0x82,0xff,0xd7,0x0,0x83,0xff,0xd7,0x0,
  0x84,0xff,0xd7,0x0,0x85,0xff,0xd7,0x0,0x86,0xff,0xd7,0x0,0x87,0xff,0xd7,0x1,
  0x30,0xff,0x85,0x1,0x33,0xff,0x85,0x0,0x1a,0x0,0x5,0xff,0x5c,0x0,0xa,0xff,
  0x5c,0x0,0x26,0xff,0xd7,0x0,0x2a,0xff,0xd7,0x0,0x32,0xff,0xd7,0x0,0x34,0xff,
  0xd7,0x0,0x37,0xff,0xd7,0x0,0x38,0xff,0xec,0x0,0x39,0xff,0xd7,0x0,0x3a,0xff,
  0xd7,0x0,0x3c,0xff,0xc3,0x0,0x89,0xff,0xd7,0x0,0x94,0xff,0xd7,0x0,0x95,0xff,
  0xd7,0x0,0x96,0xff,0xd7,0x0,0x97,0xff,0xd7,0x0,0x98,0xff,0xd7,0x0,0x9a,0xff,
  0xd7,0x0,0x9b,0xff,0xec,0x0,0x9c,0xff,0xec,0x0,0x9d,0xff,0xec,0x0,0x9e,0xff,
  0xec,0x0,0x9f,0xff,0xc3,0x0,0xc3,0xff,0xd7,0x1,0x2f,0xff,0x5c,0x1,0x32,0xff,
  0x5c,0x0,0xd,0x0,0xf,0xfe,0xf6,0x0,0x11,0xfe,0xf6,0x0,0x24,0xff,0x9a,0x0,
  0x3b,0xff,0xd7,0x0,0x3d,0xff,0xec,0x0,0x82,0xff,0x9a,0x0,0x83,0xff,0x9a,0x0,
  0x84,0xff,0x9a,0x0,0x85,0xff,0x9a,0x0,0x86,0xff,0x9a,0x0,0x87,0xff,0x9a,0x1,
  0x30,0xfe,0xf6,0x1,0x33,0xfe,0xf6,0x0,0x46,0x0,0xf,0xff,0x85,0x0,0x10,0xff,
  0xae,0x0,0x11,0xff,0x85,0x0,0x22,0x0,0x29,0x0,0x24,0xff,0x71,0x0,0x26,0xff,
  0xd7,0x0,0x2a,0xff,0xd7,0x0,0x32,0xff,0xd7,0x0,0x34,0xff,0xd7,0x0,0x37,0x0,
  0x29,0x0,0x44,0xff,0x5c,0x0,0x46,0xff,0x71,0x0,0x47,0xff,0x71,0x0,0x48,0xff,
  0x71,0x0,0x4a,0xff,0x71,0x0,0x50,0xff,0x9a,0x0,0x51,0xff,0x9a,0x0,0x52,0xff,
  0x71,0x0,0x53,0xff,0x9a,0x0,0x54,0xff,0x71,0x0,0x55,0xff,0x9a,0x0,0x56,0xff,
  0x85,0x0,0x58,0xff,0x9a,0x0,0x59,0xff,0xd7,0x0,0x5a,0xff,0xd7,0x0,0x5b,0xff,
  0xd7,0x0,0x5c,0xff,0xd7,0x0,0x5d,0xff,0xae,0x0,0x82,0xff,0x71,0x0,0x83,0xff,
  0x71,0x0,0x84,0xff,0x71,0x0,0x85,0xff,0x71,0x0,0x86,0xff,0x71,0x0,0x87,0xff,
  0x71,0x0,0x89,0xff,0xd7,0x0,0x94,0xff,0xd7,0x0,0x95,0xff,0xd7,0x0,0x96,0xff,
  0xd7,0x0,0x97,0xff,0xd7,0x0,0x98,0xff,0xd7,0x0,0x9a,0xff,0xd7,0x0,0xa2,0xff,
  0x71,0x0,0xa3,0xff,0x5c,0x0,0xa4,0xff,0x5c,0x0,0xa5,0xff,0x5c,0x0,0xa6,0xff,
  0x5c,0x0,0xa7,0xff,0x5c,0x0,0xa8,0xff,0x5c,0x0,0xa9,0xff,0x71,0x0,0xaa,0xff,
  0x71,0x0,0xab,0xff,0x71,0x0,0xac,0xff,0x71,0x0,0xad,0xff,0x71,0x0,0xb4,0xff,
  0x71,0x0,0xb5,0xff,0x71,0x0,0xb6,0xff,0x71,0x0,0xb7,0xff,0x71,0x0,0xb8,0xff,
  0x71,0x0,0xba,0xff,0x71,0x0,0xbb,0xff,0x9a,0x0,0xbc,0xff,0x9a,0x0,0xbd,0xff,
  0x9a,0x0,0xbe,0xff,0x9a,0x0,0xbf,0xff,0xd7,0x0,0xc3,0xff,0xd7,0x0,0xc4,0xff,
  0x71,0x1,0x2c,0xff,0xae,0x1,0x2d,0xff,0xae,0x1,0x30,0xff,0x85,0x1,0x33,0xff,
  0x85,0x0,0xb,0x0,0xf,0xff,0xd7,0x0,0x11,0xff,0xd7,0x0,0x24,0xff,0xec,0x0,
  0x82,0xff,0xec,0x0,0x83,0xff,0xec,0x0,0x84,0xff,0xec,0x0,0x85,0xff,0xec,0x0,
  0x86,0xff,0xec,0x0,0x87,0xff,0xec,0x1,0x30,0xff,0xd7,0x1,0x33,0xff,0xd7,0x0,
  0x3c,0x0,0xf,0xff,0x9a,0x0,0x11,0xff,0x9a,0x0,0x22,0x0,0x29,0x0,0x24,0xff,
  0xae,0x0,0x26,0xff,0xec,0x0,0x2a,0xff,0xec,0x0,0x32,0xff,0xec,0x0,0x34,0xff,
  0xec,0x0,0x44,0xff,0xd7,0x0,0x46,0xff,0xd7,0x0,0x47,0xff,0xd7,0x0,0x48,0xff,
  0xd7,0x0,0x4a,0xff,0xec,0x0,0x50,0xff,0xec,0x0,0x51,0xff,0xec,0x0,0x52,0xff,
  0xd7,0x0,0x53,0xff,0xec,0x0,0x54,0xff,0xd7,0x0,0x55,0xff,0xec,0x0,0x56,0xff,
  0xec,0x0,0x58,0xff,0xec,0x0,0x82,0xff,0xae,0x0,0x83,0xff,0xae,0x0,0x84,0xff,
  0xae,0x0,0x85,0xff,0xae,0x0,0x86,0xff,0xae,0x0,0x87,0xff,0xae,0x0,0x89,0xff,
  0xec,0x0,0x94,0xff,0xec,0x0,0x95,0xff,0xec,0x0,0x96,0xff,0xec,0x0,0x97,0xff,
  0xec,0x0,0x98,0xff,0xec,0x0,0x9a,0xff,0xec,0x0,0xa2,0xff,0xd7,0x0,0xa3,0xff,
  0xd7,0x0,0xa4,0xff,0xd7,0x0,0xa5,0xff,0xd7,0x0,0xa6,0xff,0xd7,0x0,0xa7,0xff,
  0xd7,0x0,0xa8,0xff,0xd7,0x0,0xa9,0xff,0xd7,0x0,0xaa,0xff,0xd7,0x0,0xab,0xff,
  0xd7,0x0,0xac,0xff,0xd7,0x0,0xad,0xff,0xd7,0x0,0xb4,0xff,0xd7,0x0,0xb5,0xff,
  0xd7,0x0,0xb6,0xff,0xd7,0x0,0xb7,0xff,0xd7,0x0,0xb8,0xff,0xd7,0x0,0xba,0xff,
  0xd7,0x0,0xbb,0xff,0xec,0x0,0xbc,0xff,0xec,0x0,0xbd,0xff,0xec,0x0,0xbe,0xff,
  0xec,0x0,0xc3,0xff,0xec,0x0,0xc4,0xff,0xd7,0x1,0x30,0xff,0x9a,0x1,0x33,0xff,
  0x9a,0x0,0x3d,0x0,0xf,0xff,0x85,0x0,0x11,0xff,0x85,0x0,0x22,0x0,0x29,0x0,
  0x24,0xff,0x85,0x0,0x26,0xff,0xd7,0x0,0x2a,0xff,0xd7,0x0,0x32,0xff,0xd7,0x0,
  0x34,0xff,0xd7,0x0,0x44,0xff,0x9a,0x0,0x46,0xff,0x9a,0x0,0x47,0xff,0x9a,0x0,
  0x48,0xff,0x9a,0x0,0x4a,0xff,0xd7,0x0,0x50,0xff,0xc3,0x0,0x51,0xff,0xc3,0x0,
  0x52,0xff,0x9a,0x0,0x53,0xff,0xc3,0x0,0x54,0xff,0x9a,0x0,0x55,0xff,0xc3,0x0,
  0x56,0xff,0xae,0x0,0x58,0xff,0xc3,0x0,0x5d,0xff,0xd7,0x0,0x82,0xff,0x85,0x0,
  0x83,0xff,0x85,0x0,0x84,0xff,0x85,0x0,0x85,0xff,0x85,0x0,0x86,0xff,0x85,0x0,
  0x87,0xff,0x85,0x0,0x89,0xff,0xd7,0x0,0x94,0xff,0xd7,0x0,0x95,0xff,0xd7,0x0,
  0x96,0xff,0xd7,0x0,0x97,0xff,0xd7,0x0,0x98,0xff,0xd7,0x0,0x9a,0xff,0xd7,0x0,
  0xa2,0xff,0x9a,0x0,0xa3,0xff,0x9a,0x0,0xa4,0xff,0x9a,0x0,0xa5,0xff,0x9a,0x0,
  0xa6,0xff,0x9a,0x0,0xa7,0xff,0x9a,0x0,0xa8,0xff,0x9a,0x0,0xa9,0xff,0x9a,0x0,
  0xaa,0xff,0x9a,0x0,0xab,0xff,0x9a,0x0,0xac,0xff,0x9a,0x0,0xad,0xff,0x9a,0x0,
  0xb4,0xff,0x9a,0x0,0xb5,0xff,0x9a,0x0,0xb6,0xff,0x9a,0x0,0xb7,0xff,0x9a,0x0,
  0xb8,0xff,0x9a,0x0,0xba,0xff,0x9a,0x0,0xbb,0xff,0xc3,0x0,0xbc,0xff,0xc3,0x0,
  0xbd,0xff,0xc3,0x0,0xbe,0xff,0xc3,0x0,0xc3,0xff,0xd7,0x0,0xc4,0xff,0x9a,0x1,
  0x30,0xff,0x85,0x1,0x33,0xff,0x85,0x0,0xc,0x0,0x26,0xff,0xec,0x0,0x2a,0xff,
  0xec,0x0,0x32,0xff,0xec,0x0,0x34,0xff,0xec,0x0,0x89,0xff,0xec,0x0,0x94,0xff,
  0xec,0x0,0x95,0xff,0xec,0x0,0x96,0xff,0xec,0x0,0x97,0xff,0xec,0x0,0x98,0xff,
  0xec,0x0,0x9a,0xff,0xec,0x0,0xc3,0xff,0xec,0x0,0x4,0x0,0x5,0xff,0xec,0x0,
  0xa,0xff,0xec,0x1,0x2f,0xff,0xec,0x1,0x32,0xff,0xec,0x0,0xa,0x0,0x5,0xff,
  0xec,0x0,0xa,0xff,0xec,0x0,0x59,0xff,0xd7,0x0,0x5a,0xff,0xd7,0x0,0x5b,0xff,
  0xd7,0x0,0x5c,0xff,0xd7,0x0,0x5d,0xff,0xec,0x0,0xbf,0xff,0xd7,0x1,0x2f,0xff,
  0xec,0x1,0x32,0xff,0xec,0x0,0x4,0x0,0x5,0x0,0x29,0x0,0xa,0x0,0x29,0x1,
  0x2f,0x0,0x29,0x1,0x32,0x0,0x29,0x0,0x4,0x0,0x5,0x0,0x7b,0x0,0xa,0x0,
  0x7b,0x1,0x2f,0x0,0x7b,0x1,0x32,0x0,0x7b,0x0,0x12,0x0,0x46,0xff,0xd7,0x0,
  0x47,0xff,0xd7,0x0,0x48,0xff,0xd7,0x0,0x52,0xff,0xd7,0x0,0x54,0xff,0xd7,0x0,
  0xa2,0xff,0xd7,0x0,0xa9,0xff,0xd7,0x0,0xaa,0xff,0xd7,0x0,0xab,0xff,0xd7,0x0,
  0xac,0xff,0xd7,0x0,0xad,0xff,0xd7,0x0,0xb4,0xff,0xd7,0x0,0xb5,0xff,0xd7,0x0,
  0xb6,0xff,0xd7,0x0,0xb7,0xff,0xd7,0x0,0xb8,0xff,0xd7,0x0,0xba,0xff,0xd7,0x0,
  0xc4,0xff,0xd7,0x0,0x1e,0x0,0x5,0x0,0x52,0x0,0xa,0x0,0x52,0x0,0x44,0xff,
  0xd7,0x0,0x46,0xff,0xd7,0x0,0x47,0xff,0xd7,0x0,0x48,0xff,0xd7,0x0,0x4a,0xff,
  0xec,0x0,0x52,0xff,0xd7,0x0,0x54,0xff,0xd7,0x0,0xa2,0xff,0xd7,0x0,0xa3,0xff,
  0xd7,0x0,0xa4,0xff,0xd7,0x0,0xa5,0xff,0xd7,0x0,0xa6,0xff,0xd7,0x0,0xa7,0xff,
  0xd7,0x0,0xa8,0xff,0xd7,0x0,0xa9,0xff,0xd7,0x0,0xaa,0xff,0xd7,0x0,0xab,0xff,
  0xd7,0x0,0xac,0xff,0xd7,0x0,0xad,0xff,0xd7,0x0,0xb4,0xff,0xd7,0x0,0xb5,0xff,
  0xd7,0x0,0xb6,0xff,0xd7,0x0,0xb7,0xff,0xd7,0x0,0xb8,0xff,0xd7,0x0,0xba,0xff,
  0xd7,0x0,0xc4,0xff,0xd7,0x1,0x2f,0x0,0x52,0x1,0x32,0x0,0x52,0x0,0x9,0x0,
  0x5,0x0,0x52,0x0,0xa,0x0,0x52,0x0,0xf,0xff,0xae,0x0,0x11,0xff,0xae,0x0,
  0x22,0x0,0x29,0x1,0x2f,0x0,0x52,0x1,0x30,0xff,0xae,0x1,0x32,0x0,0x52,0x1,
  0x33,0xff,0xae,0x0,0x4,0x0,0x5,0xff,0xd7,0x0,0xa,0xff,0xd7,0x1,0x2f,0xff,
  0xd7,0x1,0x32,0xff,0xd7,0x0,0x12,0x0,0x5,0xff,0xae,0x0,0xa,0xff,0xae,0x0,
  0xca,0xff,0x85,0x0,0xd3,0xff,0x85,0x0,0xd6,0xff,0xd7,0x0,0xea,0xff,0x9a,0x0,
  0xeb,0xff,0xd7,0x0,0xef,0xff,0x9a,0x0,0xf2,0xff,0x85,0x1,0xa,0xff,0xd7,0x1,
  0xb,0xff,0xd7,0x1,0xf,0xff,0xd7,0x1,0x12,0xff,0xd7,0x1,0x26,0xff,0xd7,0x1,
  0x2a,0xff,0x9a,0x1,0x2b,0xff,0xd7,0x1,0x2f,0xff,0xae,0x1,0x32,0xff,0xae,0x0,
  0x3b,0x0,0xf,0xff,0x85,0x0,0x10,0xff,0xae,0x0,0x11,0xff,0x85,0x0,0xcc,0xff,
  0xd7,0x0,0xd1,0xff,0x9a,0x0,0xd8,0xff,0x71,0x0,0xdc,0xff,0x9a,0x0,0xe3,0xff,
  0x9a,0x0,0xe6,0xff,0xd7,0x0,0xe9,0xff,0xd7,0x0,0xea,0x0,0x29,0x0,0xec,0xff,
  0xae,0x0,0xfa,0xff,0x9a,0x0,0xfb,0xff,0x9a,0x0,0xfc,0xff,0x85,0x0,0xfd,0xff,
  0x71,0x0,0xfe,0xff,0xd7,0x0,0xff,0xff,0xd7,0x1,0x0,0xff,0x9a,0x1,0x1,0xff,
  0x9a,0x1,0x2,0xff,0x9a,0x1,0x3,0xff,0x85,0x1,0x4,0xff,0x9a,0x1,0x5,0xff,
  0x9a,0x1,0x6,0xff,0x71,0x1,0x7,0xff,0x9a,0x1,0x8,0xff,0x9a,0x1,0x9,0xff,
  0x71,0x1,0xa,0xff,0xae,0x1,0xb,0xff,0xae,0x1,0xc,0xff,0x71,0x1,0xd,0xff,
  0xd7,0x1,0xe,0xff,0x9a,0x1,0xf,0xff,0x9a,0x1,0x10,0xff,0x9a,0x1,0x11,0xff,
  0x9a,0x1,0x12,0xff,0xae,0x1,0x13,0xff,0x9a,0x1,0x14,0xff,0x9a,0x1,0x15,0xff,
  0xd7,0x1,0x16,0xff,0x9a,0x1,0x17,0xff,0xc3,0x1,0x18,0xff,0x71,0x1,0x19,0xff,
  0x71,0x1,0x1b,0xff,0x9a,0x1,0x1c,0xff,0x71,0x1,0x1d,0xff,0x85,0x1,0x21,0xff,
  0x85,0x1,0x22,0xff,0x9a,0x1,0x24,0xff,0x9a,0x1,0x25,0xff,0x9a,0x1,0x26,0xff,
  0xae,0x1,0x27,0xff,0x9a,0x1,0x29,0xff,0x9a,0x1,0x2b,0xff,0xae,0x1,0x2c,0xff,
  0xae,0x1,0x2d,0xff,0xae,0x1,0x30,0xff,0x85,0x1,0x33,0xff,0x85,0x0,0x5,0x0,
  0xcc,0xff,0xd7,0x0,0xe6,0xff,0xd7,0x0,0xe9,0xff,0xd7,0x0,0xec,0xff,0xd7,0x1,
  0xf,0xff,0xd7,0x0,0x6,0x0,0xcc,0xff,0xd7,0x0,0xe6,0xff,0xd7,0x0,0xe9,0xff,
  0xd7,0x0,0xec,0xff,0xd7,0x0,0xef,0xff,0xd7,0x1,0xf,0xff,0xd7,0x0,0x1b,0x0,
  0xf,0xff,0x85,0x0,0x11,0xff,0x85,0x0,0xcc,0xff,0xec,0x0,0xd1,0xff,0x9a,0x0,
  0xd8,0xff,0x71,0x0,0xdc,0xff,0x9a,0x0,0xe3,0xff,0x9a,0x0,0xe6,0xff,0xec,0x0,
  0xe9,0xff,0xec,0x0,0xec,0xff,0xc3,0x0,0xf7,0xff,0xec,0x0,0xfc,0xff,0xae,0x0,
  0xfd,0xff,0xd7,0x1,0x3,0xff,0xae,0x1,0x6,0xff,0xd7,0x1,0x9,0xff,0xd7,0x1,
  0xc,0xff,0xd7,0x1,0xf,0xff,0xd7,0x1,0x18,0xff,0xd7,0x1,0x19,0xff,0xd7,0x1,
  0x1a,0x0,0x66,0x1,0x1c,0xff,0xd7,0x1,0x1d,0xff,0xec,0x1,0x21,0xff,0xae,0x1,
  0x23,0x0,0x66,0x1,0x30,0xff,0x85,0x1,0x33,0xff,0x85,0x0,0x2,0x0,0x1f,0x0,
  0x5,0x0,0x5,0x0,0x0,0x0,0xa,0x0,0xb,0x0,0x1,0x0,0xf,0x0,0x11,0x0,
  0x3,0x0,0x24,0x0,0x29,0x0,0x6,0x0,0x2e,0x0,0x2f,0x0,0xc,0x0,0x32,0x0,
  0x34,0x0,0xe,0x0,0x37,0x0,0x3e,0x0,0x11,0x0,0x44,0x0,0x46,0x0,0x19,0x0,
  0x48,0x0,0x49,0x0,0x1c,0x0,0x4b,0x0,0x4b,0x0,0x1e,0x0,0x4e,0x0,0x4e,0x0,
  0x1f,0x0,0x50,0x0,0x53,0x0,0x20,0x0,0x55,0x0,0x55,0x0,0x24,0x0,0x57,0x0,
  0x57,0x0,0x25,0x0,0x59,0x0,0x5c,0x0,0x26,0x0,0x5e,0x0,0x5e,0x0,0x2a,0x0,
  0x82,0x0,0x8d,0x0,0x2b,0x0,0x92,0x0,0x92,0x0,0x37,0x0,0x94,0x0,0x98,0x0,
  0x38,0x0,0x9a,0x0,0xa0,0x0,0x3d,0x0,0xa2,0x0,0xa7,0x0,0x44,0x0,0xaa,0x0,
  0xad,0x0,0x4a,0x0,0xb2,0x0,0xb2,0x0,0x4e,0x0,0xb4,0x0,0xb6,0x0,0x4f,0x0,
  0xb8,0x0,0xb8,0x0,0x52,0x0,0xba,0x0,0xba,0x0,0x53,0x0,0xbf,0x0,0xc1,0x0,
  0x54,0x0,0xc3,0x0,0xc3,0x0,0x57,0x0,0xca,0x0,0xcc,0x0,0x58,0x0,0xd1,0x0,
  0xd4,0x0,0x5b,0x0,0xd6,0x0,0xd6,0x0,0x5f,0x0,0x0,0x0,0x0,0x0,0x1,0x0,
  0x0,0x0,0x0,0xcc,0x3d,0xa2,0xcf,0x0,0x0,0x0,0x0,0xc9,0x4c,0xea,0x7d,0x0,
  0x0,0x0,0x0,0xc9,0xe8,0x4c,0x78,
  
};

static const unsigned char qt_resource_name[] = {
  // fonts
  0x0,0x5,
  0x0,0x6d,0x65,0xb3,
  0x0,0x66,
  0x0,0x6f,0x0,0x6e,0x0,0x74,0x0,0x73,
    // OpenSansSemibold.ttf
  0x0,0x14,
  0x0,0x19,0x5e,0x26,
  0x0,0x4f,
  0x0,0x70,0x0,0x65,0x0,0x6e,0x0,0x53,0x0,0x61,0x0,0x6e,0x0,0x73,0x0,0x53,0x0,0x65,0x0,0x6d,0x0,0x69,0x0,0x62,0x0,0x6f,0x0,0x6c,0x0,0x64,0x0,0x2e,
  0x0,0x74,0x0,0x74,0x0,0x66,
  
};

static const unsigned char qt_resource_struct[] = {
  // :
  0x0,0x0,0x0,0x0,0x0,0x2,0x0,0x0,0x0,0x1,0x0,0x0,0x0,0x1,
0x0,0x0,0x0,0x0,0x0,0x0,0x0,0x0,
  // :/fonts
  0x0,0x0,0x0,0x0,0x0,0x2,0x0,0x0,0x0,0x1,0x0,0x0,0x0,0x2,
0x0,0x0,0x0,0x0,0x0,0x0,0x0,0x0,
  // :/fonts/OpenSansSemibold.ttf
  0x0,0x0,0x0,0x10,0x0,0x0,0x0,0x0,0x0,0x1,0x0,0x0,0x0,0x0,
0x0,0x0,0x1,0x9c,0x5b,0xae,0x67,0xef,

};

#ifdef QT_NAMESPACE
#  define QT_RCC_PREPEND_NAMESPACE(name) ::QT_NAMESPACE::name
#  define QT_RCC_MANGLE_NAMESPACE0(x) x
#  define QT_RCC_MANGLE_NAMESPACE1(a, b) a##_##b
#  define QT_RCC_MANGLE_NAMESPACE2(a, b) QT_RCC_MANGLE_NAMESPACE1(a,b)
#  define QT_RCC_MANGLE_NAMESPACE(name) QT_RCC_MANGLE_NAMESPACE2( \
        QT_RCC_MANGLE_NAMESPACE0(name), QT_RCC_MANGLE_NAMESPACE0(QT_NAMESPACE))
#else
#   define QT_RCC_PREPEND_NAMESPACE(name) name
#   define QT_RCC_MANGLE_NAMESPACE(name) name
#endif

#if defined(QT_INLINE_NAMESPACE)
inline namespace QT_NAMESPACE {
#elif defined(QT_NAMESPACE)
namespace QT_NAMESPACE {
#endif

bool qRegisterResourceData(int, const unsigned char *, const unsigned char *, const unsigned char *);
bool qUnregisterResourceData(int, const unsigned char *, const unsigned char *, const unsigned char *);

#ifdef QT_NAMESPACE
}
#endif

int QT_RCC_MANGLE_NAMESPACE(qInitResources_resources_HOLFJYQ6Y4)();
int QT_RCC_MANGLE_NAMESPACE(qInitResources_resources_HOLFJYQ6Y4)()
{
    int version = 3;
    QT_RCC_PREPEND_NAMESPACE(qRegisterResourceData)
        (version, qt_resource_struct, qt_resource_name, qt_resource_data);
    return 1;
}

int QT_RCC_MANGLE_NAMESPACE(qCleanupResources_resources_HOLFJYQ6Y4)();
int QT_RCC_MANGLE_NAMESPACE(qCleanupResources_resources_HOLFJYQ6Y4)()
{
    int version = 3;
    QT_RCC_PREPEND_NAMESPACE(qUnregisterResourceData)
       (version, qt_resource_struct, qt_resource_name, qt_resource_data);
    return 1;
}

#ifdef __clang__
#   pragma clang diagnostic push
#   pragma clang diagnostic ignored "-Wexit-time-destructors"
#endif

namespace {
   struct initializer {
       initializer() { QT_RCC_MANGLE_NAMESPACE(qInitResources_resources_HOLFJYQ6Y4)(); }
       ~initializer() { QT_RCC_MANGLE_NAMESPACE(qCleanupResources_resources_HOLFJYQ6Y4)(); }
   } dummy;
}

#ifdef __clang__
#   pragma clang diagnostic pop
#endif
